   1                       6.07102
   2                       7.13804
   3                       8.96325
   4                      10.99390
   5                      13.08860
   6                      15.21070
   7                      17.34710
   8                      19.49200
   9                      21.64240
  10                      23.79660
  11                      25.95340
  12                      28.11220
  13                      30.27250
  14                      32.43390
  15                      34.59630
  16                      36.75940
  17                      38.92310
  18                      41.08730
  19                      43.25190
  20                      45.41690
  21                      47.58230
  22                      49.74780
  23                      51.91370
  24                      54.07970
  25                      56.24590
  26                      58.41230
  27                      60.57870
  28                      62.74540
  29                      64.91210
  30                      67.07900
  31                      69.24590
  32                      71.41300
  33                      73.58010
  34                      75.74730
  35                      77.91460
  36                      80.08190
  37                      82.24930
  38                      84.41670
  39                      86.58420
  40                      88.75170
  41                      90.91930
  42                      93.08690
  43                      95.25450
  44                      97.42230
  45                      99.59000
  46                     101.75800
  47                     103.92600
  48                     106.09300
  49                     108.26100
  50                     110.42900
  51                     112.59700
  52                     114.76500
  53                     116.93300
  54                     119.10100
  55                     121.26900
  56                     123.43700
  57                     125.60500
  58                     127.77300
  59                     129.94100
  60                     132.10900
  61                     134.27700
  62                     136.44600
  63                     138.61400
  64                     140.78200
  65                     142.95000
  66                     145.11800
  67                     147.28700
  68                     149.45500
  69                     151.62300
  70                     153.79200
  71                     155.96000
  72                     158.12800
  73                     160.29600
  74                     162.46500
  75                     164.63300
  76                     166.80200
  77                     168.97000
  78                     171.13800
  79                     173.30700
  80                     175.47500
  81                     177.64400
  82                     179.81200
  83                     181.98100
  84                     184.14900
  85                     186.31800
  86                     188.48600
  87                     190.65500
  88                     192.82300
  89                     194.99200
  90                     197.16000
  91                     199.32900
  92                     201.49700
  93                     203.66600
  94                     205.83500
  95                     208.00300
  96                     210.17200
  97                     212.34100
  98                     214.50900
  99                     216.67800
 100                     218.84600
 101                     221.01500
 102                     223.18400
 103                     225.35300
 104                     227.52100
 105                     229.69000
 106                     231.85900
 107                     234.02800
 108                     236.19600
 109                     238.36500
 110                     240.53400
 111                     242.70300
 112                     244.87100
 113                     247.04000
 114                     249.20900
 115                     251.37800
 116                     253.54700
 117                     255.71600
 118                     257.88400
 119                     260.05300
 120                     262.22200
 121                     264.39100
 122                     266.56000
 123                     268.72900
 124                     270.89800
 125                     273.06700
 126                     275.23600
 127                     277.40500
 128                     279.57400
 129                     281.74300
 130                     283.91200
 131                     286.08100
 132                     288.25000
 133                     290.41900
 134                     292.58800
 135                     294.75700
 136                     296.92600
 137                     299.09500
 138                     301.26400
 139                     303.43300
 140                     305.60200
 141                     307.77100
 142                     309.94000
 143                     312.10900
 144                     314.27800
 145                     316.44700
 146                     318.61700
 147                     320.78600
 148                     322.95500
 149                     325.12400
 150                     327.29300
 151                     329.46200
 152                     331.63200
 153                     333.80100
 154                     335.97000
 155                     338.13900
 156                     340.30900
 157                     342.47800
 158                     344.64700
 159                     346.81600
 160                     348.98600
 161                     351.15500
 162                     353.32400
 163                     355.49300
 164                     357.66300
 165                     359.83200
 166                     362.00100
 167                     364.17100
 168                     366.34000
 169                     368.50900
 170                     370.67900
 171                     372.84800
 172                     375.01700
 173                     377.18700
 174                     379.35600
 175                     381.52600
 176                     383.69500
 177                     385.86500
 178                     388.03400
 179                     390.20300
 180                     392.37300
 181                     394.54200
 182                     396.71200
 183                     398.88100
 184                     401.05100
 185                     403.22000
 186                     405.39000
 187                     407.55900
 188                     409.72900
 189                     411.89800
 190                     414.06800
 191                     416.23700
 192                     418.40700
 193                     420.57700
 194                     422.74600
 195                     424.91600
 196                     427.08500
 197                     429.25500
 198                     431.42500
 199                     433.59400
 200                     435.76400
 201                     437.93400
 202                     440.10300
 203                     442.27300
 204                     444.44300
 205                     446.61200
 206                     448.78200
 207                     450.95200
 208                     453.12100
 209                     455.29100
 210                     457.46100
 211                     459.63000
 212                     461.80000
 213                     463.97000
 214                     466.14000
 215                     468.31000
 216                     470.47900
 217                     472.64900
 218                     474.81900
 219                     476.98900
 220                     479.15900
 221                     481.32800
 222                     483.49800
 223                     485.66800
 224                     487.83800
 225                     490.00800
 226                     492.17800
 227                     494.34800
 228                     496.51800
 229                     498.68700
 230                     500.85700
 231                     503.02700
 232                     505.19700
 233                     507.36700
 234                     509.53700
 235                     511.70700
 236                     513.87700
 237                     516.04700
 238                     518.21700
 239                     520.38700
 240                     522.55700
 241                     524.72700
 242                     526.89700
 243                     529.06700
 244                     531.23700
 245                     533.40800
 246                     535.57800
 247                     537.74800
 248                     539.91800
 249                     542.08800
 250                     544.25800
 251                     546.42800
 252                     548.59800
 253                     550.76900
 254                     552.93900
 255                     555.10900
 256                     557.27900
 257                     559.44900
 258                     561.62000
 259                     563.79000
 260                     565.96000
 261                     568.13000
 262                     570.30100
 263                     572.47100
 264                     574.64100
 265                     576.81200
 266                     578.98200
 267                     581.15200
 268                     583.32300
 269                     585.49300
 270                     587.66400
 271                     589.83400
 272                     592.00400
 273                     594.17500
 274                     596.34500
 275                     598.51600
 276                     600.68600
 277                     602.85700
 278                     605.02700
 279                     607.19800
 280                     609.36800
 281                     611.53900
 282                     613.71000
 283                     615.88000
 284                     618.05100
 285                     620.22200
 286                     622.39200
 287                     624.56300
 288                     626.73400
 289                     628.90400
 290                     631.07500
 291                     633.24600
 292                     635.41700
 293                     637.58700
 294                     639.75800
 295                     641.92900
 296                     644.10000
 297                     646.27100
 298                     648.76700
 299                     650.61300
 300                     652.78400
 301                     654.95500
 302                     657.12600
 303                     659.29700
 304                     661.46800
 305                     663.63900
 306                     665.81000
 307                     667.98100
 308                     670.15200
 309                     672.32400
 310                     674.49500
 311                     676.66600
 312                     678.83700
 313                     681.00900
 314                     683.18000
 315                     685.35100
 316                     687.52300
 317                     689.69400
 318                     691.86600
 319                     694.03700
 320                     696.20900
 321                     698.38000
 322                     700.55200
 323                     702.72300
 324                     704.89500
 325                     707.06700
 326                     709.23800
 327                     711.41000
 328                     713.58200
 329                     715.75400
 330                     717.92600
 331                     720.09800
 332                     722.27000
 333                     724.44200
 334                     726.61400
 335                     728.78600
 336                     730.95800
 337                     733.13000
 338                     735.30200
 339                     737.47500
 340                     739.64700
 341                     741.81900
 342                     743.99200
 343                     746.16400
 344                     748.33700
 345                     750.50900
 346                     752.68200
 347                     754.85400
 348                     757.02700
 349                     759.20000
 350                     761.37300
 351                     763.54500
 352                     765.71800
 353                     767.89100
 354                     770.06400
 355                     772.23700
 356                     774.41100
 357                     776.58400
 358                     778.75700
 359                     780.93000
 360                     783.10400
 361                     785.27700
 362                     787.45100
 363                     789.62400
 364                     791.79800
 365                     793.97200
 366                     796.14500
 367                     798.31900
 368                     800.49300
 369                     802.66700
 370                     804.84100
 371                     807.01500
 372                     809.18900
 373                     811.36400
 374                     813.53800
 375                     815.71300
 376                     817.88700
 377                     820.06200
 378                     822.23600
 379                     824.41100
 380                     826.58600
 381                     828.76100
 382                     830.93600
 383                     833.11100
 384                     835.28600
 385                     837.46100
 386                     839.63700
 387                     841.81200
 388                     843.98700
 389                     846.16300
 390                     848.33900
 391                     850.51500
 392                     852.69100
 393                     854.86600
 394                     857.04300
 395                     859.21900
 396                     861.39500
 397                     863.57100
 398                     865.74800
 399                     867.92500
 400                     870.10100
 401                     872.27800
 402                     874.45500
 403                     876.63200
 404                     878.80900
 405                     880.98600
 406                     883.16400
 407                     885.34100
 408                     887.51900
 409                     889.69700
 410                     891.87400
 411                     894.05200
 412                     896.23000
 413                     898.40900
 414                     900.58700
 415                     902.76500
 416                     904.94400
 417                     907.12300
 418                     909.30200
 419                     911.48100
 420                     913.66000
 421                     915.83900
 422                     918.01800
 423                     920.19800
 424                     922.37700
 425                     924.55700
 426                     926.73700
 427                     928.91700
 428                     931.09700
 429                     933.27800
 430                     935.45800
 431                     937.63900
 432                     939.82000
 433                     942.00100
 434                     944.18200
 435                     946.36300
 436                     948.54500
 437                     950.72600
 438                     952.90800
 439                     955.09000
 440                     957.27200
 441                     959.45400
 442                     961.63700
 443                     963.81900
 444                     966.00200
 445                     968.18500
 446                     970.36800
 447                     972.55100
 448                     974.73500
 449                     976.91800
 450                     979.10200
 451                     981.28600
 452                     983.47000
 453                     985.65400
 454                     987.83900
 455                     990.02400
 456                     992.20900
 457                     994.39400
 458                     996.57900
 459                     998.76500
 460                    1000.95000
 461                    1003.14000
 462                    1005.32000
 463                    1007.51000
 464                    1009.70000
 465                    1011.88000
 466                    1014.07000
 467                    1016.26000
 468                    1018.44000
 469                    1020.63000
 470                    1022.82000
 471                    1025.01000
 472                    1027.19000
 473                    1029.38000
 474                    1031.57000
 475                    1033.76000
 476                    1035.95000
 477                    1038.14000
 478                    1040.33000
 479                    1042.52000
 480                    1044.71000
 481                    1046.90000
 482                    1049.09000
 483                    1051.28000
 484                    1053.47000
 485                    1055.66000
 486                    1057.85000
 487                    1060.04000
 488                    1062.24000
 489                    1064.43000
 490                    1066.62000
 491                    1068.81000
 492                    1071.01000
 493                    1073.20000
 494                    1075.39000
 495                    1077.59000
 496                    1079.78000
 497                    1081.98000
 498                    1084.17000
 499                    1086.36000
 500                    1088.56000
 501                    1090.75000
 502                    1092.95000
 503                    1095.15000
 504                    1097.34000
 505                    1099.54000
 506                    1101.74000
 507                    1103.93000
 508                    1106.13000
 509                    1108.33000
 510                    1110.53000
 511                    1112.72000
 512                    1114.92000
 513                    1117.12000
 514                    1119.32000
 515                    1121.52000
 516                    1123.72000
 517                    1125.92000
 518                    1128.12000
 519                    1130.32000
 520                    1132.52000
 521                    1134.72000
 522                    1136.92000
 523                    1139.12000
 524                    1141.33000
 525                    1143.53000
 526                    1145.73000
 527                    1147.93000
 528                    1150.14000
 529                    1152.34000
 530                    1154.55000
 531                    1156.75000
 532                    1158.95000
 533                    1161.16000
 534                    1163.36000
 535                    1165.57000
 536                    1167.78000
 537                    1169.98000
 538                    1172.19000
 539                    1174.40000
 540                    1176.60000
 541                    1178.81000
 542                    1181.02000
 543                    1183.23000
 544                    1185.44000
 545                    1187.65000
 546                    1189.86000
 547                    1192.07000
 548                    1194.28000
 549                    1196.49000
 550                    1198.70000
 551                    1200.91000
 552                    1203.12000
 553                    1205.33000
 554                    1207.55000
 555                    1209.76000
 556                    1211.97000
 557                    1214.18000
 558                    1216.40000
 559                    1218.61000
 560                    1220.83000
 561                    1223.04000
 562                    1225.26000
 563                    1227.47000
 564                    1229.69000
 565                    1231.91000
 566                    1234.12000
 567                    1236.34000
 568                    1238.56000
 569                    1240.78000
 570                    1243.00000
 571                    1245.22000
 572                    1247.44000
 573                    1249.66000
 574                    1251.88000
 575                    1254.10000
 576                    1256.32000
 577                    1258.54000
 578                    1260.76000
 579                    1262.99000
 580                    1265.21000
 581                    1267.43000
 582                    1269.66000
 583                    1271.88000
 584                    1274.10000
 585                    1276.33000
 586                    1278.55000
 587                    1280.78000
 588                    1283.01000
 589                    1285.23000
 590                    1287.46000
 591                    1289.69000
 592                    1291.92000
 593                    1294.15000
 594                    1296.38000
 595                    1298.61000
 596                    1300.84000
 597                    1303.07000
 598                    1305.30000
 599                    1307.53000
 600                    1309.76000
 601                    1311.99000
 602                    1314.23000
 603                    1316.46000
 604                    1318.69000
 605                    1320.93000
 606                    1323.16000
 607                    1325.40000
 608                    1327.63000
 609                    1329.87000
 610                    1332.11000
 611                    1334.34000
 612                    1336.58000
 613                    1338.82000
 614                    1341.06000
 615                    1343.30000
 616                    1345.54000
 617                    1347.78000
 618                    1350.02000
 619                    1352.26000
 620                    1354.50000
 621                    1356.74000
 622                    1358.99000
 623                    1361.23000
 624                    1363.47000
 625                    1365.72000
 626                    1367.96000
 627                    1370.21000
 628                    1372.45000
 629                    1374.70000
 630                    1376.95000
 631                    1379.19000
 632                    1381.44000
 633                    1383.69000
 634                    1385.94000
 635                    1388.19000
 636                    1390.44000
 637                    1392.69000
 638                    1394.94000
 639                    1397.19000
 640                    1399.44000
 641                    1401.70000
 642                    1403.95000
 643                    1406.20000
 644                    1408.46000
 645                    1410.71000
 646                    1412.97000
 647                    1415.23000
 648                    1417.48000
 649                    1419.74000
 650                    1422.00000
 651                    1424.26000
 652                    1426.52000
 653                    1428.77000
 654                    1431.04000
 655                    1433.30000
 656                    1435.56000
 657                    1437.82000
 658                    1440.08000
 659                    1442.34000
 660                    1444.61000
 661                    1446.87000
 662                    1449.14000
 663                    1451.40000
 664                    1453.67000
 665                    1455.93000
 666                    1458.20000
 667                    1460.47000
 668                    1462.74000
 669                    1465.01000
 670                    1467.28000
 671                    1469.55000
 672                    1471.82000
 673                    1474.09000
 674                    1476.36000
 675                    1478.63000
 676                    1480.91000
 677                    1483.18000
 678                    1485.46000
 679                    1487.73000
 680                    1490.01000
 681                    1492.28000
 682                    1494.56000
 683                    1496.84000
 684                    1499.12000
 685                    1501.39000
 686                    1503.67000
 687                    1505.95000
 688                    1508.23000
 689                    1510.52000
 690                    1512.80000
 691                    1515.08000
 692                    1517.36000
 693                    1519.65000
 694                    1521.93000
 695                    1524.22000
 696                    1526.50000
 697                    1528.79000
 698                    1531.08000
 699                    1533.37000
 700                    1535.65000
 701                    1537.94000
 702                    1540.23000
 703                    1542.52000
 704                    1544.81000
 705                    1547.11000
 706                    1549.40000
 707                    1551.69000
 708                    1553.99000
 709                    1556.28000
 710                    1558.58000
 711                    1560.87000
 712                    1563.17000
 713                    1565.46000
 714                    1567.76000
 715                    1570.06000
 716                    1572.36000
 717                    1574.66000
 718                    1576.96000
 719                    1579.26000
 720                    1581.56000
 721                    1583.87000
 722                    1586.17000
 723                    1588.47000
 724                    1590.78000
 725                    1593.09000
 726                    1595.39000
 727                    1597.70000
 728                    1600.01000
 729                    1602.31000
 730                    1604.62000
 731                    1606.93000
 732                    1609.24000
 733                    1611.55000
 734                    1613.87000
 735                    1616.18000
 736                    1618.49000
 737                    1620.81000
 738                    1623.12000
 739                    1625.44000
 740                    1627.75000
 741                    1630.07000
 742                    1632.39000
 743                    1634.71000
 744                    1637.03000
 745                    1639.35000
 746                    1641.67000
 747                    1643.99000
 748                    1646.31000
 749                    1648.63000
 750                    1650.96000
 751                    1653.28000
 752                    1655.61000
 753                    1657.93000
 754                    1660.26000
 755                    1662.58000
 756                    1664.91000
 757                    1667.24000
 758                    1669.57000
 759                    1671.90000
 760                    1674.23000
 761                    1676.56000
 762                    1678.90000
 763                    1681.23000
 764                    1683.56000
 765                    1685.90000
 766                    1688.23000
 767                    1690.57000
 768                    1692.91000
 769                    1695.25000
 770                    1697.59000
 771                    1699.92000
 772                    1702.26000
 773                    1704.61000
 774                    1706.95000
 775                    1709.29000
 776                    1711.63000
 777                    1713.98000
 778                    1716.32000
 779                    1718.67000
 780                    1721.02000
 781                    1723.36000
 782                    1725.71000
 783                    1728.06000
 784                    1730.41000
 785                    1732.76000
 786                    1735.11000
 787                    1737.46000
 788                    1739.82000
 789                    1742.17000
 790                    1744.52000
 791                    1746.88000
 792                    1749.24000
 793                    1751.59000
 794                    1753.95000
 795                    1756.31000
 796                    1758.67000
 797                    1761.03000
 798                    1763.39000
 799                    1765.75000
 800                    1768.11000
 801                    1770.48000
 802                    1772.84000
 803                    1775.21000
 804                    1777.57000
 805                    1779.94000
 806                    1782.31000
 807                    1784.67000
 808                    1787.04000
 809                    1789.41000
 810                    1791.78000
 811                    1794.16000
 812                    1796.53000
 813                    1798.90000
 814                    1801.28000
 815                    1803.65000
 816                    1806.03000
 817                    1808.40000
 818                    1810.78000
 819                    1813.16000
 820                    1815.54000
 821                    1817.92000
 822                    1820.30000
 823                    1822.68000
 824                    1825.06000
 825                    1827.45000
 826                    1829.83000
 827                    1832.22000
 828                    1834.60000
 829                    1836.99000
 830                    1839.38000
 831                    1841.77000
 832                    1844.16000
 833                    1846.55000
 834                    1848.94000
 835                    1851.33000
 836                    1853.72000
 837                    1856.12000
 838                    1858.51000
 839                    1860.91000
 840                    1863.30000
 841                    1865.70000
 842                    1868.10000
 843                    1870.50000
 844                    1872.90000
 845                    1875.30000
 846                    1877.70000
 847                    1880.10000
 848                    1882.51000
 849                    1884.91000
 850                    1887.31000
 851                    1889.72000
 852                    1892.13000
 853                    1894.54000
 854                    1896.94000
 855                    1899.35000
 856                    1901.76000
 857                    1904.18000
 858                    1906.59000
 859                    1909.00000
 860                    1911.42000
 861                    1913.83000
 862                    1916.25000
 863                    1918.66000
 864                    1921.08000
 865                    1923.50000
 866                    1925.92000
 867                    1928.34000
 868                    1930.76000
 869                    1933.18000
 870                    1935.61000
 871                    1938.03000
 872                    1940.45000
 873                    1942.88000
 874                    1945.31000
 875                    1947.73000
 876                    1950.16000
 877                    1952.59000
 878                    1955.02000
 879                    1957.45000
 880                    1959.89000
 881                    1962.32000
 882                    1964.75000
 883                    1967.19000
 884                    1969.62000
 885                    1972.06000
 886                    1974.50000
 887                    1976.94000
 888                    1979.38000
 889                    1981.82000
 890                    1984.26000
 891                    1986.70000
 892                    1989.15000
 893                    1991.59000
 894                    1994.04000
 895                    1996.48000
 896                    1998.93000
 897                    2001.38000
 898                    2003.83000
 899                    2006.28000
 900                    2008.73000
 901                    2011.18000
 902                    2013.63000
 903                    2016.09000
 904                    2018.54000
 905                    2021.00000
 906                    2023.45000
 907                    2025.91000
 908                    2028.37000
 909                    2030.83000
 910                    2033.29000
 911                    2035.75000
 912                    2038.21000
 913                    2040.67000
 914                    2043.14000
 915                    2045.60000
 916                    2048.07000
 917                    2050.54000
 918                    2053.01000
 919                    2055.47000
 920                    2057.94000
 921                    2060.42000
 922                    2062.89000
 923                    2065.36000
 924                    2067.83000
 925                    2070.31000
 926                    2072.78000
 927                    2075.26000
 928                    2077.74000
 929                    2080.22000
 930                    2082.70000
 931                    2085.18000
 932                    2087.66000
 933                    2090.14000
 934                    2092.63000
 935                    2095.11000
 936                    2097.60000
 937                    2100.08000
 938                    2102.57000
 939                    2105.06000
 940                    2107.55000
 941                    2110.04000
 942                    2112.53000
 943                    2115.02000
 944                    2117.52000
 945                    2120.01000
 946                    2122.51000
 947                    2125.00000
 948                    2127.50000
 949                    2130.00000
 950                    2132.50000
 951                    2135.00000
 952                    2137.50000
 953                    2140.00000
 954                    2142.50000
 955                    2145.01000
 956                    2147.51000
 957                    2150.02000
 958                    2152.53000
 959                    2155.04000
 960                    2157.55000
 961                    2160.06000
 962                    2162.57000
 963                    2165.08000
 964                    2167.59000
 965                    2170.11000
 966                    2172.62000
 967                    2175.14000
 968                    2177.66000
 969                    2180.18000
 970                    2182.69000
 971                    2185.22000
 972                    2187.74000
 973                    2190.26000
 974                    2192.78000
 975                    2195.31000
 976                    2197.83000
 977                    2200.36000
 978                    2202.89000
 979                    2205.42000
 980                    2207.95000
 981                    2210.48000
 982                    2213.01000
 983                    2215.54000
 984                    2218.07000
 985                    2220.61000
 986                    2223.14000
 987                    2225.68000
 988                    2228.22000
 989                    2230.76000
 990                    2233.30000
 991                    2235.84000
 992                    2238.38000
 993                    2240.92000
 994                    2243.47000
 995                    2246.01000
 996                    2248.56000
 997                    2251.11000
 998                    2253.66000
 999                    2256.20000
1000                    2258.75000
1001                    2261.31000
1002                    2263.86000
1003                    2266.41000
1004                    2268.97000
1005                    2271.52000
1006                    2274.08000
1007                    2276.64000
1008                    2279.19000
1009                    2281.75000
1010                    2284.31000
1011                    2286.88000
1012                    2289.44000
1013                    2292.00000
1014                    2294.57000
1015                    2297.13000
1016                    2299.70000
1017                    2302.27000
1018                    2304.84000
1019                    2307.41000
1020                    2309.98000
1021                    2312.55000
1022                    2315.13000
1023                    2317.70000
1024                    2320.28000
1025                    2322.85000
1026                    2325.43000
1027                    2328.01000
1028                    2330.59000
1029                    2333.17000
1030                    2335.75000
1031                    2338.33000
1032                    2340.92000
1033                    2343.50000
1034                    2346.09000
1035                    2348.68000
1036                    2351.26000
1037                    2353.85000
1038                    2356.44000
1039                    2359.04000
1040                    2361.63000
1041                    2364.22000
1042                    2366.82000
1043                    2369.41000
1044                    2372.01000
1045                    2374.61000
1046                    2377.21000
1047                    2379.81000
1048                    2382.41000
1049                    2385.01000
1050                    2387.61000
1051                    2390.22000
1052                    2392.82000
1053                    2395.43000
1054                    2398.04000
1055                    2400.64000
1056                    2403.25000
1057                    2405.87000
1058                    2408.48000
1059                    2411.09000
1060                    2413.70000
1061                    2416.32000
1062                    2418.94000
1063                    2421.55000
1064                    2424.17000
1065                    2426.79000
1066                    2429.41000
1067                    2432.03000
1068                    2434.66000
1069                    2437.28000
1070                    2439.91000
1071                    2442.53000
1072                    2445.16000
1073                    2447.79000
1074                    2450.42000
1075                    2453.05000
1076                    2455.68000
1077                    2458.31000
1078                    2460.95000
1079                    2463.58000
1080                    2466.22000
1081                    2468.85000
1082                    2471.49000
1083                    2474.13000
1084                    2476.77000
1085                    2479.41000
1086                    2482.06000
1087                    2484.70000
1088                    2487.34000
1089                    2489.99000
1090                    2492.64000
1091                    2495.29000
1092                    2497.93000
1093                    2500.58000
1094                    2503.24000
1095                    2505.89000
1096                    2508.54000
1097                    2511.20000
1098                    2513.85000
1099                    2516.51000
1100                    2519.17000
1101                    2521.83000
1102                    2524.49000
1103                    2527.15000
1104                    2529.81000
1105                    2532.48000
1106                    2535.14000
1107                    2537.81000
1108                    2540.47000
1109                    2543.14000
1110                    2545.81000
1111                    2548.48000
1112                    2551.15000
1113                    2553.83000
1114                    2556.50000
1115                    2559.17000
1116                    2561.85000
1117                    2564.53000
1118                    2567.21000
1119                    2569.89000
1120                    2572.57000
1121                    2575.25000
1122                    2577.93000
1123                    2580.61000
1124                    2583.30000
1125                    2585.99000
1126                    2588.67000
1127                    2591.36000
1128                    2594.05000
1129                    2596.74000
1130                    2599.43000
1131                    2602.13000
1132                    2604.82000
1133                    2607.52000
1134                    2610.21000
1135                    2612.91000
1136                    2615.61000
1137                    2618.31000
1138                    2621.01000
1139                    2623.71000
1140                    2626.41000
1141                    2629.12000
1142                    2631.82000
1143                    2634.53000
1144                    2637.24000
1145                    2639.95000
1146                    2642.66000
1147                    2645.37000
1148                    2648.08000
1149                    2650.79000
1150                    2653.51000
1151                    2656.22000
1152                    2658.94000
1153                    2661.66000
1154                    2664.38000
1155                    2667.10000
1156                    2669.82000
1157                    2672.54000
1158                    2675.27000
1159                    2677.99000
1160                    2680.72000
1161                    2683.44000
1162                    2686.17000
1163                    2688.90000
1164                    2691.63000
1165                    2694.36000
1166                    2697.10000
1167                    2699.83000
1168                    2702.57000
1169                    2705.30000
1170                    2708.04000
1171                    2710.78000
1172                    2713.52000
1173                    2716.26000
1174                    2719.00000
1175                    2721.75000
1176                    2724.49000
1177                    2727.24000
1178                    2729.98000
1179                    2732.73000
1180                    2735.48000
1181                    2738.23000
1182                    2740.98000
1183                    2743.73000
1184                    2746.49000
1185                    2749.24000
1186                    2752.00000
1187                    2754.76000
1188                    2757.52000
1189                    2760.28000
1190                    2763.04000
1191                    2765.80000
1192                    2768.56000
1193                    2771.33000
1194                    2774.09000
1195                    2776.86000
1196                    2779.62000
1197                    2782.39000
1198                    2785.16000
1199                    2787.94000
1200                    2790.71000
1201                    2793.48000
1202                    2796.26000
1203                    2799.03000
1204                    2801.81000
1205                    2804.59000
1206                    2807.37000
1207                    2810.15000
1208                    2812.93000
1209                    2815.71000
1210                    2818.50000
1211                    2821.28000
1212                    2824.07000
1213                    2826.86000
1214                    2829.64000
1215                    2832.43000
1216                    2835.23000
1217                    2838.02000
1218                    2840.81000
1219                    2843.61000
1220                    2846.40000
1221                    2849.20000
1222                    2852.00000
1223                    2854.80000
1224                    2857.60000
1225                    2860.40000
1226                    2863.20000
1227                    2866.01000
1228                    2868.81000
1229                    2871.62000
1230                    2874.43000
1231                    2877.24000
1232                    2880.05000
1233                    2882.86000
1234                    2885.67000
1235                    2888.48000
1236                    2891.30000
1237                    2894.11000
1238                    2896.93000
1239                    2899.75000
1240                    2902.57000
1241                    2905.39000
1242                    2908.21000
1243                    2911.04000
1244                    2913.86000
1245                    2916.69000
1246                    2919.51000
1247                    2922.34000
1248                    2925.17000
1249                    2928.00000
1250                    2930.83000
1251                    2933.66000
1252                    2936.50000
1253                    2939.33000
1254                    2942.17000
1255                    2945.01000
1256                    2947.84000
1257                    2950.68000
1258                    2953.53000
1259                    2956.37000
1260                    2959.21000
1261                    2962.06000
1262                    2964.90000
1263                    2967.75000
1264                    2970.60000
1265                    2973.45000
1266                    2976.30000
1267                    2979.15000
1268                    2982.00000
1269                    2984.86000
1270                    2987.71000
1271                    2990.57000
1272                    2993.43000
1273                    2996.29000
1274                    2999.15000
1275                    3002.01000
1276                    3004.87000
1277                    3007.73000
1278                    3010.60000
1279                    3013.47000
1280                    3016.33000
1281                    3019.20000
1282                    3022.07000
1283                    3024.94000
1284                    3027.81000
1285                    3030.69000
1286                    3033.56000
1287                    3036.44000
1288                    3039.32000
1289                    3042.19000
1290                    3045.07000
1291                    3047.95000
1292                    3050.84000
1293                    3053.72000
1294                    3056.60000
1295                    3059.49000
1296                    3062.38000
1297                    3065.26000
1298                    3068.15000
1299                    3071.04000
1300                    3073.94000
1301                    3076.83000
1302                    3079.72000
1303                    3082.62000
1304                    3085.51000
1305                    3088.41000
1306                    3091.31000
1307                    3094.21000
1308                    3097.11000
1309                    3100.01000
1310                    3102.92000
1311                    3105.82000
1312                    3108.73000
1313                    3111.64000
1314                    3114.55000
1315                    3117.46000
1316                    3120.37000
1317                    3123.28000
1318                    3126.19000
1319                    3129.11000
1320                    3132.02000
1321                    3134.94000
1322                    3137.86000
1323                    3140.78000
1324                    3143.70000
1325                    3146.62000
1326                    3149.55000
1327                    3152.47000
1328                    3155.40000
1329                    3158.32000
1330                    3161.25000
1331                    3164.18000
1332                    3167.11000
1333                    3170.04000
1334                    3172.98000
1335                    3175.91000
1336                    3178.85000
1337                    3181.78000
1338                    3184.72000
1339                    3187.66000
1340                    3190.60000
1341                    3193.54000
1342                    3196.48000
1343                    3199.43000
1344                    3202.37000
1345                    3205.32000
1346                    3208.27000
1347                    3211.22000
1348                    3214.17000
1349                    3217.12000
1350                    3220.07000
1351                    3223.03000
1352                    3225.98000
1353                    3228.94000
1354                    3231.89000
1355                    3234.85000
1356                    3237.81000
1357                    3240.78000
1358                    3243.74000
1359                    3246.70000
1360                    3249.67000
1361                    3252.63000
1362                    3255.60000
1363                    3258.57000
1364                    3261.54000
1365                    3264.51000
1366                    3267.48000
1367                    3270.46000
1368                    3273.43000
1369                    3276.41000
1370                    3279.39000
1371                    3282.36000
1372                    3285.34000
1373                    3288.32000
1374                    3291.31000
1375                    3294.29000
1376                    3297.28000
1377                    3300.26000
1378                    3303.25000
1379                    3306.24000
1380                    3309.23000
1381                    3312.22000
1382                    3315.21000
1383                    3318.20000
1384                    3321.20000
1385                    3324.20000
1386                    3327.19000
1387                    3330.19000
1388                    3333.19000
1389                    3336.19000
1390                    3339.19000
1391                    3342.20000
1392                    3345.20000
1393                    3348.21000
1394                    3351.21000
1395                    3354.22000
1396                    3357.23000
1397                    3360.24000
1398                    3363.26000
1399                    3366.27000
1400                    3369.28000
1401                    3372.30000
1402                    3375.32000
1403                    3378.34000
1404                    3381.36000
1405                    3384.38000
1406                    3387.40000
1407                    3390.42000
1408                    3393.45000
1409                    3396.47000
1410                    3399.50000
1411                    3402.53000
1412                    3405.56000
1413                    3408.59000
1414                    3411.62000
1415                    3414.65000
1416                    3417.69000
1417                    3420.72000
1418                    3423.76000
1419                    3426.80000
1420                    3429.84000
1421                    3432.88000
1422                    3435.92000
1423                    3438.97000
1424                    3442.01000
1425                    3445.06000
1426                    3448.10000
1427                    3451.15000
1428                    3454.20000
1429                    3457.25000
1430                    3460.30000
1431                    3463.36000
1432                    3466.41000
1433                    3469.47000
1434                    3472.53000
1435                    3475.58000
1436                    3478.64000
1437                    3481.70000
1438                    3484.77000
1439                    3487.83000
1440                    3490.90000
1441                    3493.96000
1442                    3497.03000
1443                    3500.10000
1444                    3503.17000
1445                    3506.24000
1446                    3509.31000
1447                    3512.38000
1448                    3515.46000
1449                    3518.53000
1450                    3521.61000
1451                    3524.69000
1452                    3527.77000
1453                    3530.85000
1454                    3533.93000
1455                    3537.02000
1456                    3540.10000
1457                    3543.19000
1458                    3546.28000
1459                    3549.36000
1460                    3552.45000
1461                    3555.55000
1462                    3558.64000
1463                    3561.73000
1464                    3564.83000
1465                    3567.92000
1466                    3571.02000
1467                    3574.12000
1468                    3577.22000
1469                    3580.32000
1470                    3583.42000
1471                    3586.53000
1472                    3589.63000
1473                    3592.74000
1474                    3595.85000
1475                    3598.95000
1476                    3602.06000
1477                    3605.18000
1478                    3608.29000
1479                    3611.40000
1480                    3614.52000
1481                    3617.63000
1482                    3620.75000
1483                    3623.87000
1484                    3626.99000
1485                    3630.11000
1486                    3633.24000
1487                    3636.36000
1488                    3639.49000
1489                    3642.61000
1490                    3645.74000
1491                    3648.87000
1492                    3652.00000
1493                    3655.13000
1494                    3658.26000
1495                    3661.40000
1496                    3664.53000
1497                    3667.67000
1498                    3670.81000
1499                    3673.95000
1500                    3677.09000
1501                    3680.23000
1502                    3683.37000
1503                    3686.52000
1504                    3689.66000
1505                    3692.81000
1506                    3695.96000
1507                    3699.11000
1508                    3702.26000
1509                    3705.41000
1510                    3708.57000
1511                    3711.72000
1512                    3714.88000
1513                    3718.03000
1514                    3721.19000
1515                    3724.35000
1516                    3727.51000
1517                    3730.67000
1518                    3733.84000
1519                    3737.00000
1520                    3740.17000
1521                    3743.34000
1522                    3746.51000
1523                    3749.67000
1524                    3752.85000
1525                    3756.02000
1526                    3759.19000
1527                    3762.37000
1528                    3765.54000
1529                    3768.72000
1530                    3771.90000
1531                    3775.08000
1532                    3778.26000
1533                    3781.44000
1534                    3784.63000
1535                    3787.81000
1536                    3791.00000
1537                    3794.19000
1538                    3797.38000
1539                    3800.57000
1540                    3803.76000
1541                    3806.95000
1542                    3810.15000
1543                    3813.34000
1544                    3816.54000
1545                    3819.74000
1546                    3822.94000
1547                    3826.14000
1548                    3829.34000
1549                    3832.54000
1550                    3835.75000
1551                    3838.95000
1552                    3842.16000
1553                    3845.37000
1554                    3848.58000
1555                    3851.79000
1556                    3855.00000
1557                    3858.21000
1558                    3861.43000
1559                    3864.65000
1560                    3867.86000
1561                    3871.08000
1562                    3874.30000
1563                    3877.52000
1564                    3880.75000
1565                    3883.97000
1566                    3887.19000
1567                    3890.42000
1568                    3893.65000
1569                    3896.88000
1570                    3900.11000
1571                    3903.34000
1572                    3906.57000
1573                    3909.81000
1574                    3913.04000
1575                    3916.28000
1576                    3919.52000
1577                    3922.76000
1578                    3926.00000
1579                    3929.24000
1580                    3932.48000
1581                    3935.72000
1582                    3938.97000
1583                    3942.22000
1584                    3945.47000
1585                    3948.72000
1586                    3951.97000
1587                    3955.22000
1588                    3958.47000
1589                    3961.73000
1590                    3964.98000
1591                    3968.24000
1592                    3971.50000
1593                    3974.76000
1594                    3978.02000
1595                    3981.28000
1596                    3984.55000
1597                    3987.81000
1598                    3991.08000
1599                    3994.34000
1600                    3997.61000
1601                    4000.88000
1602                    4004.16000
1603                    4007.43000
1604                    4010.70000
1605                    4013.98000
1606                    4017.25000
1607                    4020.53000
1608                    4023.81000
1609                    4027.09000
1610                    4030.37000
1611                    4033.66000
1612                    4036.94000
1613                    4040.23000
1614                    4043.52000
1615                    4046.80000
1616                    4050.09000
1617                    4053.38000
1618                    4056.68000
1619                    4059.97000
1620                    4063.26000
1621                    4066.56000
1622                    4069.86000
1623                    4073.16000
1624                    4076.46000
1625                    4079.76000
1626                    4083.06000
1627                    4086.36000
1628                    4089.67000
1629                    4092.98000
1630                    4096.28000
1631                    4099.59000
1632                    4102.90000
1633                    4106.22000
1634                    4109.53000
1635                    4112.84000
1636                    4116.16000
1637                    4119.48000
1638                    4122.79000
1639                    4126.11000
1640                    4129.43000
1641                    4132.76000
1642                    4136.08000
1643                    4139.40000
1644                    4142.73000
1645                    4146.06000
1646                    4149.39000
1647                    4152.72000
1648                    4156.05000
1649                    4159.38000
1650                    4162.71000
1651                    4166.05000
1652                    4169.39000
1653                    4172.72000
1654                    4176.06000
1655                    4179.40000
1656                    4182.74000
1657                    4186.09000
1658                    4189.43000
1659                    4192.78000
1660                    4196.12000
1661                    4199.47000
1662                    4202.82000
1663                    4206.17000
1664                    4209.52000
1665                    4212.88000
1666                    4216.23000
1667                    4219.59000
1668                    4222.95000
1669                    4226.30000
1670                    4229.66000
1671                    4233.03000
1672                    4236.39000
1673                    4239.75000
1674                    4243.12000
1675                    4246.48000
1676                    4249.85000
1677                    4253.22000
1678                    4256.59000
1679                    4259.96000
1680                    4263.34000
1681                    4266.71000
1682                    4270.09000
1683                    4273.46000
1684                    4276.84000
1685                    4280.22000
1686                    4283.60000
1687                    4286.98000
1688                    4290.37000
1689                    4293.75000
1690                    4297.14000
1691                    4300.53000
1692                    4303.91000
1693                    4307.30000
1694                    4310.69000
1695                    4314.09000
1696                    4317.48000
1697                    4320.88000
1698                    4324.27000
1699                    4327.67000
1700                    4331.07000
1701                    4334.47000
1702                    4337.87000
1703                    4341.28000
1704                    4344.68000
1705                    4348.09000
1706                    4351.49000
1707                    4354.90000
1708                    4358.31000
1709                    4361.72000
1710                    4365.13000
1711                    4368.55000
1712                    4371.96000
1713                    4375.38000
1714                    4378.80000
1715                    4382.22000
1716                    4385.64000
1717                    4389.06000
1718                    4392.48000
1719                    4395.90000
1720                    4399.33000
1721                    4402.76000
1722                    4406.18000
1723                    4409.61000
1724                    4413.04000
1725                    4416.48000
1726                    4419.91000
1727                    4423.34000
1728                    4426.78000
1729                    4430.22000
1730                    4433.66000
1731                    4437.10000
1732                    4440.54000
1733                    4443.98000
1734                    4447.42000
1735                    4450.87000
1736                    4454.31000
1737                    4457.76000
1738                    4461.21000
1739                    4464.66000
1740                    4468.11000
1741                    4471.57000
1742                    4475.02000
1743                    4478.48000
1744                    4481.93000
1745                    4485.39000
1746                    4488.85000
1747                    4492.31000
1748                    4495.77000
1749                    4499.24000
1750                    4502.70000
1751                    4506.17000
1752                    4509.64000
1753                    4513.11000
1754                    4516.58000
1755                    4520.05000
1756                    4523.52000
1757                    4526.99000
1758                    4530.47000
1759                    4533.95000
1760                    4537.42000
1761                    4540.90000
1762                    4544.38000
1763                    4547.87000
1764                    4551.35000
1765                    4554.83000
1766                    4558.32000
1767                    4561.81000
1768                    4565.30000
1769                    4568.79000
1770                    4572.28000
1771                    4575.77000
1772                    4579.26000
1773                    4582.76000
1774                    4586.26000
1775                    4589.75000
1776                    4593.25000
1777                    4596.75000
1778                    4600.26000
1779                    4603.76000
1780                    4607.26000
1781                    4610.77000
1782                    4614.28000
1783                    4617.78000
1784                    4621.29000
1785                    4624.81000
1786                    4628.32000
1787                    4631.83000
1788                    4635.35000
1789                    4638.86000
1790                    4642.38000
1791                    4645.90000
1792                    4649.42000
1793                    4652.94000
1794                    4656.46000
1795                    4659.99000
1796                    4663.51000
1797                    4667.04000
1798                    4670.57000
1799                    4674.10000
1800                    4677.63000
1801                    4681.16000
1802                    4684.70000
1803                    4688.23000
1804                    4691.77000
1805                    4695.30000
1806                    4698.84000
1807                    4702.38000
1808                    4705.93000
1809                    4709.47000
1810                    4713.01000
1811                    4716.56000
1812                    4720.10000
1813                    4723.65000
1814                    4727.20000
1815                    4730.75000
1816                    4734.31000
1817                    4737.86000
1818                    4741.41000
1819                    4744.97000
1820                    4748.53000
1821                    4752.09000
1822                    4755.65000
1823                    4759.21000
1824                    4762.77000
1825                    4766.33000
1826                    4769.90000
1827                    4773.47000
1828                    4777.04000
1829                    4780.60000
1830                    4784.18000
1831                    4787.75000
1832                    4791.32000
1833                    4794.90000
1834                    4798.47000
1835                    4802.05000
1836                    4805.63000
1837                    4809.21000
1838                    4812.79000
1839                    4816.37000
1840                    4819.96000
1841                    4823.54000
1842                    4827.13000
1843                    4830.72000
1844                    4834.31000
1845                    4837.90000
1846                    4841.49000
1847                    4845.08000
1848                    4848.68000
1849                    4852.27000
1850                    4855.87000
1851                    4859.47000
1852                    4863.07000
1853                    4866.67000
1854                    4870.27000
1855                    4873.88000
1856                    4877.48000
1857                    4881.09000
1858                    4884.70000
1859                    4888.31000
1860                    4891.92000
1861                    4895.53000
1862                    4899.14000
1863                    4902.76000
1864                    4906.37000
1865                    4909.99000
1866                    4913.61000
1867                    4917.23000
1868                    4920.85000
1869                    4924.47000
1870                    4928.10000
1871                    4931.72000
1872                    4935.35000
1873                    4938.98000
1874                    4942.61000
1875                    4946.24000
1876                    4949.87000
1877                    4953.50000
1878                    4957.14000
1879                    4960.77000
1880                    4964.41000
1881                    4968.05000
1882                    4971.69000
1883                    4975.33000
1884                    4978.97000
1885                    4982.62000
1886                    4986.26000
1887                    4989.91000
1888                    4993.56000
1889                    4997.21000
1890                    5000.86000
1891                    5004.51000
1892                    5008.16000
1893                    5011.82000
1894                    5015.47000
1895                    5019.13000
1896                    5022.79000
1897                    5026.45000
1898                    5030.11000
1899                    5033.77000
1900                    5037.44000
1901                    5041.10000
1902                    5044.77000
1903                    5048.44000
1904                    5052.11000
1905                    5055.78000
1906                    5059.45000
1907                    5063.12000
1908                    5066.80000
1909                    5070.47000
1910                    5074.15000
1911                    5077.83000
1912                    5081.51000
1913                    5085.19000
1914                    5088.87000
1915                    5092.56000
1916                    5096.24000
1917                    5099.93000
1918                    5103.62000
1919                    5107.31000
1920                    5111.00000
1921                    5114.69000
1922                    5118.38000
1923                    5122.08000
1924                    5125.77000
1925                    5129.47000
1926                    5133.17000
1927                    5136.87000
1928                    5140.57000
1929                    5144.27000
1930                    5147.98000
1931                    5151.68000
1932                    5155.39000
1933                    5159.10000
1934                    5162.81000
1935                    5166.52000
1936                    5170.23000
1937                    5173.95000
1938                    5177.66000
1939                    5181.38000
1940                    5185.09000
1941                    5188.81000
1942                    5192.53000
1943                    5196.26000
1944                    5199.98000
1945                    5203.70000
1946                    5207.43000
1947                    5211.16000
1948                    5214.88000
1949                    5218.61000
1950                    5222.34000
1951                    5226.08000
1952                    5229.81000
1953                    5233.55000
1954                    5237.28000
1955                    5241.02000
1956                    5244.76000
1957                    5248.50000
1958                    5252.24000
1959                    5255.98000
1960                    5259.73000
1961                    5263.47000
1962                    5267.22000
1963                    5270.97000
1964                    5274.72000
1965                    5278.47000
1966                    5282.22000
1967                    5285.98000
1968                    5289.73000
1969                    5293.49000
1970                    5297.25000
1971                    5301.01000
1972                    5304.77000
1973                    5308.53000
1974                    5312.29000
1975                    5316.06000
1976                    5319.82000
1977                    5323.59000
1978                    5327.36000
1979                    5331.13000
1980                    5334.90000
1981                    5338.67000
1982                    5342.45000
1983                    5346.22000
1984                    5350.00000
1985                    5353.78000
1986                    5357.56000
1987                    5361.34000
1988                    5365.12000
1989                    5368.90000
1990                    5372.69000
1991                    5376.47000
1992                    5380.26000
1993                    5384.05000
1994                    5387.84000
1995                    5391.63000
1996                    5395.42000
1997                    5399.22000
1998                    5403.01000
1999                    5406.81000
2000                    5410.61000
2001                    5414.41000
2002                    5418.21000
2003                    5422.01000
2004                    5425.81000
2005                    5429.62000
2006                    5433.43000
2007                    5437.23000
2008                    5441.04000
2009                    5444.85000
2010                    5448.66000
2011                    5452.48000
2012                    5456.29000
2013                    5460.11000
2014                    5463.92000
2015                    5467.74000
2016                    5471.56000
2017                    5475.38000
2018                    5479.21000
2019                    5483.03000
2020                    5486.86000
2021                    5490.68000
2022                    5494.51000
2023                    5498.34000
2024                    5502.17000
2025                    5506.00000
2026                    5509.84000
2027                    5513.67000
2028                    5517.51000
2029                    5521.34000
2030                    5525.18000
2031                    5529.02000
2032                    5532.86000
2033                    5536.71000
2034                    5540.55000
2035                    5544.40000
2036                    5548.24000
2037                    5552.09000
2038                    5555.94000
2039                    5559.79000
2040                    5563.64000
2041                    5567.50000
2042                    5571.35000
2043                    5575.21000
2044                    5579.07000
2045                    5582.92000
2046                    5586.78000
2047                    5590.65000
2048                    5594.51000
2049                    5598.37000
2050                    5602.24000
2051                    5606.11000
2052                    5609.97000
2053                    5613.84000
2054                    5617.72000
2055                    5621.59000
2056                    5625.46000
2057                    5629.34000
2058                    5633.21000
2059                    5637.09000
2060                    5640.97000
2061                    5644.85000
2062                    5648.73000
2063                    5652.62000
2064                    5656.50000
2065                    5660.39000
2066                    5664.27000
2067                    5668.16000
2068                    5672.05000
2069                    5675.94000
2070                    5679.84000
2071                    5683.73000
2072                    5687.63000
2073                    5691.52000
2074                    5695.42000
2075                    5699.32000
2076                    5703.22000
2077                    5707.12000
2078                    5711.03000
2079                    5714.93000
2080                    5718.84000
2081                    5722.75000
2082                    5726.66000
2083                    5730.57000
2084                    5734.48000
2085                    5738.39000
2086                    5742.31000
2087                    5746.22000
2088                    5750.14000
2089                    5754.06000
2090                    5757.98000
2091                    5761.90000
2092                    5765.82000
2093                    5769.74000
2094                    5773.67000
2095                    5777.60000
2096                    5781.52000
2097                    5785.45000
2098                    5789.38000
2099                    5793.32000
2100                    5797.25000
2101                    5801.18000
2102                    5805.12000
2103                    5809.06000
2104                    5813.00000
2105                    5816.94000
2106                    5820.88000
2107                    5824.82000
2108                    5828.77000
2109                    5832.71000
2110                    5836.66000
2111                    5840.61000
2112                    5844.56000
2113                    5848.51000
2114                    5852.46000
2115                    5856.41000
2116                    5860.37000
2117                    5864.33000
2118                    5868.28000
2119                    5872.24000
2120                    5876.20000
2121                    5880.16000
2122                    5884.13000
2123                    5888.09000
2124                    5892.06000
2125                    5896.03000
2126                    5899.99000
2127                    5903.96000
2128                    5907.94000
2129                    5911.91000
2130                    5915.88000
2131                    5919.86000
2132                    5923.84000
2133                    5927.81000
2134                    5931.79000
2135                    5935.77000
2136                    5939.76000
2137                    5943.74000
2138                    5947.72000
2139                    5951.71000
2140                    5955.70000
2141                    5959.69000
2142                    5963.68000
2143                    5967.67000
2144                    5971.66000
2145                    5975.66000
2146                    5979.65000
2147                    5983.65000
2148                    5987.65000
2149                    5991.65000
2150                    5995.65000
2151                    5999.65000
2152                    6003.66000
2153                    6007.66000
2154                    6011.67000
2155                    6015.68000
2156                    6019.69000
2157                    6023.70000
2158                    6027.71000
2159                    6031.72000
2160                    6035.74000
2161                    6039.76000
2162                    6043.77000
2163                    6047.79000
2164                    6051.81000
2165                    6055.83000
2166                    6059.86000
2167                    6063.88000
2168                    6067.91000
2169                    6071.93000
2170                    6075.96000
2171                    6079.99000
2172                    6084.02000
2173                    6088.06000
2174                    6092.09000
2175                    6096.13000
2176                    6100.16000
2177                    6104.20000
2178                    6108.24000
2179                    6112.28000
2180                    6116.32000
2181                    6120.37000
2182                    6124.41000
2183                    6128.46000
2184                    6132.51000
2185                    6136.55000
2186                    6140.60000
2187                    6144.66000
2188                    6148.71000
2189                    6152.76000
2190                    6156.82000
2191                    6160.88000
2192                    6164.94000
2193                    6168.99000
2194                    6173.06000
2195                    6177.12000
2196                    6181.18000
2197                    6185.25000
2198                    6189.31000
2199                    6193.38000
2200                    6197.45000
2201                    6201.52000
2202                    6205.60000
2203                    6209.67000
2204                    6213.74000
2205                    6217.82000
2206                    6221.90000
2207                    6225.98000
2208                    6230.06000
2209                    6234.14000
2210                    6238.22000
2211                    6242.31000
2212                    6246.39000
2213                    6250.48000
2214                    6254.57000
2215                    6258.66000
2216                    6262.75000
2217                    6266.84000
2218                    6270.94000
2219                    6275.03000
2220                    6279.13000
2221                    6283.23000
2222                    6287.32000
2223                    6291.43000
2224                    6295.53000
2225                    6299.63000
2226                    6303.74000
2227                    6307.84000
2228                    6311.95000
2229                    6316.06000
2230                    6320.17000
2231                    6324.28000
2232                    6328.39000
2233                    6332.51000
2234                    6336.62000
2235                    6340.74000
2236                    6344.86000
2237                    6348.98000
2238                    6353.10000
2239                    6357.22000
2240                    6361.35000
2241                    6365.47000
2242                    6369.60000
2243                    6373.73000
2244                    6377.86000
2245                    6381.99000
2246                    6386.12000
2247                    6390.25000
2248                    6394.39000
2249                    6398.53000
2250                    6402.66000
2251                    6406.80000
2252                    6410.94000
2253                    6415.09000
2254                    6419.23000
2255                    6423.37000
2256                    6427.52000
2257                    6431.67000
2258                    6435.81000
2259                    6439.96000
2260                    6444.12000
2261                    6448.27000
2262                    6452.42000
2263                    6456.58000
2264                    6460.74000
2265                    6464.89000
2266                    6469.05000
2267                    6473.21000
2268                    6477.38000
2269                    6481.54000
2270                    6485.71000
2271                    6489.87000
2272                    6494.04000
2273                    6498.21000
2274                    6502.38000
2275                    6506.55000
2276                    6510.72000
2277                    6514.90000
2278                    6519.08000
2279                    6523.25000
2280                    6527.43000
2281                    6531.61000
2282                    6535.79000
2283                    6539.98000
2284                    6544.16000
2285                    6548.35000
2286                    6552.53000
2287                    6556.72000
2288                    6560.91000
2289                    6565.10000
2290                    6569.29000
2291                    6573.49000
2292                    6577.68000
2293                    6581.88000
2294                    6586.08000
2295                    6590.28000
2296                    6594.48000
2297                    6598.68000
2298                    6602.88000
2299                    6607.09000
2300                    6611.30000
2301                    6615.50000
2302                    6619.71000
2303                    6623.92000
2304                    6628.13000
2305                    6632.35000
2306                    6636.56000
2307                    6640.78000
2308                    6644.99000
2309                    6649.21000
2310                    6653.43000
2311                    6657.65000
2312                    6661.88000
2313                    6666.10000
2314                    6670.33000
2315                    6674.55000
2316                    6678.78000
2317                    6683.01000
2318                    6687.24000
2319                    6691.47000
2320                    6695.71000
2321                    6699.94000
2322                    6704.18000
2323                    6708.42000
2324                    6712.66000
2325                    6716.90000
2326                    6721.14000
2327                    6725.38000
2328                    6729.63000
2329                    6733.87000
2330                    6738.12000
2331                    6742.37000
2332                    6746.62000
2333                    6750.87000
2334                    6755.12000
2335                    6759.38000
2336                    6763.63000
2337                    6767.89000
2338                    6772.15000
2339                    6776.41000
2340                    6780.67000
2341                    6784.93000
2342                    6789.19000
2343                    6793.46000
2344                    6797.73000
2345                    6801.99000
2346                    6806.26000
2347                    6810.53000
2348                    6814.81000
2349                    6819.08000
2350                    6823.35000
2351                    6827.63000
2352                    6831.91000
2353                    6836.19000
2354                    6840.47000
2355                    6844.75000
2356                    6849.03000
2357                    6853.32000
2358                    6857.60000
2359                    6861.89000
2360                    6866.18000
2361                    6870.47000
2362                    6874.76000
2363                    6879.05000
2364                    6883.35000
2365                    6887.64000
2366                    6891.94000
2367                    6896.24000
2368                    6900.54000
2369                    6904.84000
2370                    6909.14000
2371                    6913.44000
2372                    6917.75000
2373                    6922.06000
2374                    6926.36000
2375                    6930.67000
2376                    6934.98000
2377                    6939.30000
2378                    6943.61000
2379                    6947.92000
2380                    6952.24000
2381                    6956.56000
2382                    6960.88000
2383                    6965.20000
2384                    6969.52000
2385                    6973.84000
2386                    6978.17000
2387                    6982.49000
2388                    6986.82000
2389                    6991.15000
2390                    6995.48000
2391                    6999.81000
2392                    7004.14000
2393                    7008.47000
2394                    7012.81000
2395                    7017.15000
2396                    7021.48000
2397                    7025.82000
2398                    7030.17000
2399                    7034.51000
2400                    7038.85000
2401                    7043.20000
2402                    7047.54000
2403                    7051.89000
2404                    7056.24000
2405                    7060.59000
2406                    7064.94000
2407                    7069.30000
2408                    7073.65000
2409                    7078.01000
2410                    7082.36000
2411                    7086.72000
2412                    7091.08000
2413                    7095.44000
2414                    7099.81000
2415                    7104.17000
2416                    7108.54000
2417                    7112.90000
2418                    7117.27000
2419                    7121.64000
2420                    7126.01000
2421                    7130.39000
2422                    7134.76000
2423                    7139.14000
2424                    7143.51000
2425                    7147.89000
2426                    7152.27000
2427                    7156.65000
2428                    7161.03000
2429                    7165.42000
2430                    7169.80000
2431                    7174.19000
2432                    7178.58000
2433                    7182.97000
2434                    7187.36000
2435                    7191.75000
2436                    7196.14000
2437                    7200.54000
2438                    7204.93000
2439                    7209.33000
2440                    7213.73000
2441                    7218.13000
2442                    7222.53000
2443                    7226.93000
2444                    7231.34000
2445                    7235.74000
2446                    7240.15000
2447                    7244.56000
2448                    7248.97000
2449                    7253.38000
2450                    7257.79000
2451                    7262.21000
2452                    7266.62000
2453                    7271.04000
2454                    7275.46000
2455                    7279.88000
2456                    7284.30000
2457                    7288.72000
2458                    7293.14000
2459                    7297.57000
2460                    7301.99000
2461                    7306.42000
2462                    7310.85000
2463                    7315.28000
2464                    7319.71000
2465                    7324.15000
2466                    7328.58000
2467                    7333.02000
2468                    7337.46000
2469                    7341.90000
2470                    7346.34000
2471                    7350.78000
2472                    7355.22000
2473                    7359.66000
2474                    7364.11000
2475                    7368.56000
2476                    7373.01000
2477                    7377.46000
2478                    7381.91000
2479                    7386.36000
2480                    7390.81000
2481                    7395.27000
2482                    7399.73000
2483                    7404.19000
2484                    7408.64000
2485                    7413.11000
2486                    7417.57000
2487                    7422.03000
2488                    7426.50000
2489                    7430.96000
2490                    7435.43000
2491                    7439.90000
2492                    7444.37000
2493                    7448.84000
2494                    7453.32000
2495                    7457.79000
2496                    7462.27000
2497                    7466.75000
2498                    7471.22000
2499                    7475.71000
2500                    7480.19000
2501                    7484.67000
2502                    7489.15000
2503                    7493.64000
2504                    7498.13000
2505                    7502.62000
2506                    7507.11000
2507                    7511.60000
2508                    7516.09000
2509                    7520.59000
2510                    7525.08000
2511                    7529.58000
2512                    7534.08000
2513                    7538.58000
2514                    7543.08000
2515                    7547.58000
2516                    7552.08000
2517                    7556.59000
2518                    7561.10000
2519                    7565.60000
2520                    7570.11000
2521                    7574.62000
2522                    7579.14000
2523                    7583.65000
2524                    7588.16000
2525                    7592.68000
2526                    7597.20000
2527                    7601.72000
2528                    7606.24000
2529                    7610.76000
2530                    7615.28000
2531                    7619.81000
2532                    7624.33000
2533                    7628.86000
2534                    7633.39000
2535                    7637.92000
2536                    7642.45000
2537                    7646.99000
2538                    7651.52000
2539                    7656.06000
2540                    7660.59000
2541                    7665.13000
2542                    7669.67000
2543                    7674.21000
2544                    7678.76000
2545                    7683.30000
2546                    7687.85000
2547                    7692.39000
2548                    7696.94000
2549                    7701.49000
2550                    7706.04000
2551                    7710.59000
2552                    7715.15000
2553                    7719.70000
2554                    7724.26000
2555                    7728.82000
2556                    7733.38000
2557                    7737.94000
2558                    7742.50000
2559                    7747.06000
2560                    7751.63000
2561                    7756.19000
2562                    7760.76000
2563                    7765.33000
2564                    7769.90000
2565                    7774.47000
2566                    7779.05000
2567                    7783.62000
2568                    7788.20000
2569                    7792.78000
2570                    7797.35000
2571                    7801.93000
2572                    7806.52000
2573                    7811.10000
2574                    7815.68000
2575                    7820.27000
2576                    7824.86000
2577                    7829.44000
2578                    7834.03000
2579                    7838.63000
2580                    7843.22000
2581                    7847.81000
2582                    7852.41000
2583                    7857.01000
2584                    7861.60000
2585                    7866.20000
2586                    7870.80000
2587                    7875.41000
2588                    7880.01000
2589                    7884.62000
2590                    7889.22000
2591                    7893.83000
2592                    7898.44000
2593                    7903.05000
2594                    7907.66000
2595                    7912.28000
2596                    7916.89000
2597                    7921.51000
2598                    7926.12000
2599                    7930.74000
2600                    7935.36000
2601                    7939.99000
2602                    7944.61000
2603                    7949.23000
2604                    7953.86000
2605                    7958.49000
2606                    7963.12000
2607                    7967.75000
2608                    7972.38000
2609                    7977.01000
2610                    7981.65000
2611                    7986.28000
2612                    7990.92000
2613                    7995.56000
2614                    8000.20000
2615                    8004.84000
2616                    8009.48000
2617                    8014.13000
2618                    8018.77000
2619                    8023.42000
2620                    8028.07000
2621                    8032.72000
2622                    8037.37000
2623                    8042.02000
2624                    8046.67000
2625                    8051.33000
2626                    8055.98000
2627                    8060.64000
2628                    8065.30000
2629                    8069.96000
2630                    8074.63000
2631                    8079.29000
2632                    8083.95000
2633                    8088.62000
2634                    8093.29000
2635                    8097.96000
2636                    8102.63000
2637                    8107.30000
2638                    8111.97000
2639                    8116.65000
2640                    8121.32000
2641                    8126.00000
2642                    8130.68000
2643                    8135.36000
2644                    8140.04000
2645                    8144.73000
2646                    8149.41000
2647                    8154.10000
2648                    8158.78000
2649                    8163.47000
2650                    8168.16000
2651                    8172.85000
2652                    8177.55000
2653                    8182.24000
2654                    8186.94000
2655                    8191.63000
2656                    8196.33000
2657                    8201.03000
2658                    8205.73000
2659                    8210.43000
2660                    8215.14000
2661                    8219.84000
2662                    8224.55000
2663                    8229.26000
2664                    8233.97000
2665                    8238.68000
2666                    8243.39000
2667                    8248.11000
2668                    8252.82000
2669                    8257.54000
2670                    8262.26000
2671                    8266.97000
2672                    8271.70000
2673                    8276.42000
2674                    8281.14000
2675                    8285.87000
2676                    8290.59000
2677                    8295.32000
2678                    8300.05000
2679                    8304.78000
2680                    8309.51000
2681                    8314.24000
2682                    8318.98000
2683                    8323.72000
2684                    8328.45000
2685                    8333.19000
2686                    8337.93000
2687                    8342.67000
2688                    8347.42000
2689                    8352.16000
2690                    8356.91000
2691                    8361.65000
2692                    8366.40000
2693                    8371.15000
2694                    8375.90000
2695                    8380.66000
2696                    8385.41000
2697                    8390.17000
2698                    8394.92000
2699                    8399.68000
2700                    8404.44000
2701                    8409.20000
2702                    8413.96000
2703                    8418.73000
2704                    8423.49000
2705                    8428.26000
2706                    8433.03000
2707                    8437.80000
2708                    8442.57000
2709                    8447.34000
2710                    8452.12000
2711                    8456.89000
2712                    8461.67000
2713                    8466.44000
2714                    8471.22000
2715                    8476.00000
2716                    8480.79000
2717                    8485.57000
2718                    8490.36000
2719                    8495.14000
2720                    8499.93000
2721                    8504.72000
2722                    8509.51000
2723                    8514.30000
2724                    8519.09000
2725                    8523.89000
2726                    8528.68000
2727                    8533.48000
2728                    8538.28000
2729                    8543.08000
2730                    8547.88000
2731                    8552.69000
2732                    8557.49000
2733                    8562.30000
2734                    8567.10000
2735                    8571.91000
2736                    8576.72000
2737                    8581.53000
2738                    8586.35000
2739                    8591.16000
2740                    8595.98000
2741                    8600.79000
2742                    8605.61000
2743                    8610.43000
2744                    8615.25000
2745                    8620.08000
2746                    8624.90000
2747                    8629.72000
2748                    8634.55000
2749                    8639.38000
2750                    8644.21000
2751                    8649.04000
2752                    8653.87000
2753                    8658.71000
2754                    8663.54000
2755                    8668.38000
2756                    8673.22000
2757                    8678.06000
2758                    8682.90000
2759                    8687.74000
2760                    8692.58000
2761                    8697.43000
2762                    8702.27000
2763                    8707.12000
2764                    8711.97000
2765                    8716.82000
2766                    8721.67000
2767                    8726.53000
2768                    8731.38000
2769                    8736.24000
2770                    8741.09000
2771                    8745.95000
2772                    8750.81000
2773                    8755.68000
2774                    8760.54000
2775                    8765.40000
2776                    8770.27000
2777                    8775.14000
2778                    8780.01000
2779                    8784.88000
2780                    8789.75000
2781                    8794.62000
2782                    8799.49000
2783                    8804.37000
2784                    8809.25000
2785                    8814.13000
2786                    8819.01000
2787                    8823.89000
2788                    8828.77000
2789                    8833.65000
2790                    8838.54000
2791                    8843.43000
2792                    8848.32000
2793                    8853.20000
2794                    8858.10000
2795                    8862.99000
2796                    8867.88000
2797                    8872.78000
2798                    8877.67000
2799                    8882.57000
2800                    8887.47000
2801                    8892.37000
2802                    8897.28000
2803                    8902.18000
2804                    8907.08000
2805                    8911.99000
2806                    8916.90000
2807                    8921.81000
2808                    8926.72000
2809                    8931.63000
2810                    8936.54000
2811                    8941.46000
2812                    8946.38000
2813                    8951.29000
2814                    8956.21000
2815                    8961.13000
2816                    8966.06000
2817                    8970.98000
2818                    8975.90000
2819                    8980.83000
2820                    8985.76000
2821                    8990.69000
2822                    8995.62000
2823                    9000.55000
2824                    9005.48000
2825                    9010.42000
2826                    9015.35000
2827                    9020.29000
2828                    9025.23000
2829                    9030.17000
2830                    9035.11000
2831                    9040.05000
2832                    9045.00000
2833                    9049.94000
2834                    9054.89000
2835                    9059.84000
2836                    9064.79000
2837                    9069.74000
2838                    9074.69000
2839                    9079.65000
2840                    9084.60000
2841                    9089.56000
2842                    9094.52000
2843                    9099.48000
2844                    9104.44000
2845                    9109.40000
2846                    9114.37000
2847                    9119.33000
2848                    9124.30000
2849                    9129.27000
2850                    9134.24000
2851                    9139.21000
2852                    9144.18000
2853                    9149.15000
2854                    9154.13000
2855                    9159.11000
2856                    9164.08000
2857                    9169.06000
2858                    9174.04000
2859                    9179.03000
2860                    9184.01000
2861                    9189.00000
2862                    9193.98000
2863                    9198.97000
2864                    9203.96000
2865                    9208.95000
2866                    9213.94000
2867                    9218.94000
2868                    9223.93000
2869                    9228.93000
2870                    9233.92000
2871                    9238.92000
2872                    9243.92000
2873                    9248.93000
2874                    9253.93000
2875                    9258.93000
2876                    9263.94000
2877                    9268.95000
2878                    9273.96000
2879                    9278.97000
2880                    9283.98000
2881                    9288.99000
2882                    9294.01000
2883                    9299.02000
2884                    9304.04000
2885                    9309.06000
2886                    9314.08000
2887                    9319.10000
2888                    9324.12000
2889                    9329.15000
2890                    9334.17000
2891                    9339.20000
2892                    9344.23000
2893                    9349.26000
2894                    9354.29000
2895                    9359.32000
2896                    9364.36000
2897                    9369.39000
2898                    9374.43000
2899                    9379.47000
2900                    9384.51000
2901                    9389.55000
2902                    9394.59000
2903                    9399.64000
2904                    9404.68000
2905                    9409.73000
2906                    9414.78000
2907                    9419.83000
2908                    9424.88000
2909                    9429.93000
2910                    9434.99000
2911                    9440.04000
2912                    9445.10000
2913                    9450.16000
2914                    9455.22000
2915                    9460.28000
2916                    9465.34000
2917                    9470.40000
2918                    9475.47000
2919                    9480.53000
2920                    9485.60000
2921                    9490.67000
2922                    9495.74000
2923                    9500.82000
2924                    9505.89000
2925                    9510.96000
2926                    9516.04000
2927                    9521.12000
2928                    9526.20000
2929                    9531.28000
2930                    9536.36000
2931                    9541.44000
2932                    9546.53000
2933                    9551.62000
2934                    9556.70000
2935                    9561.79000
2936                    9566.88000
2937                    9571.97000
2938                    9577.07000
2939                    9582.16000
2940                    9587.26000
2941                    9592.36000
2942                    9597.46000
2943                    9602.56000
2944                    9607.66000
2945                    9612.76000
2946                    9617.86000
2947                    9622.97000
2948                    9628.08000
2949                    9633.19000
2950                    9638.30000
2951                    9643.41000
2952                    9648.52000
2953                    9653.64000
2954                    9658.75000
2955                    9663.87000
2956                    9668.99000
2957                    9674.11000
2958                    9679.23000
2959                    9684.35000
2960                    9689.48000
2961                    9694.60000
2962                    9699.73000
2963                    9704.86000
2964                    9709.99000
2965                    9715.12000
2966                    9720.25000
2967                    9725.39000
2968                    9730.52000
2969                    9735.66000
2970                    9740.80000
2971                    9745.94000
2972                    9751.08000
2973                    9756.22000
2974                    9761.37000
2975                    9766.51000
2976                    9771.66000
2977                    9776.81000
2978                    9781.96000
2979                    9787.11000
2980                    9792.26000
2981                    9797.41000
2982                    9802.57000
2983                    9807.73000
2984                    9812.88000
2985                    9818.04000
2986                    9823.20000
2987                    9828.37000
2988                    9833.53000
2989                    9838.70000
2990                    9843.86000
2991                    9849.03000
2992                    9854.20000
2993                    9859.37000
2994                    9864.54000
2995                    9869.72000
2996                    9874.89000
2997                    9880.07000
2998                    9885.25000
2999                    9890.42000
3000                    9895.61000
3001                    9900.79000
3002                    9905.97000
3003                    9911.16000
3004                    9916.34000
3005                    9921.53000
3006                    9926.72000
3007                    9931.91000
3008                    9937.10000
3009                    9942.30000
3010                    9947.49000
3011                    9952.69000
3012                    9957.88000
3013                    9963.08000
3014                    9968.28000
3015                    9973.49000
3016                    9978.69000
3017                    9983.89000
3018                    9989.10000
3019                    9994.31000
3020                    9999.52000
3021                   10004.70000
3022                   10009.90000
3023                   10015.20000
3024                   10020.40000
3025                   10025.60000
3026                   10030.80000
3027                   10036.00000
3028                   10041.20000
3029                   10046.50000
3030                   10051.70000
3031                   10056.90000
3032                   10062.10000
3033                   10067.40000
3034                   10072.60000
3035                   10077.80000
3036                   10083.00000
3037                   10088.30000
3038                   10093.50000
3039                   10098.80000
3040                   10104.00000
3041                   10109.20000
3042                   10114.50000
3043                   10119.70000
3044                   10125.00000
3045                   10130.20000
3046                   10135.40000
3047                   10140.70000
3048                   10145.90000
3049                   10151.20000
3050                   10156.40000
3051                   10161.70000
3052                   10166.90000
3053                   10172.20000
3054                   10177.50000
3055                   10182.70000
3056                   10188.00000
3057                   10193.20000
3058                   10198.50000
3059                   10203.80000
3060                   10209.00000
3061                   10214.30000
3062                   10219.60000
3063                   10224.80000
3064                   10230.10000
3065                   10235.40000
3066                   10240.70000
3067                   10245.90000
3068                   10251.20000
3069                   10256.50000
3070                   10261.80000
3071                   10267.00000
3072                   10272.30000
3073                   10277.60000
3074                   10282.90000
3075                   10288.20000
3076                   10293.50000
3077                   10298.80000
3078                   10304.00000
3079                   10309.30000
3080                   10314.60000
3081                   10319.90000
3082                   10325.20000
3083                   10330.50000
3084                   10335.80000
3085                   10341.10000
3086                   10346.40000
3087                   10351.70000
3088                   10357.00000
3089                   10362.30000
3090                   10367.70000
3091                   10373.00000
3092                   10378.30000
3093                   10383.60000
3094                   10388.90000
3095                   10394.20000
3096                   10399.50000
3097                   10404.80000
3098                   10410.20000
3099                   10415.50000
3100                   10420.80000
3101                   10426.10000
3102                   10431.50000
3103                   10436.80000
3104                   10442.10000
3105                   10447.40000
3106                   10452.80000
3107                   10458.10000
3108                   10463.40000
3109                   10468.80000
3110                   10474.10000
3111                   10479.40000
3112                   10484.80000
3113                   10490.10000
3114                   10495.50000
3115                   10500.80000
3116                   10506.20000
3117                   10511.50000
3118                   10516.80000
3119                   10522.20000
3120                   10527.50000
3121                   10532.90000
3122                   10538.20000
3123                   10543.60000
3124                   10549.00000
3125                   10554.30000
3126                   10559.70000
3127                   10565.00000
3128                   10570.40000
3129                   10575.80000
3130                   10581.10000
3131                   10586.50000
3132                   10591.90000
3133                   10597.20000
3134                   10602.60000
3135                   10608.00000
3136                   10613.30000
3137                   10618.70000
3138                   10624.10000
3139                   10629.50000
3140                   10634.80000
3141                   10640.20000
3142                   10645.60000
3143                   10651.00000
3144                   10656.40000
3145                   10661.80000
3146                   10667.10000
3147                   10672.50000
3148                   10677.90000
3149                   10683.30000
3150                   10688.70000
3151                   10694.10000
3152                   10699.50000
3153                   10704.90000
3154                   10710.30000
3155                   10715.70000
3156                   10721.10000
3157                   10726.50000
3158                   10731.90000
3159                   10737.30000
3160                   10742.70000
3161                   10748.10000
3162                   10753.50000
3163                   10758.90000
3164                   10764.40000
3165                   10769.80000
3166                   10775.20000
3167                   10780.60000
3168                   10786.00000
3169                   10791.40000
3170                   10796.90000
3171                   10802.30000
3172                   10807.70000
3173                   10813.10000
3174                   10818.60000
3175                   10824.00000
3176                   10829.40000
3177                   10834.90000
3178                   10840.30000
3179                   10845.70000
3180                   10851.20000
3181                   10856.60000
3182                   10862.00000
3183                   10867.50000
3184                   10872.90000
3185                   10878.40000
3186                   10883.80000
3187                   10889.20000
3188                   10894.70000
3189                   10900.10000
3190                   10905.60000
3191                   10911.00000
3192                   10916.50000
3193                   10921.90000
3194                   10927.40000
3195                   10932.90000
3196                   10938.30000
3197                   10943.80000
3198                   10949.20000
3199                   10954.70000
3200                   10960.20000
3201                   10965.60000
3202                   10971.10000
3203                   10976.60000
3204                   10982.00000
3205                   10987.50000
3206                   10993.00000
3207                   10998.40000
3208                   11003.90000
3209                   11009.40000
3210                   11014.90000
3211                   11020.40000
3212                   11025.80000
3213                   11031.30000
3214                   11036.80000
3215                   11042.30000
3216                   11047.80000
3217                   11053.30000
3218                   11058.80000
3219                   11064.20000
3220                   11069.70000
3221                   11075.20000
3222                   11080.70000
3223                   11086.20000
3224                   11091.70000
3225                   11097.20000
3226                   11102.70000
3227                   11108.20000
3228                   11113.70000
3229                   11119.20000
3230                   11124.70000
3231                   11130.20000
3232                   11135.80000
3233                   11141.30000
3234                   11146.80000
3235                   11152.30000
3236                   11157.80000
3237                   11163.30000
3238                   11168.80000
3239                   11174.40000
3240                   11179.90000
3241                   11185.40000
3242                   11190.90000
3243                   11196.40000
3244                   11202.00000
3245                   11207.50000
3246                   11213.00000
3247                   11218.60000
3248                   11224.10000
3249                   11229.60000
3250                   11235.20000
3251                   11240.70000
3252                   11246.20000
3253                   11251.80000
3254                   11257.30000
3255                   11262.90000
3256                   11268.40000
3257                   11273.90000
3258                   11279.50000
3259                   11285.00000
3260                   11290.60000
3261                   11296.10000
3262                   11301.70000
3263                   11307.20000
3264                   11312.80000
3265                   11318.40000
3266                   11323.90000
3267                   11329.50000
3268                   11335.00000
3269                   11340.60000
3270                   11346.20000
3271                   11351.70000
3272                   11357.30000
3273                   11362.90000
3274                   11368.40000
3275                   11374.00000
3276                   11379.60000
3277                   11385.10000
3278                   11390.70000
3279                   11396.30000
3280                   11401.90000
3281                   11407.40000
3282                   11413.00000
3283                   11418.60000
3284                   11424.20000
3285                   11429.80000
3286                   11435.40000
3287                   11441.00000
3288                   11446.50000
3289                   11452.10000
3290                   11457.70000
3291                   11463.30000
3292                   11468.90000
3293                   11474.50000
3294                   11480.10000
3295                   11485.70000
3296                   11491.30000
3297                   11496.90000
3298                   11502.50000
3299                   11508.10000
3300                   11513.70000
3301                   11519.30000
3302                   11524.90000
3303                   11530.50000
3304                   11536.20000
3305                   11541.80000
3306                   11547.40000
3307                   11553.00000
3308                   11558.60000
3309                   11564.20000
3310                   11569.90000
3311                   11575.50000
3312                   11581.10000
3313                   11586.70000
3314                   11592.40000
3315                   11598.00000
3316                   11603.60000
3317                   11609.20000
3318                   11614.90000
3319                   11620.50000
3320                   11626.10000
3321                   11631.80000
3322                   11637.40000
3323                   11643.10000
3324                   11648.70000
3325                   11654.30000
3326                   11660.00000
3327                   11665.60000
3328                   11671.30000
3329                   11676.90000
3330                   11682.60000
3331                   11688.20000
3332                   11693.90000
3333                   11699.50000
3334                   11705.20000
3335                   11710.80000
3336                   11716.50000
3337                   11722.10000
3338                   11727.80000
3339                   11733.50000
3340                   11739.10000
3341                   11744.80000
3342                   11750.50000
3343                   11756.10000
3344                   11761.80000
3345                   11767.50000
3346                   11773.10000
3347                   11778.80000
3348                   11784.50000
3349                   11790.20000
3350                   11795.80000
3351                   11801.50000
3352                   11807.20000
3353                   11812.90000
3354                   11818.60000
3355                   11824.20000
3356                   11829.90000
3357                   11835.60000
3358                   11841.30000
3359                   11847.00000
3360                   11852.70000
3361                   11858.40000
3362                   11864.10000
3363                   11869.80000
3364                   11875.50000
3365                   11881.20000
3366                   11886.90000
3367                   11892.60000
3368                   11898.30000
3369                   11904.00000
3370                   11909.70000
3371                   11915.40000
3372                   11921.10000
3373                   11926.80000
3374                   11932.50000
3375                   11938.20000
3376                   11943.90000
3377                   11949.70000
3378                   11955.40000
3379                   11961.10000
3380                   11966.80000
3381                   11972.50000
3382                   11978.30000
3383                   11984.00000
3384                   11989.70000
3385                   11995.40000
3386                   12001.20000
3387                   12006.90000
3388                   12012.60000
3389                   12018.40000
3390                   12024.10000
3391                   12029.80000
3392                   12035.60000
3393                   12041.30000
3394                   12047.10000
3395                   12052.80000
3396                   12058.50000
3397                   12064.30000
3398                   12070.00000
3399                   12075.80000
3400                   12081.50000
3401                   12087.30000
3402                   12093.00000
3403                   12098.80000
3404                   12104.50000
3405                   12110.30000
3406                   12116.00000
3407                   12121.80000
3408                   12127.60000
3409                   12133.30000
3410                   12139.10000
3411                   12144.90000
3412                   12150.60000
3413                   12156.40000
3414                   12162.20000
3415                   12167.90000
3416                   12173.70000
3417                   12179.50000
3418                   12185.20000
3419                   12191.00000
3420                   12196.80000
3421                   12202.60000
3422                   12208.40000
3423                   12214.10000
3424                   12219.90000
3425                   12225.70000
3426                   12231.50000
3427                   12237.30000
3428                   12243.10000
3429                   12248.90000
3430                   12254.60000
3431                   12260.40000
3432                   12266.20000
3433                   12272.00000
3434                   12277.80000
3435                   12283.60000
3436                   12289.40000
3437                   12295.20000
3438                   12301.00000
3439                   12306.80000
3440                   12312.60000
3441                   12318.50000
3442                   12324.30000
3443                   12330.10000
3444                   12335.90000
3445                   12341.70000
3446                   12347.50000
3447                   12353.30000
3448                   12359.10000
3449                   12365.00000
3450                   12370.80000
3451                   12376.60000
3452                   12382.40000
3453                   12388.30000
3454                   12394.10000
3455                   12399.90000
3456                   12405.70000
3457                   12411.60000
3458                   12417.40000
3459                   12423.20000
3460                   12429.10000
3461                   12434.90000
3462                   12440.70000
3463                   12446.60000
3464                   12452.40000
3465                   12458.30000
3466                   12464.10000
3467                   12469.90000
3468                   12475.80000
3469                   12481.60000
3470                   12487.50000
3471                   12493.30000
3472                   12499.20000
3473                   12505.00000
3474                   12510.90000
3475                   12516.80000
3476                   12522.60000
3477                   12528.50000
3478                   12534.30000
3479                   12540.20000
3480                   12546.10000
3481                   12551.90000
3482                   12557.80000
3483                   12563.70000
3484                   12569.50000
3485                   12575.40000
3486                   12581.30000
3487                   12587.10000
3488                   12593.00000
3489                   12598.90000
3490                   12604.80000
3491                   12610.60000
3492                   12616.50000
3493                   12622.40000
3494                   12628.30000
3495                   12634.20000
3496                   12640.10000
3497                   12646.00000
3498                   12651.80000
3499                   12657.70000
3500                   12663.60000
3501                   12669.50000
3502                   12675.40000
3503                   12681.30000
3504                   12687.20000
3505                   12693.10000
3506                   12699.00000
3507                   12704.90000
3508                   12710.80000
3509                   12716.70000
3510                   12722.60000
3511                   12728.50000
3512                   12734.40000
3513                   12740.30000
3514                   12746.30000
3515                   12752.20000
3516                   12758.10000
3517                   12764.00000
3518                   12769.90000
3519                   12775.80000
3520                   12781.80000
3521                   12787.70000
3522                   12793.60000
3523                   12799.50000
3524                   12805.50000
3525                   12811.40000
3526                   12817.30000
3527                   12823.20000
3528                   12829.20000
3529                   12835.10000
3530                   12841.00000
3531                   12847.00000
3532                   12852.90000
3533                   12858.90000
3534                   12864.80000
3535                   12870.70000
3536                   12876.70000
3537                   12882.60000
3538                   12888.60000
3539                   12894.50000
3540                   12900.50000
3541                   12906.40000
3542                   12912.40000
3543                   12918.30000
3544                   12924.30000
3545                   12930.20000
3546                   12936.20000
3547                   12942.20000
3548                   12948.10000
3549                   12954.10000
3550                   12960.00000
3551                   12966.00000
3552                   12972.00000
3553                   12977.90000
3554                   12983.90000
3555                   12989.90000
3556                   12995.90000
3557                   13001.80000
3558                   13007.80000
3559                   13013.80000
3560                   13019.80000
3561                   13025.70000
3562                   13031.70000
3563                   13037.70000
3564                   13043.70000
3565                   13049.70000
3566                   13055.70000
3567                   13061.60000
3568                   13067.60000
3569                   13073.60000
3570                   13079.60000
3571                   13085.60000
3572                   13091.60000
3573                   13097.60000
3574                   13103.60000
3575                   13109.60000
3576                   13115.60000
3577                   13121.60000
3578                   13127.60000
3579                   13133.60000
3580                   13139.60000
3581                   13145.60000
3582                   13151.60000
3583                   13157.60000
3584                   13163.70000
3585                   13169.70000
3586                   13175.70000
3587                   13181.70000
3588                   13187.70000
3589                   13193.70000
3590                   13199.80000
3591                   13205.80000
3592                   13211.80000
3593                   13217.80000
3594                   13223.90000
3595                   13229.90000
3596                   13235.90000
3597                   13242.00000
3598                   13248.00000
3599                   13254.00000
3600                   13260.10000
3601                   13266.10000
3602                   13272.10000
3603                   13278.20000
3604                   13284.20000
3605                   13290.30000
3606                   13296.30000
3607                   13302.30000
3608                   13308.40000
3609                   13314.40000
3610                   13320.50000
3611                   13326.50000
3612                   13332.60000
3613                   13338.60000
3614                   13344.70000
3615                   13350.80000
3616                   13356.80000
3617                   13362.90000
3618                   13368.90000
3619                   13375.00000
3620                   13381.10000
3621                   13387.10000
3622                   13393.20000
3623                   13399.30000
3624                   13405.30000
3625                   13411.40000
3626                   13417.50000
3627                   13423.60000
3628                   13429.60000
3629                   13435.70000
3630                   13441.80000
3631                   13447.90000
3632                   13454.00000
3633                   13460.00000
3634                   13466.10000
3635                   13472.20000
3636                   13478.30000
3637                   13484.40000
3638                   13490.50000
3639                   13496.60000
3640                   13502.70000
3641                   13508.70000
3642                   13514.80000
3643                   13520.90000
3644                   13527.00000
3645                   13533.10000
3646                   13539.20000
3647                   13545.30000
3648                   13551.50000
3649                   13557.60000
3650                   13563.70000
3651                   13569.80000
3652                   13575.90000
3653                   13582.00000
3654                   13588.10000
3655                   13594.20000
3656                   13600.30000
3657                   13606.50000
3658                   13612.60000
3659                   13618.70000
3660                   13624.80000
3661                   13630.90000
3662                   13637.10000
3663                   13643.20000
3664                   13649.30000
3665                   13655.40000
3666                   13661.60000
3667                   13667.70000
3668                   13673.80000
3669                   13680.00000
3670                   13686.10000
3671                   13692.30000
3672                   13698.40000
3673                   13704.50000
3674                   13710.70000
3675                   13716.80000
3676                   13723.00000
3677                   13729.10000
3678                   13735.30000
3679                   13741.40000
3680                   13747.60000
3681                   13753.70000
3682                   13759.90000
3683                   13766.00000
3684                   13772.20000
3685                   13778.30000
3686                   13784.50000
3687                   13790.70000
3688                   13796.80000
3689                   13803.00000
3690                   13809.10000
3691                   13815.30000
3692                   13821.50000
3693                   13827.60000
3694                   13833.80000
3695                   13840.00000
3696                   13846.20000
3697                   13852.30000
3698                   13858.50000
3699                   13864.70000
3700                   13870.90000
3701                   13877.10000
3702                   13883.20000
3703                   13889.40000
3704                   13895.60000
3705                   13901.80000
3706                   13908.00000
3707                   13914.20000
3708                   13920.40000
3709                   13926.60000
3710                   13932.70000
3711                   13938.90000
3712                   13945.10000
3713                   13951.30000
3714                   13957.50000
3715                   13963.70000
3716                   13969.90000
3717                   13976.10000
3718                   13982.40000
3719                   13988.60000
3720                   13994.80000
3721                   14001.00000
3722                   14007.20000
3723                   14013.40000
3724                   14019.60000
3725                   14025.80000
3726                   14032.00000
3727                   14038.30000
3728                   14044.50000
3729                   14050.70000
3730                   14056.90000
3731                   14063.20000
3732                   14069.40000
3733                   14075.60000
3734                   14081.80000
3735                   14088.10000
3736                   14094.30000
3737                   14100.50000
3738                   14106.80000
3739                   14113.00000
3740                   14119.20000
3741                   14125.50000
3742                   14131.70000
3743                   14138.00000
3744                   14144.20000
3745                   14150.40000
3746                   14156.70000
3747                   14162.90000
3748                   14169.20000
3749                   14175.40000
3750                   14181.70000
3751                   14187.90000
3752                   14194.20000
3753                   14200.50000
3754                   14206.70000
3755                   14213.00000
3756                   14219.20000
3757                   14225.50000
3758                   14231.80000
3759                   14238.00000
3760                   14244.30000
3761                   14250.60000
3762                   14256.80000
3763                   14263.10000
3764                   14269.40000
3765                   14275.60000
3766                   14281.90000
3767                   14288.20000
3768                   14294.50000
3769                   14300.70000
3770                   14307.00000
3771                   14313.30000
3772                   14319.60000
3773                   14325.90000
3774                   14332.20000
3775                   14338.50000
3776                   14344.70000
3777                   14351.00000
3778                   14357.30000
3779                   14363.60000
3780                   14369.90000
3781                   14376.20000
3782                   14382.50000
3783                   14388.80000
3784                   14395.10000
3785                   14401.40000
3786                   14407.70000
3787                   14414.00000
3788                   14420.30000
3789                   14426.60000
3790                   14432.90000
3791                   14439.30000
3792                   14445.60000
3793                   14451.90000
3794                   14458.20000
3795                   14464.50000
3796                   14470.80000
3797                   14477.20000
3798                   14483.50000
3799                   14489.80000
3800                   14496.10000
3801                   14502.40000
3802                   14508.80000
3803                   14515.10000
3804                   14521.40000
3805                   14527.80000
3806                   14534.10000
3807                   14540.40000
3808                   14546.80000
3809                   14553.10000
3810                   14559.40000
3811                   14565.80000
3812                   14572.10000
3813                   14578.50000
3814                   14584.80000
3815                   14591.20000
3816                   14597.50000
3817                   14603.80000
3818                   14610.20000
3819                   14616.50000
3820                   14622.90000
3821                   14629.30000
3822                   14635.60000
3823                   14642.00000
3824                   14648.30000
3825                   14654.70000
3826                   14661.10000
3827                   14667.40000
3828                   14673.80000
3829                   14680.10000
3830                   14686.50000
3831                   14692.90000
3832                   14699.30000
3833                   14705.60000
3834                   14712.00000
3835                   14718.40000
3836                   14724.70000
3837                   14731.10000
3838                   14737.50000
3839                   14743.90000
3840                   14750.30000
3841                   14756.60000
3842                   14763.00000
3843                   14769.40000
3844                   14775.80000
3845                   14782.20000
3846                   14788.60000
3847                   14795.00000
3848                   14801.40000
3849                   14807.80000
3850                   14814.20000
3851                   14820.60000
3852                   14827.00000
3853                   14833.40000
3854                   14839.80000
3855                   14846.20000
3856                   14852.60000
3857                   14859.00000
3858                   14865.40000
3859                   14871.80000
3860                   14878.20000
3861                   14884.60000
3862                   14891.00000
3863                   14897.50000
3864                   14903.90000
3865                   14910.30000
3866                   14916.70000
3867                   14923.10000
3868                   14929.50000
3869                   14936.00000
3870                   14942.40000
3871                   14948.80000
3872                   14955.30000
3873                   14961.70000
3874                   14968.10000
3875                   14974.50000
3876                   14981.00000
3877                   14987.40000
3878                   14993.90000
3879                   15000.30000
3880                   15006.70000
3881                   15013.20000
3882                   15019.60000
3883                   15026.10000
3884                   15032.50000
3885                   15039.00000
3886                   15045.40000
3887                   15051.90000
3888                   15058.30000
3889                   15064.80000
3890                   15071.20000
3891                   15077.70000
3892                   15084.10000
3893                   15090.60000
3894                   15097.00000
3895                   15103.50000
3896                   15110.00000
3897                   15116.40000
3898                   15122.90000
3899                   15129.40000
3900                   15135.80000
3901                   15142.30000
3902                   15148.80000
3903                   15155.30000
3904                   15161.70000
3905                   15168.20000
3906                   15174.70000
3907                   15181.20000
3908                   15187.60000
3909                   15194.10000
3910                   15200.60000
3911                   15207.10000
3912                   15213.60000
3913                   15220.10000
3914                   15226.60000
3915                   15233.00000
3916                   15239.50000
3917                   15246.00000
3918                   15252.50000
3919                   15259.00000
3920                   15265.50000
3921                   15272.00000
3922                   15278.50000
3923                   15285.00000
3924                   15291.50000
3925                   15298.00000
3926                   15304.50000
3927                   15311.00000
3928                   15317.60000
3929                   15324.10000
3930                   15330.60000
3931                   15337.10000
3932                   15343.60000
3933                   15350.10000
3934                   15356.60000
3935                   15363.20000
3936                   15369.70000
3937                   15376.20000
3938                   15382.70000
3939                   15389.30000
3940                   15395.80000
3941                   15402.30000
3942                   15408.80000
3943                   15415.40000
3944                   15421.90000
3945                   15428.40000
3946                   15435.00000
3947                   15441.50000
3948                   15448.10000
3949                   15454.60000
3950                   15461.10000
3951                   15467.70000
3952                   15474.20000
3953                   15480.80000
3954                   15487.30000
3955                   15493.90000
3956                   15500.40000
3957                   15507.00000
3958                   15513.50000
3959                   15520.10000
3960                   15526.60000
3961                   15533.20000
3962                   15539.70000
3963                   15546.30000
3964                   15552.90000
3965                   15559.40000
3966                   15566.00000
3967                   15572.60000
3968                   15579.10000
3969                   15585.70000
3970                   15592.30000
3971                   15598.80000
3972                   15605.40000
3973                   15612.00000
3974                   15618.60000
3975                   15625.10000
3976                   15631.70000
3977                   15638.30000
3978                   15644.90000
3979                   15651.50000
3980                   15658.10000
3981                   15664.60000
3982                   15671.20000
3983                   15677.80000
3984                   15684.40000
3985                   15691.00000
3986                   15697.60000
3987                   15704.20000
3988                   15710.80000
3989                   15717.40000
3990                   15724.00000
3991                   15730.60000
3992                   15737.20000
3993                   15743.80000
3994                   15750.40000
3995                   15757.00000
3996                   15763.60000
3997                   15770.20000
3998                   15776.80000
3999                   15783.50000
4000                   15790.10000
4001                   15796.70000
4002                   15803.30000
4003                   15809.90000
4004                   15816.50000
4005                   15823.20000
4006                   15829.80000
4007                   15836.40000
4008                   15843.00000
4009                   15849.70000
4010                   15856.30000
4011                   15862.90000
4012                   15869.60000
4013                   15876.20000
4014                   15882.80000
4015                   15889.50000
4016                   15896.10000
4017                   15902.70000
4018                   15909.40000
4019                   15916.00000
4020                   15922.70000
4021                   15929.30000
4022                   15936.00000
4023                   15942.60000
4024                   15949.20000
4025                   15955.90000
4026                   15962.60000
4027                   15969.20000
4028                   15975.90000
4029                   15982.50000
4030                   15989.20000
4031                   15995.80000
4032                   16002.50000
4033                   16009.20000
4034                   16015.80000
4035                   16022.50000
4036                   16029.20000
4037                   16035.80000
4038                   16042.50000
4039                   16049.20000
4040                   16055.80000
4041                   16062.50000
4042                   16069.20000
4043                   16075.90000
4044                   16082.50000
4045                   16089.20000
4046                   16095.90000
4047                   16102.60000
4048                   16109.30000
4049                   16116.00000
4050                   16122.60000
4051                   16129.30000
4052                   16136.00000
4053                   16142.70000
4054                   16149.40000
4055                   16156.10000
4056                   16162.80000
4057                   16169.50000
4058                   16176.20000
4059                   16182.90000
4060                   16189.60000
4061                   16196.30000
4062                   16203.00000
4063                   16209.70000
4064                   16216.40000
4065                   16223.10000
4066                   16229.80000
4067                   16236.50000
4068                   16243.30000
4069                   16250.00000
4070                   16256.70000
4071                   16263.40000
4072                   16270.10000
4073                   16276.90000
4074                   16283.60000
4075                   16290.30000
4076                   16297.00000
4077                   16303.70000
4078                   16310.50000
4079                   16317.20000
4080                   16323.90000
4081                   16330.70000
4082                   16337.40000
4083                   16344.10000
4084                   16350.90000
4085                   16357.60000
4086                   16364.40000
4087                   16371.10000
4088                   16377.80000
4089                   16384.60000
4090                   16391.30000
4091                   16398.10000
4092                   16404.80000
4093                   16411.60000
4094                   16418.30000
4095                   16425.10000
4096                   16431.80000
4097                   16438.60000
4098                   16445.30000
4099                   16452.10000
4100                   16458.90000
4101                   16465.60000
4102                   16472.40000
4103                   16479.20000
4104                   16485.90000
4105                   16492.70000
4106                   16499.50000
4107                   16506.20000
4108                   16513.00000
4109                   16519.80000
4110                   16526.50000
4111                   16533.30000
4112                   16540.10000
4113                   16546.90000
4114                   16553.70000
4115                   16560.40000
4116                   16567.20000
4117                   16574.00000
4118                   16580.80000
4119                   16587.60000
4120                   16594.40000
4121                   16601.20000
4122                   16608.00000
4123                   16614.70000
4124                   16621.50000
4125                   16628.30000
4126                   16635.10000
4127                   16641.90000
4128                   16648.70000
4129                   16655.50000
4130                   16662.30000
4131                   16669.20000
4132                   16676.00000
4133                   16682.80000
4134                   16689.60000
4135                   16696.40000
4136                   16703.20000
4137                   16710.00000
4138                   16716.80000
4139                   16723.60000
4140                   16730.50000
4141                   16737.30000
4142                   16744.10000
4143                   16750.90000
4144                   16757.80000
4145                   16764.60000
4146                   16771.40000
4147                   16778.20000
4148                   16785.10000
4149                   16791.90000
4150                   16798.70000
4151                   16805.60000
4152                   16812.40000
4153                   16819.20000
4154                   16826.10000
4155                   16832.90000
4156                   16839.80000
4157                   16846.60000
4158                   16853.50000
4159                   16860.30000
4160                   16867.10000
4161                   16874.00000
4162                   16880.80000
4163                   16887.70000
4164                   16894.60000
4165                   16901.40000
4166                   16908.30000
4167                   16915.10000
4168                   16922.00000
4169                   16928.80000
4170                   16935.70000
4171                   16942.60000
4172                   16949.40000
4173                   16956.30000
4174                   16963.20000
4175                   16970.00000
4176                   16976.90000
4177                   16983.80000
4178                   16990.70000
4179                   16997.50000
4180                   17004.40000
4181                   17011.30000
4182                   17018.20000
4183                   17025.10000
4184                   17031.90000
4185                   17038.80000
4186                   17045.70000
4187                   17052.60000
4188                   17059.50000
4189                   17066.40000
4190                   17073.30000
4191                   17080.20000
4192                   17087.10000
4193                   17093.90000
4194                   17100.80000
4195                   17107.70000
4196                   17114.60000
4197                   17121.50000
4198                   17128.50000
4199                   17135.40000
4200                   17142.30000
4201                   17149.20000
4202                   17156.10000
4203                   17163.00000
4204                   17169.90000
4205                   17176.80000
4206                   17183.70000
4207                   17190.60000
4208                   17197.60000
4209                   17204.50000
4210                   17211.40000
4211                   17218.30000
4212                   17225.30000
4213                   17232.20000
4214                   17239.10000
4215                   17246.00000
4216                   17253.00000
4217                   17259.90000
4218                   17266.80000
4219                   17273.80000
4220                   17280.70000
4221                   17287.60000
4222                   17294.60000
4223                   17301.50000
4224                   17308.50000
4225                   17315.40000
4226                   17322.30000
4227                   17329.30000
4228                   17336.20000
4229                   17343.20000
4230                   17350.10000
4231                   17357.10000
4232                   17364.00000
4233                   17371.00000
4234                   17378.00000
4235                   17384.90000
4236                   17391.90000
4237                   17398.80000
4238                   17405.80000
4239                   17412.80000
4240                   17419.70000
4241                   17426.70000
4242                   17433.70000
4243                   17440.60000
4244                   17447.60000
4245                   17454.60000
4246                   17461.50000
4247                   17468.50000
4248                   17475.50000
4249                   17482.50000
4250                   17489.50000
4251                   17496.40000
4252                   17503.40000
4253                   17510.40000
4254                   17517.40000
4255                   17524.40000
4256                   17531.40000
4257                   17538.40000
4258                   17545.30000
4259                   17552.30000
4260                   17559.30000
4261                   17566.30000
4262                   17573.30000
4263                   17580.30000
4264                   17587.30000
4265                   17594.30000
4266                   17601.30000
4267                   17608.30000
4268                   17615.30000
4269                   17622.30000
4270                   17629.40000
4271                   17636.40000
4272                   17643.40000
4273                   17650.40000
4274                   17657.40000
4275                   17664.40000
4276                   17671.40000
4277                   17678.50000
4278                   17685.50000
4279                   17692.50000
4280                   17699.50000
4281                   17706.60000
4282                   17713.60000
4283                   17720.60000
4284                   17727.60000
4285                   17734.70000
4286                   17741.70000
4287                   17748.70000
4288                   17755.80000
4289                   17762.80000
4290                   17769.80000
4291                   17776.90000
4292                   17783.90000
4293                   17791.00000
4294                   17798.00000
4295                   17805.10000
4296                   17812.10000
4297                   17819.20000
4298                   17826.20000
4299                   17833.30000
4300                   17840.30000
4301                   17847.40000
4302                   17854.40000
4303                   17861.50000
4304                   17868.50000
4305                   17875.60000
4306                   17882.70000
4307                   17889.70000
4308                   17896.80000
4309                   17903.90000
4310                   17910.90000
4311                   17918.00000
4312                   17925.10000
4313                   17932.10000
4314                   17939.20000
4315                   17946.30000
4316                   17953.40000
4317                   17960.40000
4318                   17967.50000
4319                   17974.60000
4320                   17981.70000
4321                   17988.80000
4322                   17995.90000
4323                   18002.90000
4324                   18010.00000
4325                   18017.10000
4326                   18024.20000
4327                   18031.30000
4328                   18038.40000
4329                   18045.50000
4330                   18052.60000
4331                   18059.70000
4332                   18066.80000
4333                   18073.90000
4334                   18081.00000
4335                   18088.10000
4336                   18095.20000
4337                   18102.30000
4338                   18109.40000
4339                   18116.50000
4340                   18123.60000
4341                   18130.80000
4342                   18137.90000
4343                   18145.00000
4344                   18152.10000
4345                   18159.20000
4346                   18166.30000
4347                   18173.50000
4348                   18180.60000
4349                   18187.70000
4350                   18194.80000
4351                   18202.00000
4352                   18209.10000
4353                   18216.20000
4354                   18223.40000
4355                   18230.50000
4356                   18237.60000
4357                   18244.80000
4358                   18251.90000
4359                   18259.00000
4360                   18266.20000
4361                   18273.30000
4362                   18280.50000
4363                   18287.60000
4364                   18294.80000
4365                   18301.90000
4366                   18309.10000
4367                   18316.20000
4368                   18323.40000
4369                   18330.50000
4370                   18337.70000
4371                   18344.80000
4372                   18352.00000
4373                   18359.20000
4374                   18366.30000
4375                   18373.50000
4376                   18380.70000
4377                   18387.80000
4378                   18395.00000
4379                   18402.20000
4380                   18409.30000
4381                   18416.50000
4382                   18423.70000
4383                   18430.80000
4384                   18438.00000
4385                   18445.20000
4386                   18452.40000
4387                   18459.60000
4388                   18466.70000
4389                   18473.90000
4390                   18481.10000
4391                   18488.30000
4392                   18495.50000
4393                   18502.70000
4394                   18509.90000
4395                   18517.10000
4396                   18524.30000
4397                   18531.50000
4398                   18538.70000
4399                   18545.90000
4400                   18553.10000
4401                   18560.30000
4402                   18567.50000
4403                   18574.70000
4404                   18581.90000
4405                   18589.10000
4406                   18596.30000
4407                   18603.50000
4408                   18610.70000
4409                   18617.90000
4410                   18625.10000
4411                   18632.40000
4412                   18639.60000
4413                   18646.80000
4414                   18654.00000
4415                   18661.20000
4416                   18668.50000
4417                   18675.70000
4418                   18682.90000
4419                   18690.10000
4420                   18697.40000
4421                   18704.60000
4422                   18711.80000
4423                   18719.10000
4424                   18726.30000
4425                   18733.50000
4426                   18740.80000
4427                   18748.00000
4428                   18755.30000
4429                   18762.50000
4430                   18769.80000
4431                   18777.00000
4432                   18784.20000
4433                   18791.50000
4434                   18798.70000
4435                   18806.00000
4436                   18813.20000
4437                   18820.50000
4438                   18827.80000
4439                   18835.00000
4440                   18842.30000
4441                   18849.50000
4442                   18856.80000
4443                   18864.10000
4444                   18871.30000
4445                   18878.60000
4446                   18885.90000
4447                   18893.10000
4448                   18900.40000
4449                   18907.70000
4450                   18915.00000
4451                   18922.20000
4452                   18929.50000
4453                   18936.80000
4454                   18944.10000
4455                   18951.30000
4456                   18958.60000
4457                   18965.90000
4458                   18973.20000
4459                   18980.50000
4460                   18987.80000
4461                   18995.10000
4462                   19002.40000
4463                   19009.60000
4464                   19016.90000
4465                   19024.20000
4466                   19031.50000
4467                   19038.80000
4468                   19046.10000
4469                   19053.40000
4470                   19060.70000
4471                   19068.00000
4472                   19075.40000
4473                   19082.70000
4474                   19090.00000
4475                   19097.30000
4476                   19104.60000
4477                   19111.90000
4478                   19119.20000
4479                   19126.50000
4480                   19133.90000
4481                   19141.20000
4482                   19148.50000
4483                   19155.80000
4484                   19163.10000
4485                   19170.50000
4486                   19177.80000
4487                   19185.10000
4488                   19192.50000
4489                   19199.80000
4490                   19207.10000
4491                   19214.50000
4492                   19221.80000
4493                   19229.10000
4494                   19236.50000
4495                   19243.80000
4496                   19251.20000
4497                   19258.50000
4498                   19265.80000
4499                   19273.20000
4500                   19280.50000
4501                   19287.90000
4502                   19295.20000
4503                   19302.60000
4504                   19309.90000
4505                   19317.30000
4506                   19324.70000
4507                   19332.00000
4508                   19339.40000
4509                   19346.70000
4510                   19354.10000
4511                   19361.50000
4512                   19368.80000
4513                   19376.20000
4514                   19383.60000
4515                   19390.90000
4516                   19398.30000
4517                   19405.70000
4518                   19413.10000
4519                   19420.40000
4520                   19427.80000
4521                   19435.20000
4522                   19442.60000
4523                   19450.00000
4524                   19457.30000
4525                   19464.70000
4526                   19472.10000
4527                   19479.50000
4528                   19486.90000
4529                   19494.30000
4530                   19501.70000
4531                   19509.10000
4532                   19516.50000
4533                   19523.90000
4534                   19531.20000
4535                   19538.60000
4536                   19546.00000
4537                   19553.50000
4538                   19560.90000
4539                   19568.30000
4540                   19575.70000
4541                   19583.10000
4542                   19590.50000
4543                   19597.90000
4544                   19605.30000
4545                   19612.70000
4546                   19620.10000
4547                   19627.60000
4548                   19635.00000
4549                   19642.40000
4550                   19649.80000
4551                   19657.20000
4552                   19664.70000
4553                   19672.10000
4554                   19679.50000
4555                   19687.00000
4556                   19694.40000
4557                   19701.80000
4558                   19709.30000
4559                   19716.70000
4560                   19724.10000
4561                   19731.60000
4562                   19739.00000
4563                   19746.40000
4564                   19753.90000
4565                   19761.30000
4566                   19768.80000
4567                   19776.20000
4568                   19783.70000
4569                   19791.10000
4570                   19798.60000
4571                   19806.00000
4572                   19813.50000
4573                   19820.90000
4574                   19828.40000
4575                   19835.90000
4576                   19843.30000
4577                   19850.80000
4578                   19858.20000
4579                   19865.70000
4580                   19873.20000
4581                   19880.60000
4582                   19888.10000
4583                   19895.60000
4584                   19903.00000
4585                   19910.50000
4586                   19918.00000
4587                   19925.50000
4588                   19933.00000
4589                   19940.40000
4590                   19947.90000
4591                   19955.40000
4592                   19962.90000
4593                   19970.40000
4594                   19977.90000
4595                   19985.30000
4596                   19992.80000
4597                   20000.30000
4598                   20007.80000
4599                   20015.30000
4600                   20022.80000
4601                   20030.30000
4602                   20037.80000
4603                   20045.30000
4604                   20052.80000
4605                   20060.30000
4606                   20067.80000
4607                   20075.30000
4608                   20082.80000
4609                   20090.30000
4610                   20097.90000
4611                   20105.40000
4612                   20112.90000
4613                   20120.40000
4614                   20127.90000
4615                   20135.40000
4616                   20142.90000
4617                   20150.50000
4618                   20158.00000
4619                   20165.50000
4620                   20173.00000
4621                   20180.60000
4622                   20188.10000
4623                   20195.60000
4624                   20203.20000
4625                   20210.70000
4626                   20218.20000
4627                   20225.80000
4628                   20233.30000
4629                   20240.80000
4630                   20248.40000
4631                   20255.90000
4632                   20263.50000
4633                   20271.00000
4634                   20278.60000
4635                   20286.10000
4636                   20293.70000
4637                   20301.20000
4638                   20308.80000
4639                   20316.30000
4640                   20323.90000
4641                   20331.40000
4642                   20339.00000
4643                   20346.50000
4644                   20354.10000
4645                   20361.70000
4646                   20369.20000
4647                   20376.80000
4648                   20384.40000
4649                   20391.90000
4650                   20399.50000
4651                   20407.10000
4652                   20414.60000
4653                   20422.20000
4654                   20429.80000
4655                   20437.40000
4656                   20445.00000
4657                   20452.50000
4658                   20460.10000
4659                   20467.70000
4660                   20475.30000
4661                   20482.90000
4662                   20490.50000
4663                   20498.10000
4664                   20505.60000
4665                   20513.20000
4666                   20520.80000
4667                   20528.40000
4668                   20536.00000
4669                   20543.60000
4670                   20551.20000
4671                   20558.80000
4672                   20566.40000
4673                   20574.00000
4674                   20581.60000
4675                   20589.20000
4676                   20596.90000
4677                   20604.50000
4678                   20612.10000
4679                   20619.70000
4680                   20627.30000
4681                   20634.90000
4682                   20642.50000
4683                   20650.20000
4684                   20657.80000
4685                   20665.40000
4686                   20673.00000
4687                   20680.60000
4688                   20688.30000
4689                   20695.90000
4690                   20703.50000
4691                   20711.20000
4692                   20718.80000
4693                   20726.40000
4694                   20734.10000
4695                   20741.70000
4696                   20749.30000
4697                   20757.00000
4698                   20764.60000
4699                   20772.30000
4700                   20779.90000
4701                   20787.60000
4702                   20795.20000
4703                   20802.90000
4704                   20810.50000
4705                   20818.20000
4706                   20825.80000
4707                   20833.50000
4708                   20841.10000
4709                   20848.80000
4710                   20856.40000
4711                   20864.10000
4712                   20871.80000
4713                   20879.40000
4714                   20887.10000
4715                   20894.80000
4716                   20902.40000
4717                   20910.10000
4718                   20917.80000
4719                   20925.40000
4720                   20933.10000
4721                   20940.80000
4722                   20948.50000
4723                   20956.10000
4724                   20963.80000
4725                   20971.50000
4726                   20979.20000
4727                   20986.90000
4728                   20994.60000
4729                   21002.30000
4730                   21009.90000
4731                   21017.60000
4732                   21025.30000
4733                   21033.00000
4734                   21040.70000
4735                   21048.40000
4736                   21056.10000
4737                   21063.80000
4738                   21071.50000
4739                   21079.20000
4740                   21086.90000
4741                   21094.60000
4742                   21102.30000
4743                   21110.00000
4744                   21117.70000
4745                   21125.50000
4746                   21133.20000
4747                   21140.90000
4748                   21148.60000
4749                   21156.30000
4750                   21164.00000
4751                   21171.80000
4752                   21179.50000
4753                   21187.20000
4754                   21194.90000
4755                   21202.70000
4756                   21210.40000
4757                   21218.10000
4758                   21225.80000
4759                   21233.60000
4760                   21241.30000
4761                   21249.00000
4762                   21256.80000
4763                   21264.50000
4764                   21272.30000
4765                   21280.00000
4766                   21287.70000
4767                   21295.50000
4768                   21303.20000
4769                   21311.00000
4770                   21318.70000
4771                   21326.50000
4772                   21334.20000
4773                   21342.00000
4774                   21349.70000
4775                   21357.50000
4776                   21365.30000
4777                   21373.00000
4778                   21380.80000
4779                   21388.50000
4780                   21396.30000
4781                   21404.10000
4782                   21411.80000
4783                   21419.60000
4784                   21427.40000
4785                   21435.10000
4786                   21442.90000
4787                   21450.70000
4788                   21458.50000
4789                   21466.20000
4790                   21474.00000
4791                   21481.80000
4792                   21489.60000
4793                   21497.40000
4794                   21505.20000
4795                   21512.90000
4796                   21520.70000
4797                   21528.50000
4798                   21536.30000
4799                   21544.10000
4800                   21551.90000
4801                   21559.70000
4802                   21567.50000
4803                   21575.30000
4804                   21583.10000
4805                   21590.90000
4806                   21598.70000
4807                   21606.50000
4808                   21614.30000
4809                   21622.10000
4810                   21629.90000
4811                   21637.70000
4812                   21645.50000
4813                   21653.30000
4814                   21661.20000
4815                   21669.00000
4816                   21676.80000
4817                   21684.60000
4818                   21692.40000
4819                   21700.30000
4820                   21708.10000
4821                   21715.90000
4822                   21723.70000
4823                   21731.60000
4824                   21739.40000
4825                   21747.20000
4826                   21755.00000
4827                   21762.90000
4828                   21770.70000
4829                   21778.60000
4830                   21786.40000
4831                   21794.20000
4832                   21802.10000
4833                   21809.90000
4834                   21817.80000
4835                   21825.60000
4836                   21833.50000
4837                   21841.30000
4838                   21849.20000
4839                   21857.00000
4840                   21864.90000
4841                   21872.70000
4842                   21880.60000
4843                   21888.40000
4844                   21896.30000
4845                   21904.10000
4846                   21912.00000
4847                   21919.90000
4848                   21927.70000
4849                   21935.60000
4850                   21943.50000
4851                   21951.30000
4852                   21959.20000
4853                   21967.10000
4854                   21975.00000
4855                   21982.80000
4856                   21990.70000
4857                   21998.60000
4858                   22006.50000
4859                   22014.40000
4860                   22022.20000
4861                   22030.10000
4862                   22038.00000
4863                   22045.90000
4864                   22053.80000
4865                   22061.70000
4866                   22069.60000
4867                   22077.50000
4868                   22085.40000
4869                   22093.30000
4870                   22101.20000
4871                   22109.10000
4872                   22117.00000
4873                   22124.90000
4874                   22132.80000
4875                   22140.70000
4876                   22148.60000
4877                   22156.50000
4878                   22164.40000
4879                   22172.30000
4880                   22180.20000
4881                   22188.10000
4882                   22196.00000
4883                   22204.00000
4884                   22211.90000
4885                   22219.80000
4886                   22227.70000
4887                   22235.70000
4888                   22243.60000
4889                   22251.50000
4890                   22259.40000
4891                   22267.40000
4892                   22275.30000
4893                   22283.20000
4894                   22291.20000
4895                   22299.10000
4896                   22307.00000
4897                   22315.00000
4898                   22322.90000
4899                   22330.90000
4900                   22338.80000
4901                   22346.70000
4902                   22354.70000
4903                   22362.60000
4904                   22370.60000
4905                   22378.50000
4906                   22386.50000
4907                   22394.40000
4908                   22402.40000
4909                   22410.40000
4910                   22418.30000
4911                   22426.30000
4912                   22434.20000
4913                   22442.20000
4914                   22450.20000
4915                   22458.10000
4916                   22466.10000
4917                   22474.10000
4918                   22482.00000
4919                   22490.00000
4920                   22498.00000
4921                   22505.90000
4922                   22513.90000
4923                   22521.90000
4924                   22529.90000
4925                   22537.90000
4926                   22545.80000
4927                   22553.80000
4928                   22561.80000
4929                   22569.80000
4930                   22577.80000
4931                   22585.80000
4932                   22593.80000
4933                   22601.80000
4934                   22609.80000
4935                   22617.70000
4936                   22625.70000
4937                   22633.70000
4938                   22641.70000
4939                   22649.70000
4940                   22657.80000
4941                   22665.80000
4942                   22673.80000
4943                   22681.80000
4944                   22689.80000
4945                   22697.80000
4946                   22705.80000
4947                   22713.80000
4948                   22721.80000
4949                   22729.80000
4950                   22737.90000
4951                   22745.90000
4952                   22753.90000
4953                   22761.90000
4954                   22769.90000
4955                   22778.00000
4956                   22786.00000
4957                   22794.00000
4958                   22802.10000
4959                   22810.10000
4960                   22818.10000
4961                   22826.20000
4962                   22834.20000
4963                   22842.20000
4964                   22850.30000
4965                   22858.30000
4966                   22866.40000
4967                   22874.40000
4968                   22882.40000
4969                   22890.50000
4970                   22898.50000
4971                   22906.60000
4972                   22914.60000
4973                   22922.70000
4974                   22930.70000
4975                   22938.80000
4976                   22946.90000
4977                   22954.90000
4978                   22963.00000
4979                   22971.00000
4980                   22979.10000
4981                   22987.20000
4982                   22995.20000
4983                   23003.30000
4984                   23011.40000
4985                   23019.40000
4986                   23027.50000
4987                   23035.60000
4988                   23043.70000
4989                   23051.70000
4990                   23059.80000
4991                   23067.90000
4992                   23076.00000
4993                   23084.10000
4994                   23092.10000
4995                   23100.20000
4996                   23108.30000
4997                   23116.40000
4998                   23124.50000
4999                   23132.60000
5000                   23140.70000
5001                   23148.80000
5002                   23156.90000
5003                   23165.00000
5004                   23173.10000
5005                   23181.20000
5006                   23189.30000
5007                   23197.40000
5008                   23205.50000
5009                   23213.60000
5010                   23221.70000
5011                   23229.80000
5012                   23237.90000
5013                   23246.00000
5014                   23254.10000
5015                   23262.30000
5016                   23270.40000
5017                   23278.50000
5018                   23286.60000
5019                   23294.70000
5020                   23302.90000
5021                   23311.00000
5022                   23319.10000
5023                   23327.20000
5024                   23335.40000
5025                   23343.50000
5026                   23351.60000
5027                   23359.80000
5028                   23367.90000
5029                   23376.00000
5030                   23384.20000
5031                   23392.30000
5032                   23400.40000
5033                   23408.60000
5034                   23416.70000
5035                   23424.90000
5036                   23433.00000
5037                   23441.20000
5038                   23449.30000
5039                   23457.50000
5040                   23465.60000
5041                   23473.80000
5042                   23481.90000
5043                   23490.10000
5044                   23498.30000
5045                   23506.40000
5046                   23514.60000
5047                   23522.70000
5048                   23530.90000
5049                   23539.10000
5050                   23547.20000
5051                   23555.40000
5052                   23563.60000
5053                   23571.80000
5054                   23579.90000
5055                   23588.10000
5056                   23596.30000
5057                   23604.50000
5058                   23612.60000
5059                   23620.80000
5060                   23629.00000
5061                   23637.20000
5062                   23645.40000
5063                   23653.60000
5064                   23661.80000
5065                   23670.00000
5066                   23678.10000
5067                   23686.30000
5068                   23694.50000
5069                   23702.70000
5070                   23710.90000
5071                   23719.10000
5072                   23727.30000
5073                   23735.50000
5074                   23743.70000
5075                   23751.90000
5076                   23760.10000
5077                   23768.40000
5078                   23776.60000
5079                   23784.80000
5080                   23793.00000
5081                   23801.20000
5082                   23809.40000
5083                   23817.60000
5084                   23825.90000
5085                   23834.10000
5086                   23842.30000
5087                   23850.50000
5088                   23858.80000
5089                   23867.00000
5090                   23875.20000
5091                   23883.40000
5092                   23891.70000
5093                   23899.90000
5094                   23908.10000
5095                   23916.40000
5096                   23924.60000
5097                   23932.90000
5098                   23941.10000
5099                   23949.30000
5100                   23957.60000
5101                   23965.80000
5102                   23974.10000
5103                   23982.30000
5104                   23990.60000
5105                   23998.80000
5106                   24007.10000
5107                   24015.30000
5108                   24023.60000
5109                   24031.80000
5110                   24040.10000
5111                   24048.40000
5112                   24056.60000
5113                   24064.90000
5114                   24073.10000
5115                   24081.40000
5116                   24089.70000
5117                   24097.90000
5118                   24106.20000
5119                   24114.50000
5120                   24122.80000
5121                   24131.00000
5122                   24139.30000
5123                   24147.60000
5124                   24155.90000
5125                   24164.20000
5126                   24172.40000
5127                   24180.70000
5128                   24189.00000
5129                   24197.30000
5130                   24205.60000
5131                   24213.90000
5132                   24222.20000
5133                   24230.50000
5134                   24238.80000
5135                   24247.10000
5136                   24255.30000
5137                   24263.60000
5138                   24272.00000
5139                   24280.30000
5140                   24288.60000
5141                   24296.90000
5142                   24305.20000
5143                   24313.50000
5144                   24321.80000
5145                   24330.10000
5146                   24338.40000
5147                   24346.70000
5148                   24355.00000
5149                   24363.40000
5150                   24371.70000
5151                   24380.00000
5152                   24388.30000
5153                   24396.60000
5154                   24405.00000
5155                   24413.30000
5156                   24421.60000
5157                   24430.00000
5158                   24438.30000
5159                   24446.60000
5160                   24455.00000
5161                   24463.30000
5162                   24471.60000
5163                   24480.00000
5164                   24488.30000
5165                   24496.60000
5166                   24505.00000
5167                   24513.30000
5168                   24521.70000
5169                   24530.00000
5170                   24538.40000
5171                   24546.70000
5172                   24555.10000
5173                   24563.40000
5174                   24571.80000
5175                   24580.10000
5176                   24588.50000
5177                   24596.90000
5178                   24605.20000
5179                   24613.60000
5180                   24621.90000
5181                   24630.30000
5182                   24638.70000
5183                   24647.10000
5184                   24655.40000
5185                   24663.80000
5186                   24672.20000
5187                   24680.50000
5188                   24688.90000
5189                   24697.30000
5190                   24705.70000
5191                   24714.10000
5192                   24722.40000
5193                   24730.80000
5194                   24739.20000
5195                   24747.60000
5196                   24756.00000
5197                   24764.40000
5198                   24772.80000
5199                   24781.20000
5200                   24789.60000
5201                   24797.90000
5202                   24806.30000
5203                   24814.70000
5204                   24823.10000
5205                   24831.50000
5206                   24840.00000
5207                   24848.40000
5208                   24856.80000
5209                   24865.20000
5210                   24873.60000
5211                   24882.00000
5212                   24890.40000
5213                   24898.80000
5214                   24907.20000
5215                   24915.70000
5216                   24924.10000
5217                   24932.50000
5218                   24940.90000
5219                   24949.30000
5220                   24957.80000
5221                   24966.20000
5222                   24974.60000
5223                   24983.00000
5224                   24991.50000
5225                   24999.90000
5226                   25008.30000
5227                   25016.80000
5228                   25025.20000
5229                   25033.70000
5230                   25042.10000
5231                   25050.50000
5232                   25059.00000
5233                   25067.40000
5234                   25075.90000
5235                   25084.30000
5236                   25092.80000
5237                   25101.20000
5238                   25109.70000
5239                   25118.10000
5240                   25126.60000
5241                   25135.00000
5242                   25143.50000
5243                   25151.90000
5244                   25160.40000
5245                   25168.90000
5246                   25177.30000
5247                   25185.80000
5248                   25194.30000
5249                   25202.70000
5250                   25211.20000
5251                   25219.70000
5252                   25228.20000
5253                   25236.60000
5254                   25245.10000
5255                   25253.60000
5256                   25262.10000
5257                   25270.50000
5258                   25279.00000
5259                   25287.50000
5260                   25296.00000
5261                   25304.50000
5262                   25313.00000
5263                   25321.50000
5264                   25329.90000
5265                   25338.40000
5266                   25346.90000
5267                   25355.40000
5268                   25363.90000
5269                   25372.40000
5270                   25380.90000
5271                   25389.40000
5272                   25397.90000
5273                   25406.40000
5274                   25414.90000
5275                   25423.50000
5276                   25432.00000
5277                   25440.50000
5278                   25449.00000
5279                   25457.50000
5280                   25466.00000
5281                   25474.50000
5282                   25483.10000
5283                   25491.60000
5284                   25500.10000
5285                   25508.60000
5286                   25517.10000
5287                   25525.70000
5288                   25534.20000
5289                   25542.70000
5290                   25551.30000
5291                   25559.80000
5292                   25568.30000
5293                   25576.90000
5294                   25585.40000
5295                   25593.90000
5296                   25602.50000
5297                   25611.00000
5298                   25619.60000
5299                   25628.10000
5300                   25636.60000
5301                   25645.20000
5302                   25653.70000
5303                   25662.30000
5304                   25670.80000
5305                   25679.40000
5306                   25688.00000
5307                   25696.50000
5308                   25705.10000
5309                   25713.60000
5310                   25722.20000
5311                   25730.80000
5312                   25739.30000
5313                   25747.90000
5314                   25756.50000
5315                   25765.00000
5316                   25773.60000
5317                   25782.20000
5318                   25790.70000
5319                   25799.30000
5320                   25807.90000
5321                   25816.50000
5322                   25825.00000
5323                   25833.60000
5324                   25842.20000
5325                   25850.80000
5326                   25859.40000
5327                   25868.00000
5328                   25876.60000
5329                   25885.10000
5330                   25893.70000
5331                   25902.30000
5332                   25910.90000
5333                   25919.50000
5334                   25928.10000
5335                   25936.70000
5336                   25945.30000
5337                   25953.90000
5338                   25962.50000
5339                   25971.10000
5340                   25979.70000
5341                   25988.30000
5342                   25997.00000
5343                   26005.60000
5344                   26014.20000
5345                   26022.80000
5346                   26031.40000
5347                   26040.00000
5348                   26048.60000
5349                   26057.30000
5350                   26065.90000
5351                   26074.50000
5352                   26083.10000
5353                   26091.80000
5354                   26100.40000
5355                   26109.00000
5356                   26117.60000
5357                   26126.30000
5358                   26134.90000
5359                   26143.50000
5360                   26152.20000
5361                   26160.80000
5362                   26169.50000
5363                   26178.10000
5364                   26186.80000
5365                   26195.40000
5366                   26204.00000
5367                   26212.70000
5368                   26221.30000
5369                   26230.00000
5370                   26238.60000
5371                   26247.30000
5372                   26256.00000
5373                   26264.60000
5374                   26273.30000
5375                   26281.90000
5376                   26290.60000
5377                   26299.20000
5378                   26307.90000
5379                   26316.60000
5380                   26325.20000
5381                   26333.90000
5382                   26342.60000
5383                   26351.30000
5384                   26359.90000
5385                   26368.60000
5386                   26377.30000
5387                   26386.00000
5388                   26394.60000
5389                   26403.30000
5390                   26412.00000
5391                   26420.70000
5392                   26429.40000
5393                   26438.10000
5394                   26446.80000
5395                   26455.40000
5396                   26464.10000
5397                   26472.80000
5398                   26481.50000
5399                   26490.20000
5400                   26498.90000
5401                   26507.60000
5402                   26516.30000
5403                   26525.00000
5404                   26533.70000
5405                   26542.40000
5406                   26551.10000
5407                   26559.80000
5408                   26568.60000
5409                   26577.30000
5410                   26586.00000
5411                   26594.70000
5412                   26603.40000
5413                   26612.10000
5414                   26620.80000
5415                   26629.60000
5416                   26638.30000
5417                   26647.00000
5418                   26655.70000
5419                   26664.50000
5420                   26673.20000
5421                   26681.90000
5422                   26690.70000
5423                   26699.40000
5424                   26708.10000
5425                   26716.90000
5426                   26725.60000
5427                   26734.30000
5428                   26743.10000
5429                   26751.80000
5430                   26760.60000
5431                   26769.30000
5432                   26778.10000
5433                   26786.80000
5434                   26795.60000
5435                   26804.30000
5436                   26813.10000
5437                   26821.80000
5438                   26830.60000
5439                   26839.30000
5440                   26848.10000
5441                   26856.80000
5442                   26865.60000
5443                   26874.40000
5444                   26883.10000
5445                   26891.90000
5446                   26900.70000
5447                   26909.40000
5448                   26918.20000
5449                   26927.00000
5450                   26935.80000
5451                   26944.50000
5452                   26953.30000
5453                   26962.10000
5454                   26970.90000
5455                   26979.70000
5456                   26988.40000
5457                   26997.20000
5458                   27006.00000
5459                   27014.80000
5460                   27023.60000
5461                   27032.40000
5462                   27041.20000
5463                   27050.00000
5464                   27058.80000
5465                   27067.60000
5466                   27076.40000
5467                   27085.20000
5468                   27094.00000
5469                   27102.80000
5470                   27111.60000
5471                   27120.40000
5472                   27129.20000
5473                   27138.00000
5474                   27146.80000
5475                   27155.60000
5476                   27164.40000
5477                   27173.20000
5478                   27182.10000
5479                   27190.90000
5480                   27199.70000
5481                   27208.50000
5482                   27217.30000
5483                   27226.20000
5484                   27235.00000
5485                   27243.80000
5486                   27252.60000
5487                   27261.50000
5488                   27270.30000
5489                   27279.10000
5490                   27288.00000
5491                   27296.80000
5492                   27305.70000
5493                   27314.50000
5494                   27323.30000
5495                   27332.20000
5496                   27341.00000
5497                   27349.90000
5498                   27358.70000
5499                   27367.60000
5500                   27376.40000
5501                   27385.30000
5502                   27394.10000
5503                   27403.00000
5504                   27411.80000
5505                   27420.70000
5506                   27429.60000
5507                   27438.40000
5508                   27447.30000
5509                   27456.10000
5510                   27465.00000
5511                   27473.90000
5512                   27482.70000
5513                   27491.60000
5514                   27500.50000
5515                   27509.40000
5516                   27518.20000
5517                   27527.10000
5518                   27536.00000
5519                   27544.90000
5520                   27553.70000
5521                   27562.60000
5522                   27571.50000
5523                   27580.40000
5524                   27589.30000
5525                   27598.20000
5526                   27607.10000
5527                   27616.00000
5528                   27624.90000
5529                   27633.70000
5530                   27642.60000
5531                   27651.50000
5532                   27660.40000
5533                   27669.30000
5534                   27678.20000
5535                   27687.10000
5536                   27696.10000
5537                   27705.00000
5538                   27713.90000
5539                   27722.80000
5540                   27731.70000
5541                   27740.60000
5542                   27749.50000
5543                   27758.40000
5544                   27767.40000
5545                   27776.30000
5546                   27785.20000
5547                   27794.10000
5548                   27803.00000
5549                   27812.00000
5550                   27820.90000
5551                   27829.80000
5552                   27838.80000
5553                   27847.70000
5554                   27856.60000
5555                   27865.50000
5556                   27874.50000
5557                   27883.40000
5558                   27892.40000
5559                   27901.30000
5560                   27910.20000
5561                   27919.20000
5562                   27928.10000
5563                   27937.10000
5564                   27946.00000
5565                   27955.00000
5566                   27963.90000
5567                   27972.90000
5568                   27981.80000
5569                   27990.80000
5570                   27999.80000
5571                   28008.70000
5572                   28017.70000
5573                   28026.60000
5574                   28035.60000
5575                   28044.60000
5576                   28053.50000
5577                   28062.50000
5578                   28071.50000
5579                   28080.40000
5580                   28089.40000
5581                   28098.40000
5582                   28107.40000
5583                   28116.30000
5584                   28125.30000
5585                   28134.30000
5586                   28143.30000
5587                   28152.30000
5588                   28161.30000
5589                   28170.20000
5590                   28179.20000
5591                   28188.20000
5592                   28197.20000
5593                   28206.20000
5594                   28215.20000
5595                   28224.20000
5596                   28233.20000
5597                   28242.20000
5598                   28251.20000
5599                   28260.20000
5600                   28269.20000
5601                   28278.20000
5602                   28287.20000
5603                   28296.20000
5604                   28305.20000
5605                   28314.20000
5606                   28323.20000
5607                   28332.30000
5608                   28341.30000
5609                   28350.30000
5610                   28359.30000
5611                   28368.30000
5612                   28377.40000
5613                   28386.40000
5614                   28395.40000
5615                   28404.40000
5616                   28413.50000
5617                   28422.50000
5618                   28431.50000
5619                   28440.60000
5620                   28449.60000
5621                   28458.60000
5622                   28467.70000
5623                   28476.70000
5624                   28485.70000
5625                   28494.80000
5626                   28503.80000
5627                   28512.90000
5628                   28521.90000
5629                   28531.00000
5630                   28540.00000
5631                   28549.10000
5632                   28558.10000
5633                   28567.20000
5634                   28576.20000
5635                   28585.30000
5636                   28594.30000
5637                   28603.40000
5638                   28612.50000
5639                   28621.50000
5640                   28630.60000
5641                   28639.70000
5642                   28648.70000
5643                   28657.80000
5644                   28666.90000
5645                   28675.90000
5646                   28685.00000
5647                   28694.10000
5648                   28703.20000
5649                   28712.30000
5650                   28721.30000
5651                   28730.40000
5652                   28739.50000
5653                   28748.60000
5654                   28757.70000
5655                   28766.80000
5656                   28775.80000
5657                   28784.90000
5658                   28794.00000
5659                   28803.10000
5660                   28812.20000
5661                   28821.30000
5662                   28830.40000
5663                   28839.50000
5664                   28848.60000
5665                   28857.70000
5666                   28866.80000
5667                   28875.90000
5668                   28885.00000
5669                   28894.20000
5670                   28903.30000
5671                   28912.40000
5672                   28921.50000
5673                   28930.60000
5674                   28939.70000
5675                   28948.80000
5676                   28958.00000
5677                   28967.10000
5678                   28976.20000
5679                   28985.30000
5680                   28994.50000
5681                   29003.60000
5682                   29012.70000
5683                   29021.80000
5684                   29031.00000
5685                   29040.10000
5686                   29049.20000
5687                   29058.40000
5688                   29067.50000
5689                   29076.70000
5690                   29085.80000
5691                   29095.00000
5692                   29104.10000
5693                   29113.20000
5694                   29122.40000
5695                   29131.50000
5696                   29140.70000
5697                   29149.80000
5698                   29159.00000
5699                   29168.20000
5700                   29177.30000
5701                   29186.50000
5702                   29195.60000
5703                   29204.80000
5704                   29214.00000
5705                   29223.10000
5706                   29232.30000
5707                   29241.50000
5708                   29250.60000
5709                   29259.80000
5710                   29269.00000
5711                   29278.10000
5712                   29287.30000
5713                   29296.50000
5714                   29305.70000
5715                   29314.90000
5716                   29324.00000
5717                   29333.20000
5718                   29342.40000
5719                   29351.60000
5720                   29360.80000
5721                   29370.00000
5722                   29379.20000
5723                   29388.40000
5724                   29397.50000
5725                   29406.70000
5726                   29415.90000
5727                   29425.10000
5728                   29434.30000
5729                   29443.50000
5730                   29452.70000
5731                   29462.00000
5732                   29471.20000
5733                   29480.40000
5734                   29489.60000
5735                   29498.80000
5736                   29508.00000
5737                   29517.20000
5738                   29526.40000
5739                   29535.60000
5740                   29544.90000
5741                   29554.10000
5742                   29563.30000
5743                   29572.50000
5744                   29581.80000
5745                   29591.00000
5746                   29600.20000
5747                   29609.40000
5748                   29618.70000
5749                   29627.90000
5750                   29637.10000
5751                   29646.40000
5752                   29655.60000
5753                   29664.90000
5754                   29674.10000
5755                   29683.30000
5756                   29692.60000
5757                   29701.80000
5758                   29711.10000
5759                   29720.30000
5760                   29729.60000
5761                   29738.80000
5762                   29748.10000
5763                   29757.30000
5764                   29766.60000
5765                   29775.80000
5766                   29785.10000
5767                   29794.40000
5768                   29803.60000
5769                   29812.90000
5770                   29822.20000
5771                   29831.40000
5772                   29840.70000
5773                   29850.00000
5774                   29859.20000
5775                   29868.50000
5776                   29877.80000
5777                   29887.00000
5778                   29896.30000
5779                   29905.60000
5780                   29914.90000
5781                   29924.20000
5782                   29933.50000
5783                   29942.70000
5784                   29952.00000
5785                   29961.30000
5786                   29970.60000
5787                   29979.90000
5788                   29989.20000
5789                   29998.50000
5790                   30007.80000
5791                   30017.10000
5792                   30026.40000
5793                   30035.70000
5794                   30045.00000
5795                   30054.30000
5796                   30063.60000
5797                   30072.90000
5798                   30082.20000
5799                   30091.50000
5800                   30100.80000
5801                   30110.10000
5802                   30119.50000
5803                   30128.80000
5804                   30138.10000
5805                   30147.40000
5806                   30156.70000
5807                   30166.00000
5808                   30175.40000
5809                   30184.70000
5810                   30194.00000
5811                   30203.40000
5812                   30212.70000
5813                   30222.00000
5814                   30231.30000
5815                   30240.70000
5816                   30250.00000
5817                   30259.40000
5818                   30268.70000
5819                   30278.00000
5820                   30287.40000
5821                   30296.70000
5822                   30306.10000
5823                   30315.40000
5824                   30324.80000
5825                   30334.10000
5826                   30343.50000
5827                   30352.80000
5828                   30362.20000
5829                   30371.50000
5830                   30380.90000
5831                   30390.20000
5832                   30399.60000
5833                   30409.00000
5834                   30418.30000
5835                   30427.70000
5836                   30437.10000
5837                   30446.40000
5838                   30455.80000
5839                   30465.20000
5840                   30474.60000
5841                   30483.90000
5842                   30493.30000
5843                   30502.70000
5844                   30512.10000
5845                   30521.40000
5846                   30530.80000
5847                   30540.20000
5848                   30549.60000
5849                   30559.00000
5850                   30568.40000
5851                   30577.80000
5852                   30587.20000
5853                   30596.50000
5854                   30605.90000
5855                   30615.30000
5856                   30624.70000
5857                   30634.10000
5858                   30643.50000
5859                   30652.90000
5860                   30662.30000
5861                   30671.80000
5862                   30681.20000
5863                   30690.60000
5864                   30700.00000
5865                   30709.40000
5866                   30718.80000
5867                   30728.20000
5868                   30737.60000
5869                   30747.10000
5870                   30756.50000
5871                   30765.90000
5872                   30775.30000
5873                   30784.70000
5874                   30794.20000
5875                   30803.60000
5876                   30813.00000
5877                   30822.50000
5878                   30831.90000
5879                   30841.30000
5880                   30850.80000
5881                   30860.20000
5882                   30869.60000
5883                   30879.10000
5884                   30888.50000
5885                   30898.00000
5886                   30907.40000
5887                   30916.80000
5888                   30926.30000
5889                   30935.70000
5890                   30945.20000
5891                   30954.70000
5892                   30964.10000
5893                   30973.60000
5894                   30983.00000
5895                   30992.50000
5896                   31001.90000
5897                   31011.40000
5898                   31020.90000
5899                   31030.30000
5900                   31039.80000
5901                   31049.30000
5902                   31058.70000
5903                   31068.20000
5904                   31077.70000
5905                   31087.10000
5906                   31096.60000
5907                   31106.10000
5908                   31115.60000
5909                   31125.10000
5910                   31134.50000
5911                   31144.00000
5912                   31153.50000
5913                   31163.00000
5914                   31172.50000
5915                   31182.00000
5916                   31191.50000
5917                   31201.00000
5918                   31210.50000
5919                   31219.90000
5920                   31229.40000
5921                   31238.90000
5922                   31248.40000
5923                   31257.90000
5924                   31267.50000
5925                   31277.00000
5926                   31286.50000
5927                   31296.00000
5928                   31305.50000
5929                   31315.00000
5930                   31324.50000
5931                   31334.00000
5932                   31343.50000
5933                   31353.10000
5934                   31362.60000
5935                   31372.10000
5936                   31381.60000
5937                   31391.10000
5938                   31400.70000
5939                   31410.20000
5940                   31419.70000
5941                   31429.20000
5942                   31438.80000
5943                   31448.30000
5944                   31457.80000
5945                   31467.40000
5946                   31476.90000
5947                   31486.50000
5948                   31496.00000
5949                   31505.50000
5950                   31515.10000
5951                   31524.60000
5952                   31534.20000
5953                   31543.70000
5954                   31553.30000
5955                   31562.80000
5956                   31572.40000
5957                   31581.90000
5958                   31591.50000
5959                   31601.10000
5960                   31610.60000
5961                   31620.20000
5962                   31629.70000
5963                   31639.30000
5964                   31648.90000
5965                   31658.40000
5966                   31668.00000
5967                   31677.60000
5968                   31687.10000
5969                   31696.70000
5970                   31706.30000
5971                   31715.90000
5972                   31725.50000
5973                   31735.00000
5974                   31744.60000
5975                   31754.20000
5976                   31763.80000
5977                   31773.40000
5978                   31783.00000
5979                   31792.50000
5980                   31802.10000
5981                   31811.70000
5982                   31821.30000
5983                   31830.90000
5984                   31840.50000
5985                   31850.10000
5986                   31859.70000
5987                   31869.30000
5988                   31878.90000
5989                   31888.50000
5990                   31898.10000
5991                   31907.70000
5992                   31917.30000
5993                   31927.00000
5994                   31936.60000
5995                   31946.20000
5996                   31955.80000
5997                   31965.40000
5998                   31975.00000
5999                   31984.70000
6000                   31994.30000
6001                   32003.90000
6002                   32013.50000
6003                   32023.20000
6004                   32032.80000
6005                   32042.40000
6006                   32052.00000
6007                   32061.70000
6008                   32071.30000
6009                   32080.90000
6010                   32090.60000
6011                   32100.20000
6012                   32109.90000
6013                   32119.50000
6014                   32129.10000
6015                   32138.80000
6016                   32148.40000
6017                   32158.10000
6018                   32167.70000
6019                   32177.40000
6020                   32187.00000
6021                   32196.70000
6022                   32206.40000
6023                   32216.00000
6024                   32225.70000
6025                   32235.30000
6026                   32245.00000
6027                   32254.70000
6028                   32264.30000
6029                   32274.00000
6030                   32283.70000
6031                   32293.30000
6032                   32303.00000
6033                   32312.70000
6034                   32322.30000
6035                   32332.00000
6036                   32341.70000
6037                   32351.40000
6038                   32361.10000
6039                   32370.70000
6040                   32380.40000
6041                   32390.10000
6042                   32399.80000
6043                   32409.50000
6044                   32419.20000
6045                   32428.90000
6046                   32438.60000
6047                   32448.30000
6048                   32458.00000
6049                   32467.70000
6050                   32477.40000
6051                   32487.10000
6052                   32496.80000
6053                   32506.50000
6054                   32516.20000
6055                   32525.90000
6056                   32535.60000
6057                   32545.30000
6058                   32555.00000
6059                   32564.70000
6060                   32574.40000
6061                   32584.20000
6062                   32593.90000
6063                   32603.60000
6064                   32613.30000
6065                   32623.00000
6066                   32632.80000
6067                   32642.50000
6068                   32652.20000
6069                   32662.00000
6070                   32671.70000
6071                   32681.40000
6072                   32691.20000
6073                   32700.90000
6074                   32710.60000
6075                   32720.40000
6076                   32730.10000
6077                   32739.80000
6078                   32749.60000
6079                   32759.30000
6080                   32769.10000
6081                   32778.80000
6082                   32788.60000
6083                   32798.30000
6084                   32808.10000
6085                   32817.80000
6086                   32827.60000
6087                   32837.40000
6088                   32847.10000
6089                   32856.90000
6090                   32866.60000
6091                   32876.40000
6092                   32886.20000
6093                   32895.90000
6094                   32905.70000
6095                   32915.50000
6096                   32925.20000
6097                   32935.00000
6098                   32944.80000
6099                   32954.60000
6100                   32964.30000
6101                   32974.10000
6102                   32983.90000
6103                   32993.70000
6104                   33003.50000
6105                   33013.30000
6106                   33023.00000
6107                   33032.80000
6108                   33042.60000
6109                   33052.40000
6110                   33062.20000
6111                   33072.00000
6112                   33081.80000
6113                   33091.60000
6114                   33101.40000
6115                   33111.20000
6116                   33121.00000
6117                   33130.80000
6118                   33140.60000
6119                   33150.40000
6120                   33160.20000
6121                   33170.00000
6122                   33179.90000
6123                   33189.70000
6124                   33199.50000
6125                   33209.30000
6126                   33219.10000
6127                   33228.90000
6128                   33238.80000
6129                   33248.60000
6130                   33258.40000
6131                   33268.20000
6132                   33278.10000
6133                   33287.90000
6134                   33297.70000
6135                   33307.60000
6136                   33317.40000
6137                   33327.20000
6138                   33337.10000
6139                   33346.90000
6140                   33356.70000
6141                   33366.60000
6142                   33376.40000
6143                   33386.30000
6144                   33396.10000
6145                   33406.00000
6146                   33415.80000
6147                   33425.70000
6148                   33435.50000
6149                   33445.40000
6150                   33455.20000
6151                   33465.10000
6152                   33475.00000
6153                   33484.80000
6154                   33494.70000
6155                   33504.50000
6156                   33514.40000
6157                   33524.30000
6158                   33534.10000
6159                   33544.00000
6160                   33553.90000
6161                   33563.80000
6162                   33573.60000
6163                   33583.50000
6164                   33593.40000
6165                   33603.30000
6166                   33613.20000
6167                   33623.00000
6168                   33632.90000
6169                   33642.80000
6170                   33652.70000
6171                   33662.60000
6172                   33672.50000
6173                   33682.40000
6174                   33692.30000
6175                   33702.20000
6176                   33712.10000
6177                   33722.00000
6178                   33731.90000
6179                   33741.80000
6180                   33751.70000
6181                   33761.60000
6182                   33771.50000
6183                   33781.40000
6184                   33791.30000
6185                   33801.20000
6186                   33811.10000
6187                   33821.00000
6188                   33830.90000
6189                   33840.90000
6190                   33850.80000
6191                   33860.70000
6192                   33870.60000
6193                   33880.60000
6194                   33890.50000
6195                   33900.40000
6196                   33910.30000
6197                   33920.30000
6198                   33930.20000
6199                   33940.10000
6200                   33950.10000
6201                   33960.00000
6202                   33969.90000
6203                   33979.90000
6204                   33989.80000
6205                   33999.80000
6206                   34009.70000
6207                   34019.60000
6208                   34029.60000
6209                   34039.50000
6210                   34049.50000
6211                   34059.40000
6212                   34069.40000
6213                   34079.40000
6214                   34089.30000
6215                   34099.30000
6216                   34109.20000
6217                   34119.20000
6218                   34129.20000
6219                   34139.10000
6220                   34149.10000
6221                   34159.10000
6222                   34169.00000
6223                   34179.00000
6224                   34189.00000
6225                   34198.90000
6226                   34208.90000
6227                   34218.90000
6228                   34228.90000
6229                   34238.90000
6230                   34248.80000
6231                   34258.80000
6232                   34268.80000
6233                   34278.80000
6234                   34288.80000
6235                   34298.80000
6236                   34308.80000
6237                   34318.80000
6238                   34328.80000
6239                   34338.70000
6240                   34348.70000
6241                   34358.70000
6242                   34368.70000
6243                   34378.70000
6244                   34388.80000
6245                   34398.80000
6246                   34408.80000
6247                   34418.80000
6248                   34428.80000
6249                   34438.80000
6250                   34448.80000
6251                   34458.80000
6252                   34468.80000
6253                   34478.90000
6254                   34488.90000
6255                   34498.90000
6256                   34508.90000
6257                   34518.90000
6258                   34529.00000
6259                   34539.00000
6260                   34549.00000
6261                   34559.10000
6262                   34569.10000
6263                   34579.10000
6264                   34589.20000
6265                   34599.20000
6266                   34609.20000
6267                   34619.30000
6268                   34629.30000
6269                   34639.40000
6270                   34649.40000
6271                   34659.50000
6272                   34669.50000
6273                   34679.60000
6274                   34689.60000
6275                   34699.70000
6276                   34709.70000
6277                   34719.80000
6278                   34729.80000
6279                   34739.90000
6280                   34749.90000
6281                   34760.00000
6282                   34770.10000
6283                   34780.10000
6284                   34790.20000
6285                   34800.30000
6286                   34810.30000
6287                   34820.40000
6288                   34830.50000
6289                   34840.60000
6290                   34850.60000
6291                   34860.70000
6292                   34870.80000
6293                   34880.90000
6294                   34891.00000
6295                   34901.10000
6296                   34911.10000
6297                   34921.20000
6298                   34931.30000
6299                   34941.40000
6300                   34951.50000
6301                   34961.60000
6302                   34971.70000
6303                   34981.80000
6304                   34991.90000
6305                   35002.00000
6306                   35012.10000
6307                   35022.20000
6308                   35032.30000
6309                   35042.40000
6310                   35052.50000
6311                   35062.60000
6312                   35072.70000
6313                   35082.80000
6314                   35093.00000
6315                   35103.10000
6316                   35113.20000
6317                   35123.30000
6318                   35133.40000
6319                   35143.60000
6320                   35153.70000
6321                   35163.80000
6322                   35173.90000
6323                   35184.10000
6324                   35194.20000
6325                   35204.30000
6326                   35214.50000
6327                   35224.60000
6328                   35234.70000
6329                   35244.90000
6330                   35255.00000
6331                   35265.10000
6332                   35275.30000
6333                   35285.40000
6334                   35295.60000
6335                   35305.70000
6336                   35315.90000
6337                   35326.00000
6338                   35336.20000
6339                   35346.30000
6340                   35356.50000
6341                   35366.60000
6342                   35376.80000
6343                   35387.00000
6344                   35397.10000
6345                   35407.30000
6346                   35417.50000
6347                   35427.60000
6348                   35437.80000
6349                   35448.00000
6350                   35458.10000
6351                   35468.30000
6352                   35478.50000
6353                   35488.70000
6354                   35498.80000
6355                   35509.00000
6356                   35519.20000
6357                   35529.40000
6358                   35539.60000
6359                   35549.70000
6360                   35559.90000
6361                   35570.10000
6362                   35580.30000
6363                   35590.50000
6364                   35600.70000
6365                   35610.90000
6366                   35621.10000
6367                   35631.30000
6368                   35641.50000
6369                   35651.70000
6370                   35661.90000
6371                   35672.10000
6372                   35682.30000
6373                   35692.50000
6374                   35702.70000
6375                   35712.90000
6376                   35723.10000
6377                   35733.40000
6378                   35743.60000
6379                   35753.80000
6380                   35764.00000
6381                   35774.20000
6382                   35784.50000
6383                   35794.70000
6384                   35804.90000
6385                   35815.10000
6386                   35825.40000
6387                   35835.60000
6388                   35845.80000
6389                   35856.10000
6390                   35866.30000
6391                   35876.50000
6392                   35886.80000
6393                   35897.00000
6394                   35907.20000
6395                   35917.50000
6396                   35927.70000
6397                   35938.00000
6398                   35948.20000
6399                   35958.50000
6400                   35968.70000
6401                   35979.00000
6402                   35989.20000
6403                   35999.50000
6404                   36009.70000
6405                   36020.00000
6406                   36030.30000
6407                   36040.50000
6408                   36050.80000
6409                   36061.10000
6410                   36071.30000
6411                   36081.60000
6412                   36091.90000
6413                   36102.10000
6414                   36112.40000
6415                   36122.70000
6416                   36132.90000
6417                   36143.20000
6418                   36153.50000
6419                   36163.80000
6420                   36174.10000
6421                   36184.40000
6422                   36194.60000
6423                   36204.90000
6424                   36215.20000
6425                   36225.50000
6426                   36235.80000
6427                   36246.10000
6428                   36256.40000
6429                   36266.70000
6430                   36277.00000
6431                   36287.30000
6432                   36297.60000
6433                   36307.90000
6434                   36318.20000
6435                   36328.50000
6436                   36338.80000
6437                   36349.10000
6438                   36359.40000
6439                   36369.70000
6440                   36380.10000
6441                   36390.40000
6442                   36400.70000
6443                   36411.00000
6444                   36421.30000
6445                   36431.60000
6446                   36442.00000
6447                   36452.30000
6448                   36462.60000
6449                   36473.00000
6450                   36483.30000
6451                   36493.60000
6452                   36503.90000
6453                   36514.30000
6454                   36524.60000
6455                   36535.00000
6456                   36545.30000
6457                   36555.60000
6458                   36566.00000
6459                   36576.30000
6460                   36586.70000
6461                   36597.00000
6462                   36607.40000
6463                   36617.70000
6464                   36628.10000
6465                   36638.40000
6466                   36648.80000
6467                   36659.10000
6468                   36669.50000
6469                   36679.90000
6470                   36690.20000
6471                   36700.60000
6472                   36710.90000
6473                   36721.30000
6474                   36731.70000
6475                   36742.10000
6476                   36752.40000
6477                   36762.80000
6478                   36773.20000
6479                   36783.50000
6480                   36793.90000
6481                   36804.30000
6482                   36814.70000
6483                   36825.10000
6484                   36835.50000
6485                   36845.80000
6486                   36856.20000
6487                   36866.60000
6488                   36877.00000
6489                   36887.40000
6490                   36897.80000
6491                   36908.20000
6492                   36918.60000
6493                   36929.00000
6494                   36939.40000
6495                   36949.80000
6496                   36960.20000
6497                   36970.60000
6498                   36981.00000
6499                   36991.40000
6500                   37001.80000
6501                   37012.20000
6502                   37022.60000
6503                   37033.10000
6504                   37043.50000
6505                   37053.90000
6506                   37064.30000
6507                   37074.70000
6508                   37085.20000
6509                   37095.60000
6510                   37106.00000
6511                   37116.40000
6512                   37126.90000
6513                   37137.30000
6514                   37147.70000
6515                   37158.20000
6516                   37168.60000
6517                   37179.00000
6518                   37189.50000
6519                   37199.90000
6520                   37210.30000
6521                   37220.80000
6522                   37231.20000
6523                   37241.70000
6524                   37252.10000
6525                   37262.60000
6526                   37273.00000
6527                   37283.50000
6528                   37293.90000
6529                   37304.40000
6530                   37314.90000
6531                   37325.30000
6532                   37335.80000
6533                   37346.20000
6534                   37356.70000
6535                   37367.20000
6536                   37377.60000
6537                   37388.10000
6538                   37398.60000
6539                   37409.00000
6540                   37419.50000
6541                   37430.00000
6542                   37440.50000
6543                   37450.90000
6544                   37461.40000
6545                   37471.90000
6546                   37482.40000
6547                   37492.90000
6548                   37503.40000
6549                   37513.90000
6550                   37524.30000
6551                   37534.80000
6552                   37545.30000
6553                   37555.80000
6554                   37566.30000
6555                   37576.80000
6556                   37587.30000
6557                   37597.80000
6558                   37608.30000
6559                   37618.80000
6560                   37629.30000
6561                   37639.80000
6562                   37650.30000
6563                   37660.90000
6564                   37671.40000
6565                   37681.90000
6566                   37692.40000
6567                   37702.90000
6568                   37713.40000
6569                   37723.90000
6570                   37734.50000
6571                   37745.00000
6572                   37755.50000
6573                   37766.00000
6574                   37776.60000
6575                   37787.10000
6576                   37797.60000
6577                   37808.20000
6578                   37818.70000
6579                   37829.20000
6580                   37839.80000
6581                   37850.30000
6582                   37860.90000
6583                   37871.40000
6584                   37881.90000
6585                   37892.50000
6586                   37903.00000
6587                   37913.60000
6588                   37924.10000
6589                   37934.70000
6590                   37945.20000
6591                   37955.80000
6592                   37966.30000
6593                   37976.90000
6594                   37987.50000
6595                   37998.00000
6596                   38008.60000
6597                   38019.20000
6598                   38029.70000
6599                   38040.30000
6600                   38050.90000
6601                   38061.40000
6602                   38072.00000
6603                   38082.60000
6604                   38093.20000
6605                   38103.70000
6606                   38114.30000
6607                   38124.90000
6608                   38135.50000
6609                   38146.10000
6610                   38156.60000
6611                   38167.20000
6612                   38177.80000
6613                   38188.40000
6614                   38199.00000
6615                   38209.60000
6616                   38220.20000
6617                   38230.80000
6618                   38241.40000
6619                   38252.00000
6620                   38262.60000
6621                   38273.20000
6622                   38283.80000
6623                   38294.40000
6624                   38305.00000
6625                   38315.60000
6626                   38326.20000
6627                   38336.80000
6628                   38347.50000
6629                   38358.10000
6630                   38368.70000
6631                   38379.30000
6632                   38389.90000
6633                   38400.60000
6634                   38411.20000
6635                   38421.80000
6636                   38432.40000
6637                   38443.10000
6638                   38453.70000
6639                   38464.30000
6640                   38475.00000
6641                   38485.60000
6642                   38496.20000
6643                   38506.90000
6644                   38517.50000
6645                   38528.20000
6646                   38538.80000
6647                   38549.40000
6648                   38560.10000
6649                   38570.70000
6650                   38581.40000
6651                   38592.00000
6652                   38602.70000
6653                   38613.30000
6654                   38624.00000
6655                   38634.70000
6656                   38645.30000
6657                   38656.00000
6658                   38666.60000
6659                   38677.30000
6660                   38688.00000
6661                   38698.60000
6662                   38709.30000
6663                   38720.00000
6664                   38730.70000
6665                   38741.30000
6666                   38752.00000
6667                   38762.70000
6668                   38773.40000
6669                   38784.00000
6670                   38794.70000
6671                   38805.40000
6672                   38816.10000
6673                   38826.80000
6674                   38837.50000
6675                   38848.20000
6676                   38858.80000
6677                   38869.50000
6678                   38880.20000
6679                   38890.90000
6680                   38901.60000
6681                   38912.30000
6682                   38923.00000
6683                   38933.70000
6684                   38944.40000
6685                   38955.10000
6686                   38965.90000
6687                   38976.60000
6688                   38987.30000
6689                   38998.00000
6690                   39008.70000
6691                   39019.40000
6692                   39030.10000
6693                   39040.90000
6694                   39051.60000
6695                   39062.30000
6696                   39073.00000
6697                   39083.70000
6698                   39094.50000
6699                   39105.20000
6700                   39115.90000
6701                   39126.70000
6702                   39137.40000
6703                   39148.10000
6704                   39158.90000
6705                   39169.60000
6706                   39180.40000
6707                   39191.10000
6708                   39201.80000
6709                   39212.60000
6710                   39223.30000
6711                   39234.10000
6712                   39244.80000
6713                   39255.60000
6714                   39266.30000
6715                   39277.10000
6716                   39287.80000
6717                   39298.60000
6718                   39309.40000
6719                   39320.10000
6720                   39330.90000
6721                   39341.60000
6722                   39352.40000
6723                   39363.20000
6724                   39373.90000
6725                   39384.70000
6726                   39395.50000
6727                   39406.30000
6728                   39417.00000
6729                   39427.80000
6730                   39438.60000
6731                   39449.40000
6732                   39460.20000
6733                   39470.90000
6734                   39481.70000
6735                   39492.50000
6736                   39503.30000
6737                   39514.10000
6738                   39524.90000
6739                   39535.70000
6740                   39546.50000
6741                   39557.30000
6742                   39568.10000
6743                   39578.90000
6744                   39589.70000
6745                   39600.50000
6746                   39611.30000
6747                   39622.10000
6748                   39632.90000
6749                   39643.70000
6750                   39654.50000
6751                   39665.30000
6752                   39676.10000
6753                   39687.00000
6754                   39697.80000
6755                   39708.60000
6756                   39719.40000
6757                   39730.20000
6758                   39741.10000
6759                   39751.90000
6760                   39762.70000
6761                   39773.50000
6762                   39784.40000
6763                   39795.20000
6764                   39806.00000
6765                   39816.90000
6766                   39827.70000
6767                   39838.50000
6768                   39849.40000
6769                   39860.20000
6770                   39871.10000
6771                   39881.90000
6772                   39892.80000
6773                   39903.60000
6774                   39914.50000
6775                   39925.30000
6776                   39936.20000
6777                   39947.00000
6778                   39957.90000
6779                   39968.70000
6780                   39979.60000
6781                   39990.50000
6782                   40001.30000
6783                   40012.20000
6784                   40023.10000
6785                   40033.90000
6786                   40044.80000
6787                   40055.70000
6788                   40066.50000
6789                   40077.40000
6790                   40088.30000
6791                   40099.20000
6792                   40110.00000
6793                   40120.90000
6794                   40131.80000
6795                   40142.70000
6796                   40153.60000
6797                   40164.50000
6798                   40175.30000
6799                   40186.20000
6800                   40197.10000
6801                   40208.00000
6802                   40218.90000
6803                   40229.80000
6804                   40240.70000
6805                   40251.60000
6806                   40262.50000
6807                   40273.40000
6808                   40284.30000
6809                   40295.20000
6810                   40306.10000
6811                   40317.00000
6812                   40328.00000
6813                   40338.90000
6814                   40349.80000
6815                   40360.70000
6816                   40371.60000
6817                   40382.50000
6818                   40393.50000
6819                   40404.40000
6820                   40415.30000
6821                   40426.20000
6822                   40437.20000
6823                   40448.10000
6824                   40459.00000
6825                   40470.00000
6826                   40480.90000
6827                   40491.80000
6828                   40502.80000
6829                   40513.70000
6830                   40524.60000
6831                   40535.60000
6832                   40546.50000
6833                   40557.50000
6834                   40568.40000
6835                   40579.40000
6836                   40590.30000
6837                   40601.30000
6838                   40612.20000
6839                   40623.20000
6840                   40634.10000
6841                   40645.10000
6842                   40656.10000
6843                   40667.00000
6844                   40678.00000
6845                   40688.90000
6846                   40699.90000
6847                   40710.90000
6848                   40721.90000
6849                   40732.80000
6850                   40743.80000
6851                   40754.80000
6852                   40765.80000
6853                   40776.70000
6854                   40787.70000
6855                   40798.70000
6856                   40809.70000
6857                   40820.70000
6858                   40831.60000
6859                   40842.60000
6860                   40853.60000
6861                   40864.60000
6862                   40875.60000
6863                   40886.60000
6864                   40897.60000
6865                   40908.60000
6866                   40919.60000
6867                   40930.60000
6868                   40941.60000
6869                   40952.60000
6870                   40963.60000
6871                   40974.60000
6872                   40985.60000
6873                   40996.60000
6874                   41007.60000
6875                   41018.70000
6876                   41029.70000
6877                   41040.70000
6878                   41051.70000
6879                   41062.70000
6880                   41073.80000
6881                   41084.80000
6882                   41095.80000
6883                   41106.80000
6884                   41117.90000
6885                   41128.90000
6886                   41139.90000
6887                   41151.00000
6888                   41162.00000
6889                   41173.00000
6890                   41184.10000
6891                   41195.10000
6892                   41206.10000
6893                   41217.20000
6894                   41228.20000
6895                   41239.30000
6896                   41250.30000
6897                   41261.40000
6898                   41272.40000
6899                   41283.50000
6900                   41294.50000
6901                   41305.60000
6902                   41316.60000
6903                   41327.70000
6904                   41338.80000
6905                   41349.80000
6906                   41360.90000
6907                   41372.00000
6908                   41383.00000
6909                   41394.10000
6910                   41405.20000
6911                   41416.20000
6912                   41427.30000
6913                   41438.40000
6914                   41449.50000
6915                   41460.50000
6916                   41471.60000
6917                   41482.70000
6918                   41493.80000
6919                   41504.90000
6920                   41516.00000
6921                   41527.10000
6922                   41538.10000
6923                   41549.20000
6924                   41560.30000
6925                   41571.40000
6926                   41582.50000
6927                   41593.60000
6928                   41604.70000
6929                   41615.80000
6930                   41626.90000
6931                   41638.00000
6932                   41649.10000
6933                   41660.30000
6934                   41671.40000
6935                   41682.50000
6936                   41693.60000
6937                   41704.70000
6938                   41715.80000
6939                   41726.90000
6940                   41738.10000
6941                   41749.20000
6942                   41760.30000
6943                   41771.40000
6944                   41782.60000
6945                   41793.70000
6946                   41804.80000
6947                   41815.90000
6948                   41827.10000
6949                   41838.20000
6950                   41849.30000
6951                   41860.50000
6952                   41871.60000
6953                   41882.80000
6954                   41893.90000
6955                   41905.10000
6956                   41916.20000
6957                   41927.30000
6958                   41938.50000
6959                   41949.60000
6960                   41960.80000
6961                   41972.00000
6962                   41983.10000
6963                   41994.30000
6964                   42005.40000
6965                   42016.60000
6966                   42027.80000
6967                   42038.90000
6968                   42050.10000
6969                   42061.20000
6970                   42072.40000
6971                   42083.60000
6972                   42094.80000
6973                   42105.90000
6974                   42117.10000
6975                   42128.30000
6976                   42139.50000
6977                   42150.60000
6978                   42161.80000
6979                   42173.00000
6980                   42184.20000
6981                   42195.40000
6982                   42206.60000
6983                   42217.80000
6984                   42229.00000
6985                   42240.10000
6986                   42251.30000
6987                   42262.50000
6988                   42273.70000
6989                   42284.90000
6990                   42296.10000
6991                   42307.30000
6992                   42318.50000
6993                   42329.80000
6994                   42341.00000
6995                   42352.20000
6996                   42363.40000
6997                   42374.60000
6998                   42385.80000
6999                   42397.00000
7000                   42408.20000
7001                   42419.50000
7002                   42430.70000
7003                   42441.90000
7004                   42453.10000
7005                   42464.40000
7006                   42475.60000
7007                   42486.80000
7008                   42498.10000
7009                   42509.30000
7010                   42520.50000
7011                   42531.80000
7012                   42543.00000
7013                   42554.20000
7014                   42565.50000
7015                   42576.70000
7016                   42588.00000
7017                   42599.20000
7018                   42610.50000
7019                   42621.70000
7020                   42633.00000
7021                   42644.20000
7022                   42655.50000
7023                   42666.70000
7024                   42678.00000
7025                   42689.20000
7026                   42700.50000
7027                   42711.80000
7028                   42723.00000
7029                   42734.30000
7030                   42745.60000
7031                   42756.80000
7032                   42768.10000
7033                   42779.40000
7034                   42790.60000
7035                   42801.90000
7036                   42813.20000
7037                   42824.50000
7038                   42835.80000
7039                   42847.00000
7040                   42858.30000
7041                   42869.60000
7042                   42880.90000
7043                   42892.20000
7044                   42903.50000
7045                   42914.80000
7046                   42926.10000
7047                   42937.40000
7048                   42948.70000
7049                   42960.00000
7050                   42971.30000
7051                   42982.60000
7052                   42993.90000
7053                   43005.20000
7054                   43016.50000
7055                   43027.80000
7056                   43039.10000
7057                   43050.40000
7058                   43061.70000
7059                   43073.00000
7060                   43084.30000
7061                   43095.70000
7062                   43107.00000
7063                   43118.30000
7064                   43129.60000
7065                   43141.00000
7066                   43152.30000
7067                   43163.60000
7068                   43174.90000
7069                   43186.30000
7070                   43197.60000
7071                   43208.90000
7072                   43220.30000
7073                   43231.60000
7074                   43243.00000
7075                   43254.30000
7076                   43265.60000
7077                   43277.00000
7078                   43288.30000
7079                   43299.70000
7080                   43311.00000
7081                   43322.40000
7082                   43333.70000
7083                   43345.10000
7084                   43356.40000
7085                   43367.80000
7086                   43379.20000
7087                   43390.50000
7088                   43401.90000
7089                   43413.30000
7090                   43424.60000
7091                   43436.00000
7092                   43447.40000
7093                   43458.70000
7094                   43470.10000
7095                   43481.50000
7096                   43492.90000
7097                   43504.20000
7098                   43515.60000
7099                   43527.00000
7100                   43538.40000
7101                   43549.80000
7102                   43561.10000
7103                   43572.50000
7104                   43583.90000
7105                   43595.30000
7106                   43606.70000
7107                   43618.10000
7108                   43629.50000
7109                   43640.90000
7110                   43652.30000
7111                   43663.70000
7112                   43675.10000
7113                   43686.50000
7114                   43697.90000
7115                   43709.30000
7116                   43720.70000
7117                   43732.10000
7118                   43743.50000
7119                   43755.00000
7120                   43766.40000
7121                   43777.80000
7122                   43789.20000
7123                   43800.60000
7124                   43812.10000
7125                   43823.50000
7126                   43834.90000
7127                   43846.30000
7128                   43857.80000
7129                   43869.20000
7130                   43880.60000
7131                   43892.10000
7132                   43903.50000
7133                   43914.90000
7134                   43926.40000
7135                   43937.80000
7136                   43949.30000
7137                   43960.70000
7138                   43972.10000
7139                   43983.60000
7140                   43995.00000
7141                   44006.50000
7142                   44017.90000
7143                   44029.40000
7144                   44040.90000
7145                   44052.30000
7146                   44063.80000
7147                   44075.20000
7148                   44086.70000
7149                   44098.20000
7150                   44109.60000
7151                   44121.10000
7152                   44132.60000
7153                   44144.00000
7154                   44155.50000
7155                   44167.00000
7156                   44178.50000
7157                   44189.90000
7158                   44201.40000
7159                   44212.90000
7160                   44224.40000
7161                   44235.90000
7162                   44247.30000
7163                   44258.80000
7164                   44270.30000
7165                   44281.80000
7166                   44293.30000
7167                   44304.80000
7168                   44316.30000
7169                   44327.80000
7170                   44339.30000
7171                   44350.80000
7172                   44362.30000
7173                   44373.80000
7174                   44385.30000
7175                   44396.80000
7176                   44408.30000
7177                   44419.80000
7178                   44431.30000
7179                   44442.80000
7180                   44454.40000
7181                   44465.90000
7182                   44477.40000
7183                   44488.90000
7184                   44500.40000
7185                   44512.00000
7186                   44523.50000
7187                   44535.00000
7188                   44546.50000
7189                   44558.10000
7190                   44569.60000
7191                   44581.10000
7192                   44592.70000
7193                   44604.20000
7194                   44615.80000
7195                   44627.30000
7196                   44638.80000
7197                   44650.40000
7198                   44661.90000
7199                   44673.50000
7200                   44685.00000
7201                   44696.60000
7202                   44708.10000
7203                   44719.70000
7204                   44731.20000
7205                   44742.80000
7206                   44754.30000
7207                   44765.90000
7208                   44777.50000
7209                   44789.00000
7210                   44800.60000
7211                   44812.20000
7212                   44823.70000
7213                   44835.30000
7214                   44846.90000
7215                   44858.40000
7216                   44870.00000
7217                   44881.60000
7218                   44893.20000
7219                   44904.80000
7220                   44916.30000
7221                   44927.90000
7222                   44939.50000
7223                   44951.10000
7224                   44962.70000
7225                   44974.30000
7226                   44985.90000
7227                   44997.50000
7228                   45009.10000
7229                   45020.60000
7230                   45032.20000
7231                   45043.80000
7232                   45055.40000
7233                   45067.10000
7234                   45078.70000
7235                   45090.30000
7236                   45101.90000
7237                   45113.50000
7238                   45125.10000
7239                   45136.70000
7240                   45148.30000
7241                   45159.90000
7242                   45171.60000
7243                   45183.20000
7244                   45194.80000
7245                   45206.40000
7246                   45218.10000
7247                   45229.70000
7248                   45241.30000
7249                   45252.90000
7250                   45264.60000
7251                   45276.20000
7252                   45287.80000
7253                   45299.50000
7254                   45311.10000
7255                   45322.80000
7256                   45334.40000
7257                   45346.00000
7258                   45357.70000
7259                   45369.30000
7260                   45381.00000
7261                   45392.60000
7262                   45404.30000
7263                   45415.90000
7264                   45427.60000
7265                   45439.20000
7266                   45450.90000
7267                   45462.60000
7268                   45474.20000
7269                   45485.90000
7270                   45497.60000
7271                   45509.20000
7272                   45520.90000
7273                   45532.60000
7274                   45544.20000
7275                   45555.90000
7276                   45567.60000
7277                   45579.30000
7278                   45590.90000
7279                   45602.60000
7280                   45614.30000
7281                   45626.00000
7282                   45637.70000
7283                   45649.40000
7284                   45661.00000
7285                   45672.70000
7286                   45684.40000
7287                   45696.10000
7288                   45707.80000
7289                   45719.50000
7290                   45731.20000
7291                   45742.90000
7292                   45754.60000
7293                   45766.30000
7294                   45778.00000
7295                   45789.70000
7296                   45801.40000
7297                   45813.20000
7298                   45824.90000
7299                   45836.60000
7300                   45848.30000
7301                   45860.00000
7302                   45871.70000
7303                   45883.40000
7304                   45895.20000
7305                   45906.90000
7306                   45918.60000
7307                   45930.30000
7308                   45942.10000
7309                   45953.80000
7310                   45965.50000
7311                   45977.30000
7312                   45989.00000
7313                   46000.70000
7314                   46012.50000
7315                   46024.20000
7316                   46036.00000
7317                   46047.70000
7318                   46059.50000
7319                   46071.20000
7320                   46083.00000
7321                   46094.70000
7322                   46106.50000
7323                   46118.20000
7324                   46130.00000
7325                   46141.70000
7326                   46153.50000
7327                   46165.20000
7328                   46177.00000
7329                   46188.80000
7330                   46200.50000
7331                   46212.30000
7332                   46224.10000
7333                   46235.80000
7334                   46247.60000
7335                   46259.40000
7336                   46271.20000
7337                   46282.90000
7338                   46294.70000
7339                   46306.50000
7340                   46318.30000
7341                   46330.10000
7342                   46341.90000
7343                   46353.60000
7344                   46365.40000
7345                   46377.20000
7346                   46389.00000
7347                   46400.80000
7348                   46412.60000
7349                   46424.40000
7350                   46436.20000
7351                   46448.00000
7352                   46459.80000
7353                   46471.60000
7354                   46483.40000
7355                   46495.20000
7356                   46507.00000
7357                   46518.80000
7358                   46530.70000
7359                   46542.50000
7360                   46554.30000
7361                   46566.10000
7362                   46577.90000
7363                   46589.70000
7364                   46601.60000
7365                   46613.40000
7366                   46625.20000
7367                   46637.10000
7368                   46648.90000
7369                   46660.70000
7370                   46672.50000
7371                   46684.40000
7372                   46696.20000
7373                   46708.10000
7374                   46719.90000
7375                   46731.70000
7376                   46743.60000
7377                   46755.40000
7378                   46767.30000
7379                   46779.10000
7380                   46791.00000
7381                   46802.80000
7382                   46814.70000
7383                   46826.50000
7384                   46838.40000
7385                   46850.20000
7386                   46862.10000
7387                   46874.00000
7388                   46885.80000
7389                   46897.70000
7390                   46909.60000
7391                   46921.40000
7392                   46933.30000
7393                   46945.20000
7394                   46957.00000
7395                   46968.90000
7396                   46980.80000
7397                   46992.70000
7398                   47004.60000
7399                   47016.40000
7400                   47028.30000
7401                   47040.20000
7402                   47052.10000
7403                   47064.00000
7404                   47075.90000
7405                   47087.80000
7406                   47099.70000
7407                   47111.60000
7408                   47123.40000
7409                   47135.30000
7410                   47147.20000
7411                   47159.10000
7412                   47171.10000
7413                   47183.00000
7414                   47194.90000
7415                   47206.80000
7416                   47218.70000
7417                   47230.60000
7418                   47242.50000
7419                   47254.40000
7420                   47266.30000
7421                   47278.30000
7422                   47290.20000
7423                   47302.10000
7424                   47314.00000
7425                   47326.00000
7426                   47337.90000
7427                   47349.80000
7428                   47361.70000
7429                   47373.70000
7430                   47385.60000
7431                   47397.50000
7432                   47409.50000
7433                   47421.40000
7434                   47433.40000
7435                   47445.30000
7436                   47457.30000
7437                   47469.20000
7438                   47481.10000
7439                   47493.10000
7440                   47505.00000
7441                   47517.00000
7442                   47529.00000
7443                   47540.90000
7444                   47552.90000
7445                   47564.80000
7446                   47576.80000
7447                   47588.80000
7448                   47600.70000
7449                   47612.70000
7450                   47624.70000
7451                   47636.60000
7452                   47648.60000
7453                   47660.60000
7454                   47672.50000
7455                   47684.50000
7456                   47696.50000
7457                   47708.50000
7458                   47720.50000
7459                   47732.40000
7460                   47744.40000
7461                   47756.40000
7462                   47768.40000
7463                   47780.40000
7464                   47792.40000
7465                   47804.40000
7466                   47816.40000
7467                   47828.40000
7468                   47840.40000
7469                   47852.40000
7470                   47864.40000
7471                   47876.40000
7472                   47888.40000
7473                   47900.40000
7474                   47912.40000
7475                   47924.40000
7476                   47936.40000
7477                   47948.40000
7478                   47960.40000
7479                   47972.50000
7480                   47984.50000
7481                   47996.50000
7482                   48008.50000
7483                   48020.50000
7484                   48032.60000
7485                   48044.60000
7486                   48056.60000
7487                   48068.70000
7488                   48080.70000
7489                   48092.70000
7490                   48104.80000
7491                   48116.80000
7492                   48128.80000
7493                   48140.90000
7494                   48152.90000
7495                   48165.00000
7496                   48177.00000
7497                   48189.10000
7498                   48201.10000
7499                   48213.20000
7500                   48225.20000
7501                   48237.30000
7502                   48249.30000
7503                   48261.40000
7504                   48273.40000
7505                   48285.50000
7506                   48297.60000
7507                   48309.60000
7508                   48321.70000
7509                   48333.80000
7510                   48345.80000
7511                   48357.90000
7512                   48370.00000
7513                   48382.10000
7514                   48394.10000
7515                   48406.20000
7516                   48418.30000
7517                   48430.40000
7518                   48442.50000
7519                   48454.50000
7520                   48466.60000
7521                   48478.70000
7522                   48490.80000
7523                   48502.90000
7524                   48515.00000
7525                   48527.10000
7526                   48539.20000
7527                   48551.30000
7528                   48563.40000
7529                   48575.50000
7530                   48587.60000
7531                   48599.70000
7532                   48611.80000
7533                   48623.90000
7534                   48636.00000
7535                   48648.10000
7536                   48660.30000
7537                   48672.40000
7538                   48684.50000
7539                   48696.60000
7540                   48708.70000
7541                   48720.90000
7542                   48733.00000
7543                   48745.10000
7544                   48757.20000
7545                   48769.40000
7546                   48781.50000
7547                   48793.60000
7548                   48805.80000
7549                   48817.90000
7550                   48830.00000
7551                   48842.20000
7552                   48854.30000
7553                   48866.50000
7554                   48878.60000
7555                   48890.80000
7556                   48902.90000
7557                   48915.10000
7558                   48927.20000
7559                   48939.40000
7560                   48951.50000
7561                   48963.70000
7562                   48975.80000
7563                   48988.00000
7564                   49000.20000
7565                   49012.30000
7566                   49024.50000
7567                   49036.70000
7568                   49048.80000
7569                   49061.00000
7570                   49073.20000
7571                   49085.30000
7572                   49097.50000
7573                   49109.70000
7574                   49121.90000
7575                   49134.00000
7576                   49146.20000
7577                   49158.40000
7578                   49170.60000
7579                   49182.80000
7580                   49195.00000
7581                   49207.20000
7582                   49219.40000
7583                   49231.60000
7584                   49243.80000
7585                   49256.00000
7586                   49268.20000
7587                   49280.40000
7588                   49292.60000
7589                   49304.80000
7590                   49317.00000
7591                   49329.20000
7592                   49341.40000
7593                   49353.60000
7594                   49365.80000
7595                   49378.00000
7596                   49390.20000
7597                   49402.50000
7598                   49414.70000
7599                   49426.90000
7600                   49439.10000
7601                   49451.40000
7602                   49463.60000
7603                   49475.80000
7604                   49488.00000
7605                   49500.30000
7606                   49512.50000
7607                   49524.70000
7608                   49537.00000
7609                   49549.20000
7610                   49561.50000
7611                   49573.70000
7612                   49585.90000
7613                   49598.20000
7614                   49610.40000
7615                   49622.70000
7616                   49634.90000
7617                   49647.20000
7618                   49659.40000
7619                   49671.70000
7620                   49684.00000
7621                   49696.20000
7622                   49708.50000
7623                   49720.70000
7624                   49733.00000
7625                   49745.30000
7626                   49757.50000
7627                   49769.80000
7628                   49782.10000
7629                   49794.40000
7630                   49806.60000
7631                   49818.90000
7632                   49831.20000
7633                   49843.50000
7634                   49855.80000
7635                   49868.00000
7636                   49880.30000
7637                   49892.60000
7638                   49904.90000
7639                   49917.20000
7640                   49929.50000
7641                   49941.80000
7642                   49954.10000
7643                   49966.40000
7644                   49978.70000
7645                   49991.00000
7646                   50003.30000
7647                   50015.60000
7648                   50027.90000
7649                   50040.20000
7650                   50052.50000
7651                   50064.80000
7652                   50077.10000
7653                   50089.40000
7654                   50101.80000
7655                   50114.10000
7656                   50126.40000
7657                   50138.70000
7658                   50151.00000
7659                   50163.40000
7660                   50175.70000
7661                   50188.00000
7662                   50200.40000
7663                   50212.70000
7664                   50225.00000
7665                   50237.40000
7666                   50249.70000
7667                   50262.00000
7668                   50274.40000
7669                   50286.70000
7670                   50299.10000
7671                   50311.40000
7672                   50323.80000
7673                   50336.10000
7674                   50348.50000
7675                   50360.80000
7676                   50373.20000
7677                   50385.50000
7678                   50397.90000
7679                   50410.20000
7680                   50422.60000
7681                   50435.00000
7682                   50447.30000
7683                   50459.70000
7684                   50472.10000
7685                   50484.40000
7686                   50496.80000
7687                   50509.20000
7688                   50521.50000
7689                   50533.90000
7690                   50546.30000
7691                   50558.70000
7692                   50571.10000
7693                   50583.40000
7694                   50595.80000
7695                   50608.20000
7696                   50620.60000
7697                   50633.00000
7698                   50645.40000
7699                   50657.80000
7700                   50670.20000
7701                   50682.60000
7702                   50695.00000
7703                   50707.40000
7704                   50719.80000
7705                   50732.20000
7706                   50744.60000
7707                   50757.00000
7708                   50769.40000
7709                   50781.80000
7710                   50794.20000
7711                   50806.70000
7712                   50819.10000
7713                   50831.50000
7714                   50843.90000
7715                   50856.30000
7716                   50868.80000
7717                   50881.20000
7718                   50893.60000
7719                   50906.00000
7720                   50918.50000
7721                   50930.90000
7722                   50943.30000
7723                   50955.80000
7724                   50968.20000
7725                   50980.60000
7726                   50993.10000
7727                   51005.50000
7728                   51018.00000
7729                   51030.40000
7730                   51042.90000
7731                   51055.30000
7732                   51067.80000
7733                   51080.20000
7734                   51092.70000
7735                   51105.10000
7736                   51117.60000
7737                   51130.10000
7738                   51142.50000
7739                   51155.00000
7740                   51167.40000
7741                   51179.90000
7742                   51192.40000
7743                   51204.80000
7744                   51217.30000
7745                   51229.80000
7746                   51242.30000
7747                   51254.70000
7748                   51267.20000
7749                   51279.70000
7750                   51292.20000
7751                   51304.70000
7752                   51317.20000
7753                   51329.60000
7754                   51342.10000
7755                   51354.60000
7756                   51367.10000
7757                   51379.60000
7758                   51392.10000
7759                   51404.60000
7760                   51417.10000
7761                   51429.60000
7762                   51442.10000
7763                   51454.60000
7764                   51467.10000
7765                   51479.60000
7766                   51492.10000
7767                   51504.70000
7768                   51517.20000
7769                   51529.70000
7770                   51542.20000
7771                   51554.70000
7772                   51567.20000
7773                   51579.80000
7774                   51592.30000
7775                   51604.80000
7776                   51617.30000
7777                   51629.90000
7778                   51642.40000
7779                   51654.90000
7780                   51667.50000
7781                   51680.00000
7782                   51692.50000
7783                   51705.10000
7784                   51717.60000
7785                   51730.20000
7786                   51742.70000
7787                   51755.30000
7788                   51767.80000
7789                   51780.40000
7790                   51792.90000
7791                   51805.50000
7792                   51818.00000
7793                   51830.60000
7794                   51843.10000
7795                   51855.70000
7796                   51868.30000
7797                   51880.80000
7798                   51893.40000
7799                   51906.00000
7800                   51918.50000
7801                   51931.10000
7802                   51943.70000
7803                   51956.30000
7804                   51968.80000
7805                   51981.40000
7806                   51994.00000
7807                   52006.60000
7808                   52019.20000
7809                   52031.70000
7810                   52044.30000
7811                   52056.90000
7812                   52069.50000
7813                   52082.10000
7814                   52094.70000
7815                   52107.30000
7816                   52119.90000
7817                   52132.50000
7818                   52145.10000
7819                   52157.70000
7820                   52170.30000
7821                   52182.90000
7822                   52195.50000
7823                   52208.10000
7824                   52220.70000
7825                   52233.30000
7826                   52246.00000
7827                   52258.60000
7828                   52271.20000
7829                   52283.80000
7830                   52296.40000
7831                   52309.10000
7832                   52321.70000
7833                   52334.30000
7834                   52346.90000
7835                   52359.60000
7836                   52372.20000
7837                   52384.80000
7838                   52397.50000
7839                   52410.10000
7840                   52422.80000
7841                   52435.40000
7842                   52448.00000
7843                   52460.70000
7844                   52473.30000
7845                   52486.00000
7846                   52498.60000
7847                   52511.30000
7848                   52523.90000
7849                   52536.60000
7850                   52549.20000
7851                   52561.90000
7852                   52574.60000
7853                   52587.20000
7854                   52599.90000
7855                   52612.60000
7856                   52625.20000
7857                   52637.90000
7858                   52650.60000
7859                   52663.20000
7860                   52675.90000
7861                   52688.60000
7862                   52701.30000
7863                   52713.90000
7864                   52726.60000
7865                   52739.30000
7866                   52752.00000
7867                   52764.70000
7868                   52777.40000
7869                   52790.10000
7870                   52802.80000
7871                   52815.40000
7872                   52828.10000
7873                   52840.80000
7874                   52853.50000
7875                   52866.20000
7876                   52878.90000
7877                   52891.60000
7878                   52904.40000
7879                   52917.10000
7880                   52929.80000
7881                   52942.50000
7882                   52955.20000
7883                   52967.90000
7884                   52980.60000
7885                   52993.30000
7886                   53006.10000
7887                   53018.80000
7888                   53031.50000
7889                   53044.20000
7890                   53057.00000
7891                   53069.70000
7892                   53082.40000
7893                   53095.20000
7894                   53107.90000
7895                   53120.60000
7896                   53133.40000
7897                   53146.10000
7898                   53158.80000
7899                   53171.60000
7900                   53184.30000
7901                   53197.10000
7902                   53209.80000
7903                   53222.60000
7904                   53235.30000
7905                   53248.10000
7906                   53260.80000
7907                   53273.60000
7908                   53286.40000
7909                   53299.10000
7910                   53311.90000
7911                   53324.60000
7912                   53337.40000
7913                   53350.20000
7914                   53362.90000
7915                   53375.70000
7916                   53388.50000
7917                   53401.30000
7918                   53414.00000
7919                   53426.80000
7920                   53439.60000
7921                   53452.40000
7922                   53465.20000
7923                   53478.00000
7924                   53490.70000
7925                   53503.50000
7926                   53516.30000
7927                   53529.10000
7928                   53541.90000
7929                   53554.70000
7930                   53567.50000
7931                   53580.30000
7932                   53593.10000
7933                   53605.90000
7934                   53618.70000
7935                   53631.50000
7936                   53644.30000
7937                   53657.10000
7938                   53669.90000
7939                   53682.80000
7940                   53695.60000
7941                   53708.40000
7942                   53721.20000
7943                   53734.00000
7944                   53746.90000
7945                   53759.70000
7946                   53772.50000
7947                   53785.30000
7948                   53798.20000
7949                   53811.00000
7950                   53823.80000
7951                   53836.70000
7952                   53849.50000
7953                   53862.30000
7954                   53875.20000
7955                   53888.00000
7956                   53900.90000
7957                   53913.70000
7958                   53926.60000
7959                   53939.40000
7960                   53952.30000
7961                   53965.10000
7962                   53978.00000
7963                   53990.80000
7964                   54003.70000
7965                   54016.50000
7966                   54029.40000
7967                   54042.30000
7968                   54055.10000
7969                   54068.00000
7970                   54080.90000
7971                   54093.70000
7972                   54106.60000
7973                   54119.50000
7974                   54132.40000
7975                   54145.20000
7976                   54158.10000
7977                   54171.00000
7978                   54183.90000
7979                   54196.80000
7980                   54209.60000
7981                   54222.50000
7982                   54235.40000
7983                   54248.30000
7984                   54261.20000
7985                   54274.10000
7986                   54287.00000
7987                   54299.90000
7988                   54312.80000
7989                   54325.70000
7990                   54338.60000
7991                   54351.50000
7992                   54364.40000
7993                   54377.30000
7994                   54390.20000
7995                   54403.10000
7996                   54416.10000
7997                   54429.00000
7998                   54441.90000
7999                   54454.80000
8000                   54467.70000
8001                   54480.70000
8002                   54493.60000
8003                   54506.50000
8004                   54519.40000
8005                   54532.40000
8006                   54545.30000
8007                   54558.20000
8008                   54571.20000
8009                   54584.10000
8010                   54597.10000
8011                   54610.00000
8012                   54622.90000
8013                   54635.90000
8014                   54648.80000
8015                   54661.80000
8016                   54674.70000
8017                   54687.70000
8018                   54700.60000
8019                   54713.60000
8020                   54726.60000
8021                   54739.50000
8022                   54752.50000
8023                   54765.40000
8024                   54778.40000
8025                   54791.40000
8026                   54804.30000
8027                   54817.30000
8028                   54830.30000
8029                   54843.20000
8030                   54856.20000
8031                   54869.20000
8032                   54882.20000
8033                   54895.20000
8034                   54908.10000
8035                   54921.10000
8036                   54934.10000
8037                   54947.10000
8038                   54960.10000
8039                   54973.10000
8040                   54986.10000
8041                   54999.10000
8042                   55012.10000
8043                   55025.10000
8044                   55038.10000
8045                   55051.10000
8046                   55064.10000
8047                   55077.10000
8048                   55090.10000
8049                   55103.10000
8050                   55116.10000
8051                   55129.10000
8052                   55142.10000
8053                   55155.10000
8054                   55168.20000
8055                   55181.20000
8056                   55194.20000
8057                   55207.20000
8058                   55220.30000
8059                   55233.30000
8060                   55246.30000
8061                   55259.30000
8062                   55272.40000
8063                   55285.40000
8064                   55298.40000
8065                   55311.50000
8066                   55324.50000
8067                   55337.60000
8068                   55350.60000
8069                   55363.60000
8070                   55376.70000
8071                   55389.70000
8072                   55402.80000
8073                   55415.80000
8074                   55428.90000
8075                   55442.00000
8076                   55455.00000
8077                   55468.10000
8078                   55481.10000
8079                   55494.20000
8080                   55507.30000
8081                   55520.30000
8082                   55533.40000
8083                   55546.50000
8084                   55559.50000
8085                   55572.60000
8086                   55585.70000
8087                   55598.80000
8088                   55611.80000
8089                   55624.90000
8090                   55638.00000
8091                   55651.10000
8092                   55664.20000
8093                   55677.30000
8094                   55690.40000
8095                   55703.40000
8096                   55716.50000
8097                   55729.60000
8098                   55742.70000
8099                   55755.80000
8100                   55768.90000
8101                   55782.00000
8102                   55795.10000
8103                   55808.20000
8104                   55821.30000
8105                   55834.50000
8106                   55847.60000
8107                   55860.70000
8108                   55873.80000
8109                   55886.90000
8110                   55900.00000
8111                   55913.20000
8112                   55926.30000
8113                   55939.40000
8114                   55952.50000
8115                   55965.70000
8116                   55978.80000
8117                   55991.90000
8118                   56005.00000
8119                   56018.20000
8120                   56031.30000
8121                   56044.50000
8122                   56057.60000
8123                   56070.70000
8124                   56083.90000
8125                   56097.00000
8126                   56110.20000
8127                   56123.30000
8128                   56136.50000
8129                   56149.60000
8130                   56162.80000
8131                   56175.90000
8132                   56189.10000
8133                   56202.30000
8134                   56215.40000
8135                   56228.60000
8136                   56241.70000
8137                   56254.90000
8138                   56268.10000
8139                   56281.20000
8140                   56294.40000
8141                   56307.60000
8142                   56320.80000
8143                   56333.90000
8144                   56347.10000
8145                   56360.30000
8146                   56373.50000
8147                   56386.70000
8148                   56399.90000
8149                   56413.10000
8150                   56426.20000
8151                   56439.40000
8152                   56452.60000
8153                   56465.80000
8154                   56479.00000
8155                   56492.20000
8156                   56505.40000
8157                   56518.60000
8158                   56531.80000
8159                   56545.00000
8160                   56558.20000
8161                   56571.50000
8162                   56584.70000
8163                   56597.90000
8164                   56611.10000
8165                   56624.30000
8166                   56637.50000
8167                   56650.80000
8168                   56664.00000
8169                   56677.20000
8170                   56690.40000
8171                   56703.70000
8172                   56716.90000
8173                   56730.10000
8174                   56743.40000
8175                   56756.60000
8176                   56769.80000
8177                   56783.10000
8178                   56796.30000
8179                   56809.60000
8180                   56822.80000
8181                   56836.00000
8182                   56849.30000
8183                   56862.50000
8184                   56875.80000
8185                   56889.00000
8186                   56902.30000
8187                   56915.60000
8188                   56928.80000
8189                   56942.10000
8190                   56955.30000
8191                   56968.60000
8192                   56981.90000
8193                   56995.10000
8194                   57008.40000
8195                   57021.70000
8196                   57035.00000
8197                   57048.20000
8198                   57061.50000
8199                   57074.80000
8200                   57088.10000
8201                   57101.40000
8202                   57114.60000
8203                   57127.90000
8204                   57141.20000
8205                   57154.50000
8206                   57167.80000
8207                   57181.10000
8208                   57194.40000
8209                   57207.70000
8210                   57221.00000
8211                   57234.30000
8212                   57247.60000
8213                   57260.90000
8214                   57274.20000
8215                   57287.50000
8216                   57300.80000
8217                   57314.10000
8218                   57327.40000
8219                   57340.80000
8220                   57354.10000
8221                   57367.40000
8222                   57380.70000
8223                   57394.00000
8224                   57407.40000
8225                   57420.70000
8226                   57434.00000
8227                   57447.30000
8228                   57460.70000
8229                   57474.00000
8230                   57487.30000
8231                   57500.70000
8232                   57514.00000
8233                   57527.40000
8234                   57540.70000
8235                   57554.10000
8236                   57567.40000
8237                   57580.70000
8238                   57594.10000
8239                   57607.40000
8240                   57620.80000
8241                   57634.20000
8242                   57647.50000
8243                   57660.90000
8244                   57674.20000
8245                   57687.60000
8246                   57701.00000
8247                   57714.30000
8248                   57727.70000
8249                   57741.10000
8250                   57754.40000
8251                   57767.80000
8252                   57781.20000
8253                   57794.60000
8254                   57807.90000
8255                   57821.30000
8256                   57834.70000
8257                   57848.10000
8258                   57861.50000
8259                   57874.90000
8260                   57888.30000
8261                   57901.70000
8262                   57915.00000
8263                   57928.40000
8264                   57941.80000
8265                   57955.20000
8266                   57968.60000
8267                   57982.00000
8268                   57995.40000
8269                   58008.90000
8270                   58022.30000
8271                   58035.70000
8272                   58049.10000
8273                   58062.50000
8274                   58075.90000
8275                   58089.30000
8276                   58102.70000
8277                   58116.20000
8278                   58129.60000
8279                   58143.00000
8280                   58156.40000
8281                   58169.90000
8282                   58183.30000
8283                   58196.70000
8284                   58210.20000
8285                   58223.60000
8286                   58237.00000
8287                   58250.50000
8288                   58263.90000
8289                   58277.40000
8290                   58290.80000
8291                   58304.30000
8292                   58317.70000
8293                   58331.20000
8294                   58344.60000
8295                   58358.10000
8296                   58371.50000
8297                   58385.00000
8298                   58398.40000
8299                   58411.90000
8300                   58425.40000
8301                   58438.80000
8302                   58452.30000
8303                   58465.80000
8304                   58479.20000
8305                   58492.70000
8306                   58506.20000
8307                   58519.70000
8308                   58533.10000
8309                   58546.60000
8310                   58560.10000
8311                   58573.60000
8312                   58587.10000
8313                   58600.60000
8314                   58614.00000
8315                   58627.50000
8316                   58641.00000
8317                   58654.50000
8318                   58668.00000
8319                   58681.50000
8320                   58695.00000
8321                   58708.50000
8322                   58722.00000
8323                   58735.50000
8324                   58749.00000
8325                   58762.50000
8326                   58776.10000
8327                   58789.60000
8328                   58803.10000
8329                   58816.60000
8330                   58830.10000
8331                   58843.60000
8332                   58857.20000
8333                   58870.70000
8334                   58884.20000
8335                   58897.70000
8336                   58911.30000
8337                   58924.80000
8338                   58938.30000
8339                   58951.90000
8340                   58965.40000
8341                   58978.90000
8342                   58992.50000
8343                   59006.00000
8344                   59019.60000
8345                   59033.10000
8346                   59046.70000
8347                   59060.20000
8348                   59073.80000
8349                   59087.30000
8350                   59100.90000
8351                   59114.40000
8352                   59128.00000
8353                   59141.60000
8354                   59155.10000
8355                   59168.70000
8356                   59182.20000
8357                   59195.80000
8358                   59209.40000
8359                   59223.00000
8360                   59236.50000
8361                   59250.10000
8362                   59263.70000
8363                   59277.30000
8364                   59290.80000
8365                   59304.40000
8366                   59318.00000
8367                   59331.60000
8368                   59345.20000
8369                   59358.80000
8370                   59372.40000
8371                   59386.00000
8372                   59399.60000
8373                   59413.20000
8374                   59426.80000
8375                   59440.40000
8376                   59454.00000
8377                   59467.60000
8378                   59481.20000
8379                   59494.80000
8380                   59508.40000
8381                   59522.00000
8382                   59535.60000
8383                   59549.20000
8384                   59562.90000
8385                   59576.50000
8386                   59590.10000
8387                   59603.70000
8388                   59617.30000
8389                   59631.00000
8390                   59644.60000
8391                   59658.20000
8392                   59671.90000
8393                   59685.50000
8394                   59699.10000
8395                   59712.80000
8396                   59726.40000
8397                   59740.10000
8398                   59753.70000
8399                   59767.40000
8400                   59781.00000
8401                   59794.60000
8402                   59808.30000
8403                   59822.00000
8404                   59835.60000
8405                   59849.30000
8406                   59862.90000
8407                   59876.60000
8408                   59890.20000
8409                   59903.90000
8410                   59917.60000
8411                   59931.20000
8412                   59944.90000
8413                   59958.60000
8414                   59972.30000
8415                   59985.90000
8416                   59999.60000
8417                   60013.30000
8418                   60027.00000
8419                   60040.70000
8420                   60054.30000
8421                   60068.00000
8422                   60081.70000
8423                   60095.40000
8424                   60109.10000
8425                   60122.80000
8426                   60136.50000
8427                   60150.20000
8428                   60163.90000
8429                   60177.60000
8430                   60191.30000
8431                   60205.00000
8432                   60218.70000
8433                   60232.40000
8434                   60246.10000
8435                   60259.80000
8436                   60273.60000
8437                   60287.30000
8438                   60301.00000
8439                   60314.70000
8440                   60328.40000
8441                   60342.20000
8442                   60355.90000
8443                   60369.60000
8444                   60383.30000
8445                   60397.10000
8446                   60410.80000
8447                   60424.50000
8448                   60438.30000
8449                   60452.00000
8450                   60465.80000
8451                   60479.50000
8452                   60493.20000
8453                   60507.00000
8454                   60520.70000
8455                   60534.50000
8456                   60548.20000
8457                   60562.00000
8458                   60575.80000
8459                   60589.50000
8460                   60603.30000
8461                   60617.00000
8462                   60630.80000
8463                   60644.60000
8464                   60658.30000
8465                   60672.10000
8466                   60685.90000
8467                   60699.60000
8468                   60713.40000
8469                   60727.20000
8470                   60741.00000
8471                   60754.70000
8472                   60768.50000
8473                   60782.30000
8474                   60796.10000
8475                   60809.90000
8476                   60823.70000
8477                   60837.50000
8478                   60851.30000
8479                   60865.10000
8480                   60878.90000
8481                   60892.70000
8482                   60906.50000
8483                   60920.30000
8484                   60934.10000
8485                   60947.90000
8486                   60961.70000
8487                   60975.50000
8488                   60989.30000
8489                   61003.10000
8490                   61016.90000
8491                   61030.70000
8492                   61044.60000
8493                   61058.40000
8494                   61072.20000
8495                   61086.00000
8496                   61099.90000
8497                   61113.70000
8498                   61127.50000
8499                   61141.30000
8500                   61155.20000
8501                   61169.00000
8502                   61182.90000
8503                   61196.70000
8504                   61210.50000
8505                   61224.40000
8506                   61238.20000
8507                   61252.10000
8508                   61265.90000
8509                   61279.80000
8510                   61293.60000
8511                   61307.50000
8512                   61321.30000
8513                   61335.20000
8514                   61349.10000
8515                   61362.90000
8516                   61376.80000
8517                   61390.70000
8518                   61404.50000
8519                   61418.40000
8520                   61432.30000
8521                   61446.10000
8522                   61460.00000
8523                   61473.90000
8524                   61487.80000
8525                   61501.70000
8526                   61515.50000
8527                   61529.40000
8528                   61543.30000
8529                   61557.20000
8530                   61571.10000
8531                   61585.00000
8532                   61598.90000
8533                   61612.80000
8534                   61626.70000
8535                   61640.60000
8536                   61654.50000
8537                   61668.40000
8538                   61682.30000
8539                   61696.20000
8540                   61710.10000
8541                   61724.00000
8542                   61737.90000
8543                   61751.80000
8544                   61765.80000
8545                   61779.70000
8546                   61793.60000
8547                   61807.50000
8548                   61821.40000
8549                   61835.40000
8550                   61849.30000
8551                   61863.20000
8552                   61877.20000
8553                   61891.10000
8554                   61905.00000
8555                   61919.00000
8556                   61932.90000
8557                   61946.90000
8558                   61960.80000
8559                   61974.70000
8560                   61988.70000
8561                   62002.60000
8562                   62016.60000
8563                   62030.50000
8564                   62044.50000
8565                   62058.50000
8566                   62072.40000
8567                   62086.40000
8568                   62100.30000
8569                   62114.30000
8570                   62128.30000
8571                   62142.20000
8572                   62156.20000
8573                   62170.20000
8574                   62184.10000
8575                   62198.10000
8576                   62212.10000
8577                   62226.10000
8578                   62240.10000
8579                   62254.00000
8580                   62268.00000
8581                   62282.00000
8582                   62296.00000
8583                   62310.00000
8584                   62324.00000
8585                   62338.00000
8586                   62352.00000
8587                   62366.00000
8588                   62380.00000
8589                   62394.00000
8590                   62408.00000
8591                   62422.00000
8592                   62436.00000
8593                   62450.00000
8594                   62464.00000
8595                   62478.00000
8596                   62492.10000
8597                   62506.10000
8598                   62520.10000
8599                   62534.10000
8600                   62548.10000
8601                   62562.20000
8602                   62576.20000
8603                   62590.20000
8604                   62604.20000
8605                   62618.30000
8606                   62632.30000
8607                   62646.30000
8608                   62660.40000
8609                   62674.40000
8610                   62688.50000
8611                   62702.50000
8612                   62716.60000
8613                   62730.60000
8614                   62744.70000
8615                   62758.70000
8616                   62772.80000
8617                   62786.80000
8618                   62800.90000
8619                   62814.90000
8620                   62829.00000
8621                   62843.10000
8622                   62857.10000
8623                   62871.20000
8624                   62885.30000
8625                   62899.30000
8626                   62913.40000
8627                   62927.50000
8628                   62941.60000
8629                   62955.60000
8630                   62969.70000
8631                   62983.80000
8632                   62997.90000
8633                   63012.00000
8634                   63026.10000
8635                   63040.10000
8636                   63054.20000
8637                   63068.30000
8638                   63082.40000
8639                   63096.50000
8640                   63110.60000
8641                   63124.70000
8642                   63138.80000
8643                   63152.90000
8644                   63167.00000
8645                   63181.10000
8646                   63195.30000
8647                   63209.40000
8648                   63223.50000
8649                   63237.60000
8650                   63251.70000
8651                   63265.80000
8652                   63280.00000
8653                   63294.10000
8654                   63308.20000
8655                   63322.30000
8656                   63336.50000
8657                   63350.60000
8658                   63364.70000
8659                   63378.90000
8660                   63393.00000
8661                   63407.10000
8662                   63421.30000
8663                   63435.40000
8664                   63449.60000
8665                   63463.70000
8666                   63477.90000
8667                   63492.00000
8668                   63506.20000
8669                   63520.30000
8670                   63534.50000
8671                   63548.60000
8672                   63562.80000
8673                   63577.00000
8674                   63591.10000
8675                   63605.30000
8676                   63619.50000
8677                   63633.60000
8678                   63647.80000
8679                   63662.00000
8680                   63676.20000
8681                   63690.30000
8682                   63704.50000
8683                   63718.70000
8684                   63732.90000
8685                   63747.10000
8686                   63761.30000
8687                   63775.40000
8688                   63789.60000
8689                   63803.80000
8690                   63818.00000
8691                   63832.20000
8692                   63846.40000
8693                   63860.60000
8694                   63874.80000
8695                   63889.00000
8696                   63903.20000
8697                   63917.40000
8698                   63931.60000
8699                   63945.90000
8700                   63960.10000
8701                   63974.30000
8702                   63988.50000
8703                   64002.70000
8704                   64017.00000
8705                   64031.20000
8706                   64045.40000
8707                   64059.60000
8708                   64073.90000
8709                   64088.10000
8710                   64102.30000
8711                   64116.60000
8712                   64130.80000
8713                   64145.00000
8714                   64159.30000
8715                   64173.50000
8716                   64187.80000
8717                   64202.00000
8718                   64216.30000
8719                   64230.50000
8720                   64244.80000
8721                   64259.00000
8722                   64273.30000
8723                   64287.50000
8724                   64301.80000
8725                   64316.10000
8726                   64330.30000
8727                   64344.60000
8728                   64358.90000
8729                   64373.10000
8730                   64387.40000
8731                   64401.70000
8732                   64415.90000
8733                   64430.20000
8734                   64444.50000
8735                   64458.80000
8736                   64473.10000
8737                   64487.40000
8738                   64501.60000
8739                   64515.90000
8740                   64530.20000
8741                   64544.50000
8742                   64558.80000
8743                   64573.10000
8744                   64587.40000
8745                   64601.70000
8746                   64616.00000
8747                   64630.30000
8748                   64644.60000
8749                   64658.90000
8750                   64673.20000
8751                   64687.60000
8752                   64701.90000
8753                   64716.20000
8754                   64730.50000
8755                   64744.80000
8756                   64759.10000
8757                   64773.50000
8758                   64787.80000
8759                   64802.10000
8760                   64816.50000
8761                   64830.80000
8762                   64845.10000
8763                   64859.50000
8764                   64873.80000
8765                   64888.10000
8766                   64902.50000
8767                   64916.80000
8768                   64931.20000
8769                   64945.50000
8770                   64959.90000
8771                   64974.20000
8772                   64988.60000
8773                   65002.90000
8774                   65017.30000
8775                   65031.60000
8776                   65046.00000
8777                   65060.40000
8778                   65074.70000
8779                   65089.10000
8780                   65103.50000
8781                   65117.80000
8782                   65132.20000
8783                   65146.60000
8784                   65161.00000
8785                   65175.30000
8786                   65189.70000
8787                   65204.10000
8788                   65218.50000
8789                   65232.90000
8790                   65247.30000
8791                   65261.60000
8792                   65276.00000
8793                   65290.40000
8794                   65304.80000
8795                   65319.20000
8796                   65333.60000
8797                   65348.00000
8798                   65362.40000
8799                   65376.80000
8800                   65391.20000
8801                   65405.70000
8802                   65420.10000
8803                   65434.50000
8804                   65448.90000
8805                   65463.30000
8806                   65477.70000
8807                   65492.20000
8808                   65506.60000
8809                   65521.00000
8810                   65535.40000
8811                   65549.90000
8812                   65564.30000
8813                   65578.70000
8814                   65593.20000
8815                   65607.60000
8816                   65622.00000
8817                   65636.50000
8818                   65650.90000
8819                   65665.40000
8820                   65679.80000
8821                   65694.30000
8822                   65708.70000
8823                   65723.20000
8824                   65737.60000
8825                   65752.10000
8826                   65766.50000
8827                   65781.00000
8828                   65795.50000
8829                   65809.90000
8830                   65824.40000
8831                   65838.90000
8832                   65853.30000
8833                   65867.80000
8834                   65882.30000
8835                   65896.70000
8836                   65911.20000
8837                   65925.70000
8838                   65940.20000
8839                   65954.70000
8840                   65969.20000
8841                   65983.60000
8842                   65998.10000
8843                   66012.60000
8844                   66027.10000
8845                   66041.60000
8846                   66056.10000
8847                   66070.60000
8848                   66085.10000
8849                   66099.60000
8850                   66114.10000
8851                   66128.60000
8852                   66143.10000
8853                   66157.60000
8854                   66172.20000
8855                   66186.70000
8856                   66201.20000
8857                   66215.70000
8858                   66230.20000
8859                   66244.80000
8860                   66259.30000
8861                   66273.80000
8862                   66288.30000
8863                   66302.90000
8864                   66317.40000
8865                   66331.90000
8866                   66346.50000
8867                   66361.00000
8868                   66375.60000
8869                   66390.10000
8870                   66404.60000
8871                   66419.20000
8872                   66433.70000
8873                   66448.30000
8874                   66462.80000
8875                   66477.40000
8876                   66491.90000
8877                   66506.50000
8878                   66521.10000
8879                   66535.60000
8880                   66550.20000
8881                   66564.80000
8882                   66579.30000
8883                   66593.90000
8884                   66608.50000
8885                   66623.00000
8886                   66637.60000
8887                   66652.20000
8888                   66666.80000
8889                   66681.40000
8890                   66695.90000
8891                   66710.50000
8892                   66725.10000
8893                   66739.70000
8894                   66754.30000
8895                   66768.90000
8896                   66783.50000
8897                   66798.10000
8898                   66812.70000
8899                   66827.30000
8900                   66841.90000
8901                   66856.50000
8902                   66871.10000
8903                   66885.70000
8904                   66900.30000
8905                   66914.90000
8906                   66929.60000
8907                   66944.20000
8908                   66958.80000
8909                   66973.40000
8910                   66988.00000
8911                   67002.70000
8912                   67017.30000
8913                   67031.90000
8914                   67046.60000
8915                   67061.20000
8916                   67075.80000
8917                   67090.50000
8918                   67105.10000
8919                   67119.70000
8920                   67134.40000
8921                   67149.00000
8922                   67163.70000
8923                   67178.30000
8924                   67193.00000
8925                   67207.60000
8926                   67222.30000
8927                   67236.90000
8928                   67251.60000
8929                   67266.30000
8930                   67280.90000
8931                   67295.60000
8932                   67310.30000
8933                   67324.90000
8934                   67339.60000
8935                   67354.30000
8936                   67368.90000
8937                   67383.60000
8938                   67398.30000
8939                   67413.00000
8940                   67427.70000
8941                   67442.40000
8942                   67457.00000
8943                   67471.70000
8944                   67486.40000
8945                   67501.10000
8946                   67515.80000
8947                   67530.50000
8948                   67545.20000
8949                   67559.90000
8950                   67574.60000
8951                   67589.30000
8952                   67604.00000
8953                   67618.70000
8954                   67633.40000
8955                   67648.10000
8956                   67662.90000
8957                   67677.60000
8958                   67692.30000
8959                   67707.00000
8960                   67721.70000
8961                   67736.50000
8962                   67751.20000
8963                   67765.90000
8964                   67780.60000
8965                   67795.40000
8966                   67810.10000
8967                   67824.90000
8968                   67839.60000
8969                   67854.30000
8970                   67869.10000
8971                   67883.80000
8972                   67898.60000
8973                   67913.30000
8974                   67928.10000
8975                   67942.80000
8976                   67957.60000
8977                   67972.30000
8978                   67987.10000
8979                   68001.80000
8980                   68016.60000
8981                   68031.40000
8982                   68046.10000
8983                   68060.90000
8984                   68075.70000
8985                   68090.50000
8986                   68105.20000
8987                   68120.00000
8988                   68134.80000
8989                   68149.60000
8990                   68164.30000
8991                   68179.10000
8992                   68193.90000
8993                   68208.70000
8994                   68223.50000
8995                   68238.30000
8996                   68253.10000
8997                   68267.90000
8998                   68282.70000
8999                   68297.50000
9000                   68312.30000