   1                       6.02937
   2                       6.51969
   3                       7.43301
   4                       8.56456
   5                       9.85306
   6                      11.25230
   7                      12.72240
   8                      14.23490
   9                      15.77160
  10                      17.32190
  11                      18.87980
  12                      20.44200
  13                      22.00680
  14                      23.57320
  15                      25.14060
  16                      26.70870
  17                      28.27730
  18                      29.84640
  19                      31.41590
  20                      32.98560
  21                      34.55560
  22                      36.12580
  23                      37.69610
  24                      39.26670
  25                      40.83730
  26                      42.40810
  27                      43.97900
  28                      45.55000
  29                      47.12110
  30                      48.69230
  31                      50.26350
  32                      51.83480
  33                      53.40620
  34                      54.97760
  35                      56.54910
  36                      58.12070
  37                      59.69220
  38                      61.26390
  39                      62.83550
  40                      64.40720
  41                      65.97890
  42                      67.55070
  43                      69.12250
  44                      70.69430
  45                      72.26610
  46                      73.83800
  47                      75.40990
  48                      76.98180
  49                      78.55380
  50                      80.12570
  51                      81.69770
  52                      83.26970
  53                      84.84180
  54                      86.41380
  55                      87.98590
  56                      89.55790
  57                      91.13000
  58                      92.70210
  59                      94.27430
  60                      95.84640
  61                      97.41860
  62                      98.99070
  63                     100.56300
  64                     102.13500
  65                     103.70700
  66                     105.28000
  67                     106.85200
  68                     108.42400
  69                     109.99600
  70                     111.56900
  71                     113.14100
  72                     114.71300
  73                     116.28500
  74                     117.85800
  75                     119.43000
  76                     121.00200
  77                     122.57500
  78                     124.14700
  79                     125.71900
  80                     127.29200
  81                     128.86400
  82                     130.43700
  83                     132.00900
  84                     133.58100
  85                     135.15400
  86                     136.72600
  87                     138.29900
  88                     139.87100
  89                     141.44400
  90                     143.01600
  91                     144.58900
  92                     146.16100
  93                     147.73400
  94                     149.30600
  95                     150.87900
  96                     152.45100
  97                     154.02400
  98                     155.59600
  99                     157.16900
 100                     158.74100
 101                     160.31400
 102                     161.88600
 103                     163.45900
 104                     165.03200
 105                     166.60400
 106                     168.17700
 107                     169.74900
 108                     171.32200
 109                     172.89500
 110                     174.46700
 111                     176.04000
 112                     177.61300
 113                     179.18500
 114                     180.75800
 115                     182.33100
 116                     183.90300
 117                     185.47600
 118                     187.04900
 119                     188.62100
 120                     190.19400
 121                     191.76700
 122                     193.33900
 123                     194.91200
 124                     196.48500
 125                     198.05800
 126                     199.63000
 127                     201.20300
 128                     202.77600
 129                     204.34900
 130                     205.92100
 131                     207.49400
 132                     209.06700
 133                     210.64000
 134                     212.21300
 135                     213.78500
 136                     215.35800
 137                     216.93100
 138                     218.50400
 139                     220.07700
 140                     221.65000
 141                     223.22200
 142                     224.79500
 143                     226.36800
 144                     227.94100
 145                     229.51400
 146                     231.08700
 147                     232.66000
 148                     234.23300
 149                     235.80600
 150                     237.37800
 151                     238.95100
 152                     240.52400
 153                     242.09700
 154                     243.67000
 155                     245.24300
 156                     246.81600
 157                     248.38900
 158                     249.96200
 159                     251.53500
 160                     253.10800
 161                     254.68100
 162                     256.25400
 163                     257.82700
 164                     259.40000
 165                     260.97300
 166                     262.54600
 167                     264.11900
 168                     265.69200
 169                     267.26500
 170                     268.83800
 171                     270.41100
 172                     271.98400
 173                     273.55800
 174                     275.13100
 175                     276.70400
 176                     278.27700
 177                     279.85000
 178                     281.42300
 179                     282.99600
 180                     284.56900
 181                     286.14200
 182                     287.71500
 183                     289.28900
 184                     290.86200
 185                     292.43500
 186                     294.00800
 187                     295.58100
 188                     297.15400
 189                     298.72800
 190                     300.30100
 191                     301.87400
 192                     303.44700
 193                     305.02000
 194                     306.59400
 195                     308.16700
 196                     309.74000
 197                     311.31300
 198                     312.88700
 199                     314.46000
 200                     316.03300
 201                     317.60600
 202                     319.18000
 203                     320.75300
 204                     322.32600
 205                     323.89900
 206                     325.47300
 207                     327.04600
 208                     328.61900
 209                     330.19300
 210                     331.76600
 211                     333.33900
 212                     334.91300
 213                     336.48600
 214                     338.05900
 215                     339.63300
 216                     341.20600
 217                     342.77900
 218                     344.35300
 219                     345.92600
 220                     347.50000
 221                     349.07300
 222                     350.64600
 223                     352.22000
 224                     353.79300
 225                     355.36700
 226                     356.94000
 227                     358.51400
 228                     360.08700
 229                     361.66000
 230                     363.23400
 231                     364.80700
 232                     366.38100
 233                     367.95400
 234                     369.52800
 235                     371.10100
 236                     372.67500
 237                     374.24800
 238                     375.82200
 239                     377.39500
 240                     378.96900
 241                     380.54200
 242                     382.11600
 243                     383.69000
 244                     385.26300
 245                     386.83700
 246                     388.41000
 247                     389.98400
 248                     391.55700
 249                     393.13100
 250                     394.70500
 251                     396.27800
 252                     397.85200
 253                     399.42600
 254                     400.99900
 255                     402.57300
 256                     404.14700
 257                     405.72000
 258                     407.29400
 259                     408.86800
 260                     410.44100
 261                     412.01500
 262                     413.58900
 263                     415.16200
 264                     416.73600
 265                     418.31000
 266                     419.88400
 267                     421.45700
 268                     423.03100
 269                     424.60500
 270                     426.17900
 271                     427.75300
 272                     429.32600
 273                     430.90000
 274                     432.47400
 275                     434.04800
 276                     435.62200
 277                     437.19600
 278                     438.77000
 279                     440.34300
 280                     441.91700
 281                     443.49100
 282                     445.06500
 283                     446.63900
 284                     448.21300
 285                     449.78700
 286                     451.36100
 287                     452.93500
 288                     454.50900
 289                     456.08300
 290                     457.65700
 291                     459.23100
 292                     460.80500
 293                     462.37900
 294                     463.95300
 295                     465.52700
 296                     467.10100
 297                     468.67600
 298                     470.48600
 299                     471.82400
 300                     473.39800
 301                     474.97200
 302                     476.54600
 303                     478.12100
 304                     479.69500
 305                     481.26900
 306                     482.84300
 307                     484.41800
 308                     485.99200
 309                     487.56600
 310                     489.14100
 311                     490.71500
 312                     492.28900
 313                     493.86400
 314                     495.43800
 315                     497.01300
 316                     498.58700
 317                     500.16200
 318                     501.73600
 319                     503.31100
 320                     504.88500
 321                     506.46000
 322                     508.03400
 323                     509.60900
 324                     511.18300
 325                     512.75800
 326                     514.33300
 327                     515.90800
 328                     517.48200
 329                     519.05700
 330                     520.63200
 331                     522.20700
 332                     523.78100
 333                     525.35600
 334                     526.93100
 335                     528.50600
 336                     530.08100
 337                     531.65600
 338                     533.23100
 339                     534.80600
 340                     536.38100
 341                     537.95600
 342                     539.53100
 343                     541.10600
 344                     542.68100
 345                     544.25700
 346                     545.83200
 347                     547.40700
 348                     548.98300
 349                     550.55800
 350                     552.13300
 351                     553.70900
 352                     555.28400
 353                     556.86000
 354                     558.43500
 355                     560.01100
 356                     561.58600
 357                     563.16200
 358                     564.73800
 359                     566.31300
 360                     567.88900
 361                     569.46500
 362                     571.04100
 363                     572.61700
 364                     574.19200
 365                     575.76800
 366                     577.34400
 367                     578.92000
 368                     580.49700
 369                     582.07300
 370                     583.64900
 371                     585.22500
 372                     586.80100
 373                     588.37800
 374                     589.95400
 375                     591.53100
 376                     593.10700
 377                     594.68400
 378                     596.26000
 379                     597.83700
 380                     599.41400
 381                     600.99000
 382                     602.56700
 383                     604.14400
 384                     605.72100
 385                     607.29800
 386                     608.87500
 387                     610.45200
 388                     612.02900
 389                     613.60600
 390                     615.18400
 391                     616.76100
 392                     618.33800
 393                     619.91600
 394                     621.49300
 395                     623.07100
 396                     624.64900
 397                     626.22600
 398                     627.80400
 399                     629.38200
 400                     630.96000
 401                     632.53800
 402                     634.11600
 403                     635.69400
 404                     637.27200
 405                     638.85100
 406                     640.42900
 407                     642.00800
 408                     643.58600
 409                     645.16500
 410                     646.74300
 411                     648.32200
 412                     649.90100
 413                     651.48000
 414                     653.05900
 415                     654.63800
 416                     656.21700
 417                     657.79600
 418                     659.37600
 419                     660.95500
 420                     662.53500
 421                     664.11400
 422                     665.69400
 423                     667.27400
 424                     668.85400
 425                     670.43400
 426                     672.01400
 427                     673.59400
 428                     675.17400
 429                     676.75400
 430                     678.33500
 431                     679.91500
 432                     681.49600
 433                     683.07700
 434                     684.65800
 435                     686.23900
 436                     687.82000
 437                     689.40100
 438                     690.98200
 439                     692.56400
 440                     694.14500
 441                     695.72700
 442                     697.30800
 443                     698.89000
 444                     700.47200
 445                     702.05400
 446                     703.63600
 447                     705.21900
 448                     706.80100
 449                     708.38300
 450                     709.96600
 451                     711.54900
 452                     713.13200
 453                     714.71500
 454                     716.29800
 455                     717.88100
 456                     719.46500
 457                     721.04800
 458                     722.63200
 459                     724.21500
 460                     725.79900
 461                     727.38300
 462                     728.96700
 463                     730.55200
 464                     732.13600
 465                     733.72100
 466                     735.30600
 467                     736.89000
 468                     738.47500
 469                     740.06000
 470                     741.64600
 471                     743.23100
 472                     744.81700
 473                     746.40200
 474                     747.98800
 475                     749.57400
 476                     751.16000
 477                     752.74700
 478                     754.33300
 479                     755.92000
 480                     757.50700
 481                     759.09400
 482                     760.68100
 483                     762.26800
 484                     763.85500
 485                     765.44300
 486                     767.03100
 487                     768.61800
 488                     770.20700
 489                     771.79500
 490                     773.38300
 491                     774.97200
 492                     776.56000
 493                     778.14900
 494                     779.73800
 495                     781.32800
 496                     782.91700
 497                     784.50700
 498                     786.09700
 499                     787.68600
 500                     789.27700
 501                     790.86700
 502                     792.45700
 503                     794.04800
 504                     795.63900
 505                     797.23000
 506                     798.82100
 507                     800.41300
 508                     802.00500
 509                     803.59600
 510                     805.18800
 511                     806.78100
 512                     808.37300
 513                     809.96600
 514                     811.55800
 515                     813.15200
 516                     814.74500
 517                     816.33800
 518                     817.93200
 519                     819.52600
 520                     821.12000
 521                     822.71400
 522                     824.30800
 523                     825.90300
 524                     827.49800
 525                     829.09300
 526                     830.68800
 527                     832.28400
 528                     833.88000
 529                     835.47600
 530                     837.07200
 531                     838.66800
 532                     840.26500
 533                     841.86200
 534                     843.45900
 535                     845.05600
 536                     846.65400
 537                     848.25200
 538                     849.85000
 539                     851.44800
 540                     853.04700
 541                     854.64500
 542                     856.24400
 543                     857.84300
 544                     859.44300
 545                     861.04300
 546                     862.64300
 547                     864.24300
 548                     865.84300
 549                     867.44400
 550                     869.04500
 551                     870.64600
 552                     872.24700
 553                     873.84900
 554                     875.45100
 555                     877.05300
 556                     878.65600
 557                     880.25800
 558                     881.86100
 559                     883.46500
 560                     885.06800
 561                     886.67200
 562                     888.27600
 563                     889.88000
 564                     891.48500
 565                     893.09000
 566                     894.69500
 567                     896.30000
 568                     897.90600
 569                     899.51200
 570                     901.11800
 571                     902.72500
 572                     904.33100
 573                     905.93800
 574                     907.54600
 575                     909.15300
 576                     910.76100
 577                     912.36900
 578                     913.97800
 579                     915.58700
 580                     917.19600
 581                     918.80500
 582                     920.41500
 583                     922.02500
 584                     923.63500
 585                     925.24600
 586                     926.85600
 587                     928.46800
 588                     930.07900
 589                     931.69100
 590                     933.30300
 591                     934.91500
 592                     936.52800
 593                     938.14100
 594                     939.75400
 595                     941.36800
 596                     942.98200
 597                     944.59600
 598                     946.21100
 599                     947.82500
 600                     949.44100
 601                     951.05600
 602                     952.67200
 603                     954.28800
 604                     955.90500
 605                     957.52100
 606                     959.13900
 607                     960.75600
 608                     962.37400
 609                     963.99200
 610                     965.61100
 611                     967.22900
 612                     968.84900
 613                     970.46800
 614                     972.08800
 615                     973.70800
 616                     975.32900
 617                     976.94900
 618                     978.57100
 619                     980.19200
 620                     981.81400
 621                     983.43600
 622                     985.05900
 623                     986.68200
 624                     988.30500
 625                     989.92900
 626                     991.55300
 627                     993.17700
 628                     994.80200
 629                     996.42700
 630                     998.05200
 631                     999.67800
 632                    1001.30000
 633                    1002.93000
 634                    1004.56000
 635                    1006.19000
 636                    1007.81000
 637                    1009.44000
 638                    1011.07000
 639                    1012.70000
 640                    1014.33000
 641                    1015.96000
 642                    1017.59000
 643                    1019.22000
 644                    1020.85000
 645                    1022.48000
 646                    1024.11000
 647                    1025.74000
 648                    1027.37000
 649                    1029.01000
 650                    1030.64000
 651                    1032.27000
 652                    1033.91000
 653                    1035.54000
 654                    1037.18000
 655                    1038.81000
 656                    1040.45000
 657                    1042.08000
 658                    1043.72000
 659                    1045.35000
 660                    1046.99000
 661                    1048.63000
 662                    1050.27000
 663                    1051.90000
 664                    1053.54000
 665                    1055.18000
 666                    1056.82000
 667                    1058.46000
 668                    1060.10000
 669                    1061.74000
 670                    1063.38000
 671                    1065.02000
 672                    1066.67000
 673                    1068.31000
 674                    1069.95000
 675                    1071.59000
 676                    1073.24000
 677                    1074.88000
 678                    1076.53000
 679                    1078.17000
 680                    1079.82000
 681                    1081.46000
 682                    1083.11000
 683                    1084.75000
 684                    1086.40000
 685                    1088.05000
 686                    1089.70000
 687                    1091.35000
 688                    1092.99000
 689                    1094.64000
 690                    1096.29000
 691                    1097.94000
 692                    1099.59000
 693                    1101.24000
 694                    1102.90000
 695                    1104.55000
 696                    1106.20000
 697                    1107.85000
 698                    1109.51000
 699                    1111.16000
 700                    1112.81000
 701                    1114.47000
 702                    1116.12000
 703                    1117.78000
 704                    1119.43000
 705                    1121.09000
 706                    1122.75000
 707                    1124.41000
 708                    1126.06000
 709                    1127.72000
 710                    1129.38000
 711                    1131.04000
 712                    1132.70000
 713                    1134.36000
 714                    1136.02000
 715                    1137.68000
 716                    1139.34000
 717                    1141.00000
 718                    1142.67000
 719                    1144.33000
 720                    1145.99000
 721                    1147.66000
 722                    1149.32000
 723                    1150.99000
 724                    1152.65000
 725                    1154.32000
 726                    1155.98000
 727                    1157.65000
 728                    1159.32000
 729                    1160.99000
 730                    1162.65000
 731                    1164.32000
 732                    1165.99000
 733                    1167.66000
 734                    1169.33000
 735                    1171.00000
 736                    1172.67000
 737                    1174.35000
 738                    1176.02000
 739                    1177.69000
 740                    1179.36000
 741                    1181.04000
 742                    1182.71000
 743                    1184.39000
 744                    1186.06000
 745                    1187.74000
 746                    1189.42000
 747                    1191.09000
 748                    1192.77000
 749                    1194.45000
 750                    1196.13000
 751                    1197.80000
 752                    1199.48000
 753                    1201.16000
 754                    1202.84000
 755                    1204.53000
 756                    1206.21000
 757                    1207.89000
 758                    1209.57000
 759                    1211.25000
 760                    1212.94000
 761                    1214.62000
 762                    1216.31000
 763                    1217.99000
 764                    1219.68000
 765                    1221.36000
 766                    1223.05000
 767                    1224.74000
 768                    1226.43000
 769                    1228.11000
 770                    1229.80000
 771                    1231.49000
 772                    1233.18000
 773                    1234.87000
 774                    1236.56000
 775                    1238.26000
 776                    1239.95000
 777                    1241.64000
 778                    1243.33000
 779                    1245.03000
 780                    1246.72000
 781                    1248.42000
 782                    1250.11000
 783                    1251.81000
 784                    1253.50000
 785                    1255.20000
 786                    1256.90000
 787                    1258.60000
 788                    1260.30000
 789                    1262.00000
 790                    1263.70000
 791                    1265.40000
 792                    1267.10000
 793                    1268.80000
 794                    1270.50000
 795                    1272.20000
 796                    1273.91000
 797                    1275.61000
 798                    1277.32000
 799                    1279.02000
 800                    1280.73000
 801                    1282.43000
 802                    1284.14000
 803                    1285.85000
 804                    1287.55000
 805                    1289.26000
 806                    1290.97000
 807                    1292.68000
 808                    1294.39000
 809                    1296.10000
 810                    1297.81000
 811                    1299.52000
 812                    1301.24000
 813                    1302.95000
 814                    1304.66000
 815                    1306.38000
 816                    1308.09000
 817                    1309.81000
 818                    1311.52000
 819                    1313.24000
 820                    1314.96000
 821                    1316.68000
 822                    1318.39000
 823                    1320.11000
 824                    1321.83000
 825                    1323.55000
 826                    1325.27000
 827                    1326.99000
 828                    1328.72000
 829                    1330.44000
 830                    1332.16000
 831                    1333.88000
 832                    1335.61000
 833                    1337.33000
 834                    1339.06000
 835                    1340.79000
 836                    1342.51000
 837                    1344.24000
 838                    1345.97000
 839                    1347.70000
 840                    1349.43000
 841                    1351.15000
 842                    1352.89000
 843                    1354.62000
 844                    1356.35000
 845                    1358.08000
 846                    1359.81000
 847                    1361.55000
 848                    1363.28000
 849                    1365.01000
 850                    1366.75000
 851                    1368.49000
 852                    1370.22000
 853                    1371.96000
 854                    1373.70000
 855                    1375.44000
 856                    1377.17000
 857                    1378.91000
 858                    1380.65000
 859                    1382.39000
 860                    1384.14000
 861                    1385.88000
 862                    1387.62000
 863                    1389.36000
 864                    1391.11000
 865                    1392.85000
 866                    1394.60000
 867                    1396.34000
 868                    1398.09000
 869                    1399.84000
 870                    1401.59000
 871                    1403.33000
 872                    1405.08000
 873                    1406.83000
 874                    1408.58000
 875                    1410.33000
 876                    1412.09000
 877                    1413.84000
 878                    1415.59000
 879                    1417.34000
 880                    1419.10000
 881                    1420.85000
 882                    1422.61000
 883                    1424.37000
 884                    1426.12000
 885                    1427.88000
 886                    1429.64000
 887                    1431.40000
 888                    1433.16000
 889                    1434.92000
 890                    1436.68000
 891                    1438.44000
 892                    1440.20000
 893                    1441.96000
 894                    1443.73000
 895                    1445.49000
 896                    1447.25000
 897                    1449.02000
 898                    1450.79000
 899                    1452.55000
 900                    1454.32000
 901                    1456.09000
 902                    1457.86000
 903                    1459.62000
 904                    1461.39000
 905                    1463.17000
 906                    1464.94000
 907                    1466.71000
 908                    1468.48000
 909                    1470.25000
 910                    1472.03000
 911                    1473.80000
 912                    1475.58000
 913                    1477.35000
 914                    1479.13000
 915                    1480.91000
 916                    1482.69000
 917                    1484.46000
 918                    1486.24000
 919                    1488.02000
 920                    1489.80000
 921                    1491.59000
 922                    1493.37000
 923                    1495.15000
 924                    1496.93000
 925                    1498.72000
 926                    1500.50000
 927                    1502.29000
 928                    1504.07000
 929                    1505.86000
 930                    1507.65000
 931                    1509.44000
 932                    1511.22000
 933                    1513.01000
 934                    1514.80000
 935                    1516.60000
 936                    1518.39000
 937                    1520.18000
 938                    1521.97000
 939                    1523.77000
 940                    1525.56000
 941                    1527.35000
 942                    1529.15000
 943                    1530.95000
 944                    1532.74000
 945                    1534.54000
 946                    1536.34000
 947                    1538.14000
 948                    1539.94000
 949                    1541.74000
 950                    1543.54000
 951                    1545.34000
 952                    1547.15000
 953                    1548.95000
 954                    1550.75000
 955                    1552.56000
 956                    1554.36000
 957                    1556.17000
 958                    1557.98000
 959                    1559.78000
 960                    1561.59000
 961                    1563.40000
 962                    1565.21000
 963                    1567.02000
 964                    1568.83000
 965                    1570.64000
 966                    1572.46000
 967                    1574.27000
 968                    1576.08000
 969                    1577.90000
 970                    1579.71000
 971                    1581.53000
 972                    1583.35000
 973                    1585.16000
 974                    1586.98000
 975                    1588.80000
 976                    1590.62000
 977                    1592.44000
 978                    1594.26000
 979                    1596.08000
 980                    1597.91000
 981                    1599.73000
 982                    1601.55000
 983                    1603.38000
 984                    1605.20000
 985                    1607.03000
 986                    1608.86000
 987                    1610.69000
 988                    1612.51000
 989                    1614.34000
 990                    1616.17000
 991                    1618.00000
 992                    1619.83000
 993                    1621.67000
 994                    1623.50000
 995                    1625.33000
 996                    1627.17000
 997                    1629.00000
 998                    1630.84000
 999                    1632.67000
1000                    1634.51000
1001                    1636.35000
1002                    1638.19000
1003                    1640.03000
1004                    1641.87000
1005                    1643.71000
1006                    1645.55000
1007                    1647.39000
1008                    1649.23000
1009                    1651.08000
1010                    1652.92000
1011                    1654.77000
1012                    1656.61000
1013                    1658.46000
1014                    1660.31000
1015                    1662.15000
1016                    1664.00000
1017                    1665.85000
1018                    1667.70000
1019                    1669.55000
1020                    1671.41000
1021                    1673.26000
1022                    1675.11000
1023                    1676.97000
1024                    1678.82000
1025                    1680.68000
1026                    1682.53000
1027                    1684.39000
1028                    1686.25000
1029                    1688.11000
1030                    1689.96000
1031                    1691.82000
1032                    1693.69000
1033                    1695.55000
1034                    1697.41000
1035                    1699.27000
1036                    1701.14000
1037                    1703.00000
1038                    1704.87000
1039                    1706.73000
1040                    1708.60000
1041                    1710.47000
1042                    1712.33000
1043                    1714.20000
1044                    1716.07000
1045                    1717.94000
1046                    1719.82000
1047                    1721.69000
1048                    1723.56000
1049                    1725.43000
1050                    1727.31000
1051                    1729.18000
1052                    1731.06000
1053                    1732.94000
1054                    1734.81000
1055                    1736.69000
1056                    1738.57000
1057                    1740.45000
1058                    1742.33000
1059                    1744.21000
1060                    1746.09000
1061                    1747.98000
1062                    1749.86000
1063                    1751.75000
1064                    1753.63000
1065                    1755.52000
1066                    1757.40000
1067                    1759.29000
1068                    1761.18000
1069                    1763.07000
1070                    1764.96000
1071                    1766.85000
1072                    1768.74000
1073                    1770.63000
1074                    1772.52000
1075                    1774.42000
1076                    1776.31000
1077                    1778.21000
1078                    1780.10000
1079                    1782.00000
1080                    1783.90000
1081                    1785.79000
1082                    1787.69000
1083                    1789.59000
1084                    1791.49000
1085                    1793.40000
1086                    1795.30000
1087                    1797.20000
1088                    1799.10000
1089                    1801.01000
1090                    1802.91000
1091                    1804.82000
1092                    1806.73000
1093                    1808.63000
1094                    1810.54000
1095                    1812.45000
1096                    1814.36000
1097                    1816.27000
1098                    1818.18000
1099                    1820.10000
1100                    1822.01000
1101                    1823.92000
1102                    1825.84000
1103                    1827.75000
1104                    1829.67000
1105                    1831.59000
1106                    1833.50000
1107                    1835.42000
1108                    1837.34000
1109                    1839.26000
1110                    1841.18000
1111                    1843.11000
1112                    1845.03000
1113                    1846.95000
1114                    1848.87000
1115                    1850.80000
1116                    1852.73000
1117                    1854.65000
1118                    1856.58000
1119                    1858.51000
1120                    1860.44000
1121                    1862.37000
1122                    1864.30000
1123                    1866.23000
1124                    1868.16000
1125                    1870.09000
1126                    1872.03000
1127                    1873.96000
1128                    1875.90000
1129                    1877.83000
1130                    1879.77000
1131                    1881.71000
1132                    1883.65000
1133                    1885.58000
1134                    1887.52000
1135                    1889.47000
1136                    1891.41000
1137                    1893.35000
1138                    1895.29000
1139                    1897.24000
1140                    1899.18000
1141                    1901.13000
1142                    1903.07000
1143                    1905.02000
1144                    1906.97000
1145                    1908.92000
1146                    1910.87000
1147                    1912.82000
1148                    1914.77000
1149                    1916.72000
1150                    1918.67000
1151                    1920.63000
1152                    1922.58000
1153                    1924.54000
1154                    1926.49000
1155                    1928.45000
1156                    1930.41000
1157                    1932.37000
1158                    1934.33000
1159                    1936.29000
1160                    1938.25000
1161                    1940.21000
1162                    1942.17000
1163                    1944.14000
1164                    1946.10000
1165                    1948.07000
1166                    1950.03000
1167                    1952.00000
1168                    1953.97000
1169                    1955.93000
1170                    1957.90000
1171                    1959.87000
1172                    1961.84000
1173                    1963.82000
1174                    1965.79000
1175                    1967.76000
1176                    1969.74000
1177                    1971.71000
1178                    1973.69000
1179                    1975.66000
1180                    1977.64000
1181                    1979.62000
1182                    1981.60000
1183                    1983.58000
1184                    1985.56000
1185                    1987.54000
1186                    1989.52000
1187                    1991.51000
1188                    1993.49000
1189                    1995.47000
1190                    1997.46000
1191                    1999.45000
1192                    2001.43000
1193                    2003.42000
1194                    2005.41000
1195                    2007.40000
1196                    2009.39000
1197                    2011.38000
1198                    2013.37000
1199                    2015.37000
1200                    2017.36000
1201                    2019.36000
1202                    2021.35000
1203                    2023.35000
1204                    2025.34000
1205                    2027.34000
1206                    2029.34000
1207                    2031.34000
1208                    2033.34000
1209                    2035.34000
1210                    2037.34000
1211                    2039.35000
1212                    2041.35000
1213                    2043.36000
1214                    2045.36000
1215                    2047.37000
1216                    2049.37000
1217                    2051.38000
1218                    2053.39000
1219                    2055.40000
1220                    2057.41000
1221                    2059.42000
1222                    2061.44000
1223                    2063.45000
1224                    2065.46000
1225                    2067.48000
1226                    2069.49000
1227                    2071.51000
1228                    2073.53000
1229                    2075.54000
1230                    2077.56000
1231                    2079.58000
1232                    2081.60000
1233                    2083.62000
1234                    2085.65000
1235                    2087.67000
1236                    2089.69000
1237                    2091.72000
1238                    2093.74000
1239                    2095.77000
1240                    2097.80000
1241                    2099.82000
1242                    2101.85000
1243                    2103.88000
1244                    2105.91000
1245                    2107.95000
1246                    2109.98000
1247                    2112.01000
1248                    2114.04000
1249                    2116.08000
1250                    2118.12000
1251                    2120.15000
1252                    2122.19000
1253                    2124.23000
1254                    2126.27000
1255                    2128.31000
1256                    2130.35000
1257                    2132.39000
1258                    2134.43000
1259                    2136.47000
1260                    2138.52000
1261                    2140.56000
1262                    2142.61000
1263                    2144.66000
1264                    2146.70000
1265                    2148.75000
1266                    2150.80000
1267                    2152.85000
1268                    2154.90000
1269                    2156.95000
1270                    2159.01000
1271                    2161.06000
1272                    2163.11000
1273                    2165.17000
1274                    2167.22000
1275                    2169.28000
1276                    2171.34000
1277                    2173.40000
1278                    2175.46000
1279                    2177.52000
1280                    2179.58000
1281                    2181.64000
1282                    2183.70000
1283                    2185.77000
1284                    2187.83000
1285                    2189.90000
1286                    2191.96000
1287                    2194.03000
1288                    2196.10000
1289                    2198.17000
1290                    2200.24000
1291                    2202.31000
1292                    2204.38000
1293                    2206.45000
1294                    2208.52000
1295                    2210.60000
1296                    2212.67000
1297                    2214.75000
1298                    2216.82000
1299                    2218.90000
1300                    2220.98000
1301                    2223.06000
1302                    2225.14000
1303                    2227.22000
1304                    2229.30000
1305                    2231.38000
1306                    2233.47000
1307                    2235.55000
1308                    2237.64000
1309                    2239.72000
1310                    2241.81000
1311                    2243.90000
1312                    2245.99000
1313                    2248.08000
1314                    2250.17000
1315                    2252.26000
1316                    2254.35000
1317                    2256.44000
1318                    2258.54000
1319                    2260.63000
1320                    2262.73000
1321                    2264.82000
1322                    2266.92000
1323                    2269.02000
1324                    2271.12000
1325                    2273.22000
1326                    2275.32000
1327                    2277.42000
1328                    2279.52000
1329                    2281.62000
1330                    2283.73000
1331                    2285.83000
1332                    2287.94000
1333                    2290.05000
1334                    2292.15000
1335                    2294.26000
1336                    2296.37000
1337                    2298.48000
1338                    2300.59000
1339                    2302.71000
1340                    2304.82000
1341                    2306.93000
1342                    2309.05000
1343                    2311.16000
1344                    2313.28000
1345                    2315.40000
1346                    2317.51000
1347                    2319.63000
1348                    2321.75000
1349                    2323.87000
1350                    2325.99000
1351                    2328.12000
1352                    2330.24000
1353                    2332.36000
1354                    2334.49000
1355                    2336.62000
1356                    2338.74000
1357                    2340.87000
1358                    2343.00000
1359                    2345.13000
1360                    2347.26000
1361                    2349.39000
1362                    2351.52000
1363                    2353.65000
1364                    2355.79000
1365                    2357.92000
1366                    2360.06000
1367                    2362.19000
1368                    2364.33000
1369                    2366.47000
1370                    2368.61000
1371                    2370.75000
1372                    2372.89000
1373                    2375.03000
1374                    2377.17000
1375                    2379.32000
1376                    2381.46000
1377                    2383.61000
1378                    2385.75000
1379                    2387.90000
1380                    2390.05000
1381                    2392.20000
1382                    2394.35000
1383                    2396.50000
1384                    2398.65000
1385                    2400.80000
1386                    2402.95000
1387                    2405.11000
1388                    2407.26000
1389                    2409.42000
1390                    2411.57000
1391                    2413.73000
1392                    2415.89000
1393                    2418.05000
1394                    2420.21000
1395                    2422.37000
1396                    2424.53000
1397                    2426.70000
1398                    2428.86000
1399                    2431.02000
1400                    2433.19000
1401                    2435.36000
1402                    2437.52000
1403                    2439.69000
1404                    2441.86000
1405                    2444.03000
1406                    2446.20000
1407                    2448.37000
1408                    2450.55000
1409                    2452.72000
1410                    2454.89000
1411                    2457.07000
1412                    2459.24000
1413                    2461.42000
1414                    2463.60000
1415                    2465.78000
1416                    2467.96000
1417                    2470.14000
1418                    2472.32000
1419                    2474.50000
1420                    2476.68000
1421                    2478.87000
1422                    2481.05000
1423                    2483.24000
1424                    2485.43000
1425                    2487.61000
1426                    2489.80000
1427                    2491.99000
1428                    2494.18000
1429                    2496.37000
1430                    2498.57000
1431                    2500.76000
1432                    2502.95000
1433                    2505.15000
1434                    2507.34000
1435                    2509.54000
1436                    2511.74000
1437                    2513.94000
1438                    2516.13000
1439                    2518.33000
1440                    2520.54000
1441                    2522.74000
1442                    2524.94000
1443                    2527.14000
1444                    2529.35000
1445                    2531.55000
1446                    2533.76000
1447                    2535.97000
1448                    2538.18000
1449                    2540.38000
1450                    2542.59000
1451                    2544.81000
1452                    2547.02000
1453                    2549.23000
1454                    2551.44000
1455                    2553.66000
1456                    2555.87000
1457                    2558.09000
1458                    2560.31000
1459                    2562.52000
1460                    2564.74000
1461                    2566.96000
1462                    2569.18000
1463                    2571.41000
1464                    2573.63000
1465                    2575.85000
1466                    2578.08000
1467                    2580.30000
1468                    2582.53000
1469                    2584.75000
1470                    2586.98000
1471                    2589.21000
1472                    2591.44000
1473                    2593.67000
1474                    2595.90000
1475                    2598.13000
1476                    2600.37000
1477                    2602.60000
1478                    2604.84000
1479                    2607.07000
1480                    2609.31000
1481                    2611.55000
1482                    2613.79000
1483                    2616.03000
1484                    2618.27000
1485                    2620.51000
1486                    2622.75000
1487                    2624.99000
1488                    2627.24000
1489                    2629.48000
1490                    2631.73000
1491                    2633.97000
1492                    2636.22000
1493                    2638.47000
1494                    2640.72000
1495                    2642.97000
1496                    2645.22000
1497                    2647.47000
1498                    2649.73000
1499                    2651.98000
1500                    2654.24000
1501                    2656.49000
1502                    2658.75000
1503                    2661.01000
1504                    2663.26000
1505                    2665.52000
1506                    2667.78000
1507                    2670.05000
1508                    2672.31000
1509                    2674.57000
1510                    2676.83000
1511                    2679.10000
1512                    2681.37000
1513                    2683.63000
1514                    2685.90000
1515                    2688.17000
1516                    2690.44000
1517                    2692.71000
1518                    2694.98000
1519                    2697.25000
1520                    2699.52000
1521                    2701.80000
1522                    2704.07000
1523                    2706.35000
1524                    2708.63000
1525                    2710.90000
1526                    2713.18000
1527                    2715.46000
1528                    2717.74000
1529                    2720.02000
1530                    2722.30000
1531                    2724.59000
1532                    2726.87000
1533                    2729.16000
1534                    2731.44000
1535                    2733.73000
1536                    2736.02000
1537                    2738.30000
1538                    2740.59000
1539                    2742.88000
1540                    2745.17000
1541                    2747.47000
1542                    2749.76000
1543                    2752.05000
1544                    2754.35000
1545                    2756.64000
1546                    2758.94000
1547                    2761.24000
1548                    2763.54000
1549                    2765.84000
1550                    2768.14000
1551                    2770.44000
1552                    2772.74000
1553                    2775.04000
1554                    2777.35000
1555                    2779.65000
1556                    2781.96000
1557                    2784.26000
1558                    2786.57000
1559                    2788.88000
1560                    2791.19000
1561                    2793.50000
1562                    2795.81000
1563                    2798.12000
1564                    2800.44000
1565                    2802.75000
1566                    2805.07000
1567                    2807.38000
1568                    2809.70000
1569                    2812.02000
1570                    2814.33000
1571                    2816.65000
1572                    2818.97000
1573                    2821.30000
1574                    2823.62000
1575                    2825.94000
1576                    2828.26000
1577                    2830.59000
1578                    2832.92000
1579                    2835.24000
1580                    2837.57000
1581                    2839.90000
1582                    2842.23000
1583                    2844.56000
1584                    2846.89000
1585                    2849.22000
1586                    2851.56000
1587                    2853.89000
1588                    2856.22000
1589                    2858.56000
1590                    2860.90000
1591                    2863.24000
1592                    2865.57000
1593                    2867.91000
1594                    2870.25000
1595                    2872.60000
1596                    2874.94000
1597                    2877.28000
1598                    2879.63000
1599                    2881.97000
1600                    2884.32000
1601                    2886.66000
1602                    2889.01000
1603                    2891.36000
1604                    2893.71000
1605                    2896.06000
1606                    2898.41000
1607                    2900.77000
1608                    2903.12000
1609                    2905.47000
1610                    2907.83000
1611                    2910.18000
1612                    2912.54000
1613                    2914.90000
1614                    2917.26000
1615                    2919.62000
1616                    2921.98000
1617                    2924.34000
1618                    2926.70000
1619                    2929.07000
1620                    2931.43000
1621                    2933.80000
1622                    2936.16000
1623                    2938.53000
1624                    2940.90000
1625                    2943.27000
1626                    2945.64000
1627                    2948.01000
1628                    2950.38000
1629                    2952.75000
1630                    2955.13000
1631                    2957.50000
1632                    2959.88000
1633                    2962.25000
1634                    2964.63000
1635                    2967.01000
1636                    2969.39000
1637                    2971.77000
1638                    2974.15000
1639                    2976.53000
1640                    2978.91000
1641                    2981.30000
1642                    2983.68000
1643                    2986.07000
1644                    2988.46000
1645                    2990.84000
1646                    2993.23000
1647                    2995.62000
1648                    2998.01000
1649                    3000.40000
1650                    3002.80000
1651                    3005.19000
1652                    3007.58000
1653                    3009.98000
1654                    3012.37000
1655                    3014.77000
1656                    3017.17000
1657                    3019.57000
1658                    3021.97000
1659                    3024.37000
1660                    3026.77000
1661                    3029.17000
1662                    3031.57000
1663                    3033.98000
1664                    3036.38000
1665                    3038.79000
1666                    3041.20000
1667                    3043.60000
1668                    3046.01000
1669                    3048.42000
1670                    3050.83000
1671                    3053.25000
1672                    3055.66000
1673                    3058.07000
1674                    3060.49000
1675                    3062.90000
1676                    3065.32000
1677                    3067.74000
1678                    3070.15000
1679                    3072.57000
1680                    3074.99000
1681                    3077.41000
1682                    3079.84000
1683                    3082.26000
1684                    3084.68000
1685                    3087.11000
1686                    3089.53000
1687                    3091.96000
1688                    3094.39000
1689                    3096.81000
1690                    3099.24000
1691                    3101.67000
1692                    3104.11000
1693                    3106.54000
1694                    3108.97000
1695                    3111.40000
1696                    3113.84000
1697                    3116.28000
1698                    3118.71000
1699                    3121.15000
1700                    3123.59000
1701                    3126.03000
1702                    3128.47000
1703                    3130.91000
1704                    3133.35000
1705                    3135.80000
1706                    3138.24000
1707                    3140.69000
1708                    3143.13000
1709                    3145.58000
1710                    3148.03000
1711                    3150.48000
1712                    3152.93000
1713                    3155.38000
1714                    3157.83000
1715                    3160.28000
1716                    3162.73000
1717                    3165.19000
1718                    3167.64000
1719                    3170.10000
1720                    3172.56000
1721                    3175.02000
1722                    3177.48000
1723                    3179.94000
1724                    3182.40000
1725                    3184.86000
1726                    3187.32000
1727                    3189.79000
1728                    3192.25000
1729                    3194.72000
1730                    3197.18000
1731                    3199.65000
1732                    3202.12000
1733                    3204.59000
1734                    3207.06000
1735                    3209.53000
1736                    3212.00000
1737                    3214.48000
1738                    3216.95000
1739                    3219.42000
1740                    3221.90000
1741                    3224.38000
1742                    3226.86000
1743                    3229.33000
1744                    3231.81000
1745                    3234.29000
1746                    3236.78000
1747                    3239.26000
1748                    3241.74000
1749                    3244.23000
1750                    3246.71000
1751                    3249.20000
1752                    3251.69000
1753                    3254.17000
1754                    3256.66000
1755                    3259.15000
1756                    3261.64000
1757                    3264.14000
1758                    3266.63000
1759                    3269.12000
1760                    3271.62000
1761                    3274.11000
1762                    3276.61000
1763                    3279.11000
1764                    3281.61000
1765                    3284.11000
1766                    3286.61000
1767                    3289.11000
1768                    3291.61000
1769                    3294.11000
1770                    3296.62000
1771                    3299.12000
1772                    3301.63000
1773                    3304.14000
1774                    3306.64000
1775                    3309.15000
1776                    3311.66000
1777                    3314.17000
1778                    3316.68000
1779                    3319.20000
1780                    3321.71000
1781                    3324.23000
1782                    3326.74000
1783                    3329.26000
1784                    3331.77000
1785                    3334.29000
1786                    3336.81000
1787                    3339.33000
1788                    3341.85000
1789                    3344.38000
1790                    3346.90000
1791                    3349.42000
1792                    3351.95000
1793                    3354.47000
1794                    3357.00000
1795                    3359.53000
1796                    3362.06000
1797                    3364.59000
1798                    3367.12000
1799                    3369.65000
1800                    3372.18000
1801                    3374.71000
1802                    3377.25000
1803                    3379.78000
1804                    3382.32000
1805                    3384.86000
1806                    3387.39000
1807                    3389.93000
1808                    3392.47000
1809                    3395.01000
1810                    3397.56000
1811                    3400.10000
1812                    3402.64000
1813                    3405.19000
1814                    3407.73000
1815                    3410.28000
1816                    3412.83000
1817                    3415.37000
1818                    3417.92000
1819                    3420.47000
1820                    3423.03000
1821                    3425.58000
1822                    3428.13000
1823                    3430.69000
1824                    3433.24000
1825                    3435.80000
1826                    3438.35000
1827                    3440.91000
1828                    3443.47000
1829                    3446.03000
1830                    3448.59000
1831                    3451.15000
1832                    3453.71000
1833                    3456.28000
1834                    3458.84000
1835                    3461.41000
1836                    3463.97000
1837                    3466.54000
1838                    3469.11000
1839                    3471.68000
1840                    3474.25000
1841                    3476.82000
1842                    3479.39000
1843                    3481.97000
1844                    3484.54000
1845                    3487.11000
1846                    3489.69000
1847                    3492.27000
1848                    3494.85000
1849                    3497.42000
1850                    3500.00000
1851                    3502.58000
1852                    3505.17000
1853                    3507.75000
1854                    3510.33000
1855                    3512.92000
1856                    3515.50000
1857                    3518.09000
1858                    3520.67000
1859                    3523.26000
1860                    3525.85000
1861                    3528.44000
1862                    3531.03000
1863                    3533.63000
1864                    3536.22000
1865                    3538.81000
1866                    3541.41000
1867                    3544.00000
1868                    3546.60000
1869                    3549.20000
1870                    3551.80000
1871                    3554.39000
1872                    3557.00000
1873                    3559.60000
1874                    3562.20000
1875                    3564.80000
1876                    3567.41000
1877                    3570.01000
1878                    3572.62000
1879                    3575.23000
1880                    3577.83000
1881                    3580.44000
1882                    3583.05000
1883                    3585.66000
1884                    3588.28000
1885                    3590.89000
1886                    3593.50000
1887                    3596.12000
1888                    3598.73000
1889                    3601.35000
1890                    3603.97000
1891                    3606.59000
1892                    3609.21000
1893                    3611.83000
1894                    3614.45000
1895                    3617.07000
1896                    3619.69000
1897                    3622.32000
1898                    3624.94000
1899                    3627.57000
1900                    3630.20000
1901                    3632.82000
1902                    3635.45000
1903                    3638.08000
1904                    3640.71000
1905                    3643.35000
1906                    3645.98000
1907                    3648.61000
1908                    3651.25000
1909                    3653.88000
1910                    3656.52000
1911                    3659.16000
1912                    3661.79000
1913                    3664.43000
1914                    3667.07000
1915                    3669.72000
1916                    3672.36000
1917                    3675.00000
1918                    3677.65000
1919                    3680.29000
1920                    3682.94000
1921                    3685.58000
1922                    3688.23000
1923                    3690.88000
1924                    3693.53000
1925                    3696.18000
1926                    3698.83000
1927                    3701.49000
1928                    3704.14000
1929                    3706.80000
1930                    3709.45000
1931                    3712.11000
1932                    3714.77000
1933                    3717.42000
1934                    3720.08000
1935                    3722.74000
1936                    3725.41000
1937                    3728.07000
1938                    3730.73000
1939                    3733.40000
1940                    3736.06000
1941                    3738.73000
1942                    3741.39000
1943                    3744.06000
1944                    3746.73000
1945                    3749.40000
1946                    3752.07000
1947                    3754.74000
1948                    3757.42000
1949                    3760.09000
1950                    3762.77000
1951                    3765.44000
1952                    3768.12000
1953                    3770.80000
1954                    3773.47000
1955                    3776.15000
1956                    3778.83000
1957                    3781.52000
1958                    3784.20000
1959                    3786.88000
1960                    3789.57000
1961                    3792.25000
1962                    3794.94000
1963                    3797.62000
1964                    3800.31000
1965                    3803.00000
1966                    3805.69000
1967                    3808.38000
1968                    3811.08000
1969                    3813.77000
1970                    3816.46000
1971                    3819.16000
1972                    3821.85000
1973                    3824.55000
1974                    3827.25000
1975                    3829.95000
1976                    3832.65000
1977                    3835.35000
1978                    3838.05000
1979                    3840.75000
1980                    3843.45000
1981                    3846.16000
1982                    3848.86000
1983                    3851.57000
1984                    3854.28000
1985                    3856.99000
1986                    3859.70000
1987                    3862.41000
1988                    3865.12000
1989                    3867.83000
1990                    3870.54000
1991                    3873.26000
1992                    3875.97000
1993                    3878.69000
1994                    3881.40000
1995                    3884.12000
1996                    3886.84000
1997                    3889.56000
1998                    3892.28000
1999                    3895.00000
2000                    3897.72000
2001                    3900.45000
2002                    3903.17000
2003                    3905.90000
2004                    3908.63000
2005                    3911.35000
2006                    3914.08000
2007                    3916.81000
2008                    3919.54000
2009                    3922.27000
2010                    3925.00000
2011                    3927.74000
2012                    3930.47000
2013                    3933.21000
2014                    3935.94000
2015                    3938.68000
2016                    3941.42000
2017                    3944.16000
2018                    3946.90000
2019                    3949.64000
2020                    3952.38000
2021                    3955.12000
2022                    3957.87000
2023                    3960.61000
2024                    3963.36000
2025                    3966.10000
2026                    3968.85000
2027                    3971.60000
2028                    3974.35000
2029                    3977.10000
2030                    3979.85000
2031                    3982.60000
2032                    3985.36000
2033                    3988.11000
2034                    3990.87000
2035                    3993.62000
2036                    3996.38000
2037                    3999.14000
2038                    4001.90000
2039                    4004.66000
2040                    4007.42000
2041                    4010.18000
2042                    4012.94000
2043                    4015.71000
2044                    4018.47000
2045                    4021.24000
2046                    4024.00000
2047                    4026.77000
2048                    4029.54000
2049                    4032.31000
2050                    4035.08000
2051                    4037.85000
2052                    4040.63000
2053                    4043.40000
2054                    4046.17000
2055                    4048.95000
2056                    4051.73000
2057                    4054.50000
2058                    4057.28000
2059                    4060.06000
2060                    4062.84000
2061                    4065.62000
2062                    4068.41000
2063                    4071.19000
2064                    4073.97000
2065                    4076.76000
2066                    4079.54000
2067                    4082.33000
2068                    4085.12000
2069                    4087.91000
2070                    4090.70000
2071                    4093.49000
2072                    4096.28000
2073                    4099.07000
2074                    4101.87000
2075                    4104.66000
2076                    4107.46000
2077                    4110.25000
2078                    4113.05000
2079                    4115.85000
2080                    4118.65000
2081                    4121.45000
2082                    4124.25000
2083                    4127.06000
2084                    4129.86000
2085                    4132.66000
2086                    4135.47000
2087                    4138.27000
2088                    4141.08000
2089                    4143.89000
2090                    4146.70000
2091                    4149.51000
2092                    4152.32000
2093                    4155.13000
2094                    4157.95000
2095                    4160.76000
2096                    4163.58000
2097                    4166.39000
2098                    4169.21000
2099                    4172.03000
2100                    4174.85000
2101                    4177.66000
2102                    4180.49000
2103                    4183.31000
2104                    4186.13000
2105                    4188.95000
2106                    4191.78000
2107                    4194.60000
2108                    4197.43000
2109                    4200.26000
2110                    4203.09000
2111                    4205.92000
2112                    4208.75000
2113                    4211.58000
2114                    4214.41000
2115                    4217.24000
2116                    4220.08000
2117                    4222.91000
2118                    4225.75000
2119                    4228.59000
2120                    4231.43000
2121                    4234.27000
2122                    4237.11000
2123                    4239.95000
2124                    4242.79000
2125                    4245.63000
2126                    4248.48000
2127                    4251.32000
2128                    4254.17000
2129                    4257.01000
2130                    4259.86000
2131                    4262.71000
2132                    4265.56000
2133                    4268.41000
2134                    4271.26000
2135                    4274.12000
2136                    4276.97000
2137                    4279.82000
2138                    4282.68000
2139                    4285.54000
2140                    4288.39000
2141                    4291.25000
2142                    4294.11000
2143                    4296.97000
2144                    4299.83000
2145                    4302.70000
2146                    4305.56000
2147                    4308.42000
2148                    4311.29000
2149                    4314.16000
2150                    4317.02000
2151                    4319.89000
2152                    4322.76000
2153                    4325.63000
2154                    4328.50000
2155                    4331.37000
2156                    4334.25000
2157                    4337.12000
2158                    4340.00000
2159                    4342.87000
2160                    4345.75000
2161                    4348.63000
2162                    4351.51000
2163                    4354.39000
2164                    4357.27000
2165                    4360.15000
2166                    4363.03000
2167                    4365.91000
2168                    4368.80000
2169                    4371.68000
2170                    4374.57000
2171                    4377.46000
2172                    4380.35000
2173                    4383.24000
2174                    4386.13000
2175                    4389.02000
2176                    4391.91000
2177                    4394.81000
2178                    4397.70000
2179                    4400.60000
2180                    4403.49000
2181                    4406.39000
2182                    4409.29000
2183                    4412.19000
2184                    4415.09000
2185                    4417.99000
2186                    4420.89000
2187                    4423.79000
2188                    4426.70000
2189                    4429.60000
2190                    4432.51000
2191                    4435.42000
2192                    4438.32000
2193                    4441.23000
2194                    4444.14000
2195                    4447.05000
2196                    4449.97000
2197                    4452.88000
2198                    4455.79000
2199                    4458.71000
2200                    4461.62000
2201                    4464.54000
2202                    4467.46000
2203                    4470.38000
2204                    4473.30000
2205                    4476.22000
2206                    4479.14000
2207                    4482.06000
2208                    4484.98000
2209                    4487.91000
2210                    4490.83000
2211                    4493.76000
2212                    4496.69000
2213                    4499.62000
2214                    4502.55000
2215                    4505.48000
2216                    4508.41000
2217                    4511.34000
2218                    4514.27000
2219                    4517.21000
2220                    4520.14000
2221                    4523.08000
2222                    4526.02000
2223                    4528.95000
2224                    4531.89000
2225                    4534.83000
2226                    4537.77000
2227                    4540.72000
2228                    4543.66000
2229                    4546.60000
2230                    4549.55000
2231                    4552.49000
2232                    4555.44000
2233                    4558.39000
2234                    4561.34000
2235                    4564.29000
2236                    4567.24000
2237                    4570.19000
2238                    4573.14000
2239                    4576.10000
2240                    4579.05000
2241                    4582.01000
2242                    4584.96000
2243                    4587.92000
2244                    4590.88000
2245                    4593.84000
2246                    4596.80000
2247                    4599.76000
2248                    4602.72000
2249                    4605.69000
2250                    4608.65000
2251                    4611.62000
2252                    4614.58000
2253                    4617.55000
2254                    4620.52000
2255                    4623.49000
2256                    4626.46000
2257                    4629.43000
2258                    4632.40000
2259                    4635.38000
2260                    4638.35000
2261                    4641.32000
2262                    4644.30000
2263                    4647.28000
2264                    4650.26000
2265                    4653.23000
2266                    4656.21000
2267                    4659.20000
2268                    4662.18000
2269                    4665.16000
2270                    4668.14000
2271                    4671.13000
2272                    4674.12000
2273                    4677.10000
2274                    4680.09000
2275                    4683.08000
2276                    4686.07000
2277                    4689.06000
2278                    4692.05000
2279                    4695.04000
2280                    4698.04000
2281                    4701.03000
2282                    4704.03000
2283                    4707.02000
2284                    4710.02000
2285                    4713.02000
2286                    4716.02000
2287                    4719.02000
2288                    4722.02000
2289                    4725.02000
2290                    4728.03000
2291                    4731.03000
2292                    4734.04000
2293                    4737.04000
2294                    4740.05000
2295                    4743.06000
2296                    4746.07000
2297                    4749.08000
2298                    4752.09000
2299                    4755.10000
2300                    4758.12000
2301                    4761.13000
2302                    4764.15000
2303                    4767.16000
2304                    4770.18000
2305                    4773.20000
2306                    4776.22000
2307                    4779.24000
2308                    4782.26000
2309                    4785.28000
2310                    4788.30000
2311                    4791.33000
2312                    4794.35000
2313                    4797.38000
2314                    4800.40000
2315                    4803.43000
2316                    4806.46000
2317                    4809.49000
2318                    4812.52000
2319                    4815.55000
2320                    4818.59000
2321                    4821.62000
2322                    4824.65000
2323                    4827.69000
2324                    4830.73000
2325                    4833.76000
2326                    4836.80000
2327                    4839.84000
2328                    4842.88000
2329                    4845.92000
2330                    4848.97000
2331                    4852.01000
2332                    4855.06000
2333                    4858.10000
2334                    4861.15000
2335                    4864.19000
2336                    4867.24000
2337                    4870.29000
2338                    4873.34000
2339                    4876.39000
2340                    4879.45000
2341                    4882.50000
2342                    4885.55000
2343                    4888.61000
2344                    4891.67000
2345                    4894.72000
2346                    4897.78000
2347                    4900.84000
2348                    4903.90000
2349                    4906.96000
2350                    4910.02000
2351                    4913.09000
2352                    4916.15000
2353                    4919.22000
2354                    4922.28000
2355                    4925.35000
2356                    4928.42000
2357                    4931.49000
2358                    4934.56000
2359                    4937.63000
2360                    4940.70000
2361                    4943.77000
2362                    4946.85000
2363                    4949.92000
2364                    4953.00000
2365                    4956.07000
2366                    4959.15000
2367                    4962.23000
2368                    4965.31000
2369                    4968.39000
2370                    4971.47000
2371                    4974.55000
2372                    4977.64000
2373                    4980.72000
2374                    4983.81000
2375                    4986.90000
2376                    4989.98000
2377                    4993.07000
2378                    4996.16000
2379                    4999.25000
2380                    5002.34000
2381                    5005.44000
2382                    5008.53000
2383                    5011.62000
2384                    5014.72000
2385                    5017.82000
2386                    5020.91000
2387                    5024.01000
2388                    5027.11000
2389                    5030.21000
2390                    5033.31000
2391                    5036.41000
2392                    5039.52000
2393                    5042.62000
2394                    5045.73000
2395                    5048.83000
2396                    5051.94000
2397                    5055.05000
2398                    5058.16000
2399                    5061.27000
2400                    5064.38000
2401                    5067.49000
2402                    5070.61000
2403                    5073.72000
2404                    5076.83000
2405                    5079.95000
2406                    5083.07000
2407                    5086.19000
2408                    5089.30000
2409                    5092.42000
2410                    5095.55000
2411                    5098.67000
2412                    5101.79000
2413                    5104.91000
2414                    5108.04000
2415                    5111.17000
2416                    5114.29000
2417                    5117.42000
2418                    5120.55000
2419                    5123.68000
2420                    5126.81000
2421                    5129.94000
2422                    5133.07000
2423                    5136.21000
2424                    5139.34000
2425                    5142.48000
2426                    5145.61000
2427                    5148.75000
2428                    5151.89000
2429                    5155.03000
2430                    5158.17000
2431                    5161.31000
2432                    5164.46000
2433                    5167.60000
2434                    5170.74000
2435                    5173.89000
2436                    5177.04000
2437                    5180.18000
2438                    5183.33000
2439                    5186.48000
2440                    5189.63000
2441                    5192.78000
2442                    5195.94000
2443                    5199.09000
2444                    5202.24000
2445                    5205.40000
2446                    5208.56000
2447                    5211.71000
2448                    5214.87000
2449                    5218.03000
2450                    5221.19000
2451                    5224.35000
2452                    5227.51000
2453                    5230.68000
2454                    5233.84000
2455                    5237.01000
2456                    5240.17000
2457                    5243.34000
2458                    5246.51000
2459                    5249.68000
2460                    5252.85000
2461                    5256.02000
2462                    5259.19000
2463                    5262.36000
2464                    5265.54000
2465                    5268.71000
2466                    5271.89000
2467                    5275.07000
2468                    5278.24000
2469                    5281.42000
2470                    5284.60000
2471                    5287.78000
2472                    5290.97000
2473                    5294.15000
2474                    5297.33000
2475                    5300.52000
2476                    5303.70000
2477                    5306.89000
2478                    5310.08000
2479                    5313.27000
2480                    5316.46000
2481                    5319.65000
2482                    5322.84000
2483                    5326.03000
2484                    5329.23000
2485                    5332.42000
2486                    5335.62000
2487                    5338.81000
2488                    5342.01000
2489                    5345.21000
2490                    5348.41000
2491                    5351.61000
2492                    5354.81000
2493                    5358.02000
2494                    5361.22000
2495                    5364.42000
2496                    5367.63000
2497                    5370.84000
2498                    5374.04000
2499                    5377.25000
2500                    5380.46000
2501                    5383.67000
2502                    5386.88000
2503                    5390.10000
2504                    5393.31000
2505                    5396.52000
2506                    5399.74000
2507                    5402.96000
2508                    5406.17000
2509                    5409.39000
2510                    5412.61000
2511                    5415.83000
2512                    5419.05000
2513                    5422.28000
2514                    5425.50000
2515                    5428.72000
2516                    5431.95000
2517                    5435.18000
2518                    5438.40000
2519                    5441.63000
2520                    5444.86000
2521                    5448.09000
2522                    5451.32000
2523                    5454.55000
2524                    5457.79000
2525                    5461.02000
2526                    5464.26000
2527                    5467.49000
2528                    5470.73000
2529                    5473.97000
2530                    5477.21000
2531                    5480.45000
2532                    5483.69000
2533                    5486.93000
2534                    5490.17000
2535                    5493.42000
2536                    5496.66000
2537                    5499.91000
2538                    5503.16000
2539                    5506.41000
2540                    5509.65000
2541                    5512.90000
2542                    5516.16000
2543                    5519.41000
2544                    5522.66000
2545                    5525.91000
2546                    5529.17000
2547                    5532.43000
2548                    5535.68000
2549                    5538.94000
2550                    5542.20000
2551                    5545.46000
2552                    5548.72000
2553                    5551.98000
2554                    5555.24000
2555                    5558.51000
2556                    5561.77000
2557                    5565.04000
2558                    5568.31000
2559                    5571.57000
2560                    5574.84000
2561                    5578.11000
2562                    5581.38000
2563                    5584.66000
2564                    5587.93000
2565                    5591.20000
2566                    5594.48000
2567                    5597.75000
2568                    5601.03000
2569                    5604.31000
2570                    5607.59000
2571                    5610.87000
2572                    5614.15000
2573                    5617.43000
2574                    5620.71000
2575                    5623.99000
2576                    5627.28000
2577                    5630.56000
2578                    5633.85000
2579                    5637.14000
2580                    5640.43000
2581                    5643.72000
2582                    5647.01000
2583                    5650.30000
2584                    5653.59000
2585                    5656.89000
2586                    5660.18000
2587                    5663.48000
2588                    5666.77000
2589                    5670.07000
2590                    5673.37000
2591                    5676.67000
2592                    5679.97000
2593                    5683.27000
2594                    5686.57000
2595                    5689.88000
2596                    5693.18000
2597                    5696.49000
2598                    5699.79000
2599                    5703.10000
2600                    5706.41000
2601                    5709.72000
2602                    5713.03000
2603                    5716.34000
2604                    5719.65000
2605                    5722.96000
2606                    5726.28000
2607                    5729.59000
2608                    5732.91000
2609                    5736.23000
2610                    5739.55000
2611                    5742.87000
2612                    5746.19000
2613                    5749.51000
2614                    5752.83000
2615                    5756.15000
2616                    5759.48000
2617                    5762.80000
2618                    5766.13000
2619                    5769.46000
2620                    5772.78000
2621                    5776.11000
2622                    5779.44000
2623                    5782.77000
2624                    5786.11000
2625                    5789.44000
2626                    5792.77000
2627                    5796.11000
2628                    5799.45000
2629                    5802.78000
2630                    5806.12000
2631                    5809.46000
2632                    5812.80000
2633                    5816.14000
2634                    5819.48000
2635                    5822.83000
2636                    5826.17000
2637                    5829.52000
2638                    5832.86000
2639                    5836.21000
2640                    5839.56000
2641                    5842.91000
2642                    5846.26000
2643                    5849.61000
2644                    5852.96000
2645                    5856.31000
2646                    5859.67000
2647                    5863.02000
2648                    5866.38000
2649                    5869.73000
2650                    5873.09000
2651                    5876.45000
2652                    5879.81000
2653                    5883.17000
2654                    5886.53000
2655                    5889.90000
2656                    5893.26000
2657                    5896.63000
2658                    5899.99000
2659                    5903.36000
2660                    5906.73000
2661                    5910.10000
2662                    5913.47000
2663                    5916.84000
2664                    5920.21000
2665                    5923.58000
2666                    5926.96000
2667                    5930.33000
2668                    5933.71000
2669                    5937.08000
2670                    5940.46000
2671                    5943.84000
2672                    5947.22000
2673                    5950.60000
2674                    5953.98000
2675                    5957.37000
2676                    5960.75000
2677                    5964.13000
2678                    5967.52000
2679                    5970.91000
2680                    5974.29000
2681                    5977.68000
2682                    5981.07000
2683                    5984.46000
2684                    5987.86000
2685                    5991.25000
2686                    5994.64000
2687                    5998.04000
2688                    6001.43000
2689                    6004.83000
2690                    6008.23000
2691                    6011.63000
2692                    6015.03000
2693                    6018.43000
2694                    6021.83000
2695                    6025.23000
2696                    6028.63000
2697                    6032.04000
2698                    6035.44000
2699                    6038.85000
2700                    6042.26000
2701                    6045.67000
2702                    6049.08000
2703                    6052.49000
2704                    6055.90000
2705                    6059.31000
2706                    6062.73000
2707                    6066.14000
2708                    6069.56000
2709                    6072.97000
2710                    6076.39000
2711                    6079.81000
2712                    6083.23000
2713                    6086.65000
2714                    6090.07000
2715                    6093.49000
2716                    6096.92000
2717                    6100.34000
2718                    6103.77000
2719                    6107.19000
2720                    6110.62000
2721                    6114.05000
2722                    6117.48000
2723                    6120.91000
2724                    6124.34000
2725                    6127.77000
2726                    6131.21000
2727                    6134.64000
2728                    6138.08000
2729                    6141.51000
2730                    6144.95000
2731                    6148.39000
2732                    6151.83000
2733                    6155.27000
2734                    6158.71000
2735                    6162.15000
2736                    6165.60000
2737                    6169.04000
2738                    6172.49000
2739                    6175.93000
2740                    6179.38000
2741                    6182.83000
2742                    6186.28000
2743                    6189.73000
2744                    6193.18000
2745                    6196.63000
2746                    6200.09000
2747                    6203.54000
2748                    6207.00000
2749                    6210.45000
2750                    6213.91000
2751                    6217.37000
2752                    6220.83000
2753                    6224.29000
2754                    6227.75000
2755                    6231.21000
2756                    6234.68000
2757                    6238.14000
2758                    6241.61000
2759                    6245.07000
2760                    6248.54000
2761                    6252.01000
2762                    6255.48000
2763                    6258.95000
2764                    6262.42000
2765                    6265.89000
2766                    6269.37000
2767                    6272.84000
2768                    6276.32000
2769                    6279.79000
2770                    6283.27000
2771                    6286.75000
2772                    6290.23000
2773                    6293.71000
2774                    6297.19000
2775                    6300.67000
2776                    6304.16000
2777                    6307.64000
2778                    6311.13000
2779                    6314.61000
2780                    6318.10000
2781                    6321.59000
2782                    6325.08000
2783                    6328.57000
2784                    6332.06000
2785                    6335.55000
2786                    6339.04000
2787                    6342.54000
2788                    6346.03000
2789                    6349.53000
2790                    6353.03000
2791                    6356.53000
2792                    6360.03000
2793                    6363.53000
2794                    6367.03000
2795                    6370.53000
2796                    6374.03000
2797                    6377.54000
2798                    6381.04000
2799                    6384.55000
2800                    6388.06000
2801                    6391.56000
2802                    6395.07000
2803                    6398.58000
2804                    6402.10000
2805                    6405.61000
2806                    6409.12000
2807                    6412.64000
2808                    6416.15000
2809                    6419.67000
2810                    6423.18000
2811                    6426.70000
2812                    6430.22000
2813                    6433.74000
2814                    6437.26000
2815                    6440.79000
2816                    6444.31000
2817                    6447.83000
2818                    6451.36000
2819                    6454.89000
2820                    6458.41000
2821                    6461.94000
2822                    6465.47000
2823                    6469.00000
2824                    6472.53000
2825                    6476.06000
2826                    6479.60000
2827                    6483.13000
2828                    6486.67000
2829                    6490.20000
2830                    6493.74000
2831                    6497.28000
2832                    6500.82000
2833                    6504.36000
2834                    6507.90000
2835                    6511.44000
2836                    6514.99000
2837                    6518.53000
2838                    6522.07000
2839                    6525.62000
2840                    6529.17000
2841                    6532.72000
2842                    6536.27000
2843                    6539.82000
2844                    6543.37000
2845                    6546.92000
2846                    6550.47000
2847                    6554.03000
2848                    6557.58000
2849                    6561.14000
2850                    6564.70000
2851                    6568.25000
2852                    6571.81000
2853                    6575.37000
2854                    6578.94000
2855                    6582.50000
2856                    6586.06000
2857                    6589.63000
2858                    6593.19000
2859                    6596.76000
2860                    6600.32000
2861                    6603.89000
2862                    6607.46000
2863                    6611.03000
2864                    6614.60000
2865                    6618.18000
2866                    6621.75000
2867                    6625.32000
2868                    6628.90000
2869                    6632.47000
2870                    6636.05000
2871                    6639.63000
2872                    6643.21000
2873                    6646.79000
2874                    6650.37000
2875                    6653.95000
2876                    6657.54000
2877                    6661.12000
2878                    6664.71000
2879                    6668.29000
2880                    6671.88000
2881                    6675.47000
2882                    6679.06000
2883                    6682.65000
2884                    6686.24000
2885                    6689.83000
2886                    6693.43000
2887                    6697.02000
2888                    6700.61000
2889                    6704.21000
2890                    6707.81000
2891                    6711.41000
2892                    6715.01000
2893                    6718.61000
2894                    6722.21000
2895                    6725.81000
2896                    6729.41000
2897                    6733.02000
2898                    6736.62000
2899                    6740.23000
2900                    6743.84000
2901                    6747.45000
2902                    6751.05000
2903                    6754.66000
2904                    6758.28000
2905                    6761.89000
2906                    6765.50000
2907                    6769.12000
2908                    6772.73000
2909                    6776.35000
2910                    6779.97000
2911                    6783.58000
2912                    6787.20000
2913                    6790.82000
2914                    6794.44000
2915                    6798.07000
2916                    6801.69000
2917                    6805.32000
2918                    6808.94000
2919                    6812.57000
2920                    6816.19000
2921                    6819.82000
2922                    6823.45000
2923                    6827.08000
2924                    6830.71000
2925                    6834.35000
2926                    6837.98000
2927                    6841.61000
2928                    6845.25000
2929                    6848.89000
2930                    6852.52000
2931                    6856.16000
2932                    6859.80000
2933                    6863.44000
2934                    6867.08000
2935                    6870.73000
2936                    6874.37000
2937                    6878.01000
2938                    6881.66000
2939                    6885.31000
2940                    6888.95000
2941                    6892.60000
2942                    6896.25000
2943                    6899.90000
2944                    6903.55000
2945                    6907.21000
2946                    6910.86000
2947                    6914.51000
2948                    6918.17000
2949                    6921.83000
2950                    6925.48000
2951                    6929.14000
2952                    6932.80000
2953                    6936.46000
2954                    6940.12000
2955                    6943.79000
2956                    6947.45000
2957                    6951.11000
2958                    6954.78000
2959                    6958.45000
2960                    6962.11000
2961                    6965.78000
2962                    6969.45000
2963                    6973.12000
2964                    6976.79000
2965                    6980.47000
2966                    6984.14000
2967                    6987.81000
2968                    6991.49000
2969                    6995.17000
2970                    6998.84000
2971                    7002.52000
2972                    7006.20000
2973                    7009.88000
2974                    7013.56000
2975                    7017.25000
2976                    7020.93000
2977                    7024.61000
2978                    7028.30000
2979                    7031.99000
2980                    7035.67000
2981                    7039.36000
2982                    7043.05000
2983                    7046.74000
2984                    7050.44000
2985                    7054.13000
2986                    7057.82000
2987                    7061.52000
2988                    7065.21000
2989                    7068.91000
2990                    7072.61000
2991                    7076.30000
2992                    7080.00000
2993                    7083.70000
2994                    7087.41000
2995                    7091.11000
2996                    7094.81000
2997                    7098.52000
2998                    7102.22000
2999                    7105.93000
3000                    7109.64000
3001                    7113.35000
3002                    7117.06000
3003                    7120.77000
3004                    7124.48000
3005                    7128.19000
3006                    7131.91000
3007                    7135.62000
3008                    7139.34000
3009                    7143.05000
3010                    7146.77000
3011                    7150.49000
3012                    7154.21000
3013                    7157.93000
3014                    7161.65000
3015                    7165.37000
3016                    7169.10000
3017                    7172.82000
3018                    7176.55000
3019                    7180.28000
3020                    7184.00000
3021                    7187.73000
3022                    7191.46000
3023                    7195.19000
3024                    7198.93000
3025                    7202.66000
3026                    7206.39000
3027                    7210.13000
3028                    7213.86000
3029                    7217.60000
3030                    7221.34000
3031                    7225.08000
3032                    7228.82000
3033                    7232.56000
3034                    7236.30000
3035                    7240.04000
3036                    7243.79000
3037                    7247.53000
3038                    7251.28000
3039                    7255.02000
3040                    7258.77000
3041                    7262.52000
3042                    7266.27000
3043                    7270.02000
3044                    7273.77000
3045                    7277.53000
3046                    7281.28000
3047                    7285.04000
3048                    7288.79000
3049                    7292.55000
3050                    7296.31000
3051                    7300.07000
3052                    7303.83000
3053                    7307.59000
3054                    7311.35000
3055                    7315.11000
3056                    7318.88000
3057                    7322.64000
3058                    7326.41000
3059                    7330.18000
3060                    7333.94000
3061                    7337.71000
3062                    7341.48000
3063                    7345.25000
3064                    7349.03000
3065                    7352.80000
3066                    7356.57000
3067                    7360.35000
3068                    7364.12000
3069                    7367.90000
3070                    7371.68000
3071                    7375.46000
3072                    7379.24000
3073                    7383.02000
3074                    7386.80000
3075                    7390.59000
3076                    7394.37000
3077                    7398.16000
3078                    7401.94000
3079                    7405.73000
3080                    7409.52000
3081                    7413.31000
3082                    7417.10000
3083                    7420.89000
3084                    7424.68000
3085                    7428.47000
3086                    7432.27000
3087                    7436.06000
3088                    7439.86000
3089                    7443.66000
3090                    7447.46000
3091                    7451.26000
3092                    7455.06000
3093                    7458.86000
3094                    7462.66000
3095                    7466.46000
3096                    7470.27000
3097                    7474.07000
3098                    7477.88000
3099                    7481.69000
3100                    7485.49000
3101                    7489.30000
3102                    7493.11000
3103                    7496.93000
3104                    7500.74000
3105                    7504.55000
3106                    7508.37000
3107                    7512.18000
3108                    7516.00000
3109                    7519.82000
3110                    7523.63000
3111                    7527.45000
3112                    7531.27000
3113                    7535.10000
3114                    7538.92000
3115                    7542.74000
3116                    7546.57000
3117                    7550.39000
3118                    7554.22000
3119                    7558.05000
3120                    7561.88000
3121                    7565.71000
3122                    7569.54000
3123                    7573.37000
3124                    7577.20000
3125                    7581.03000
3126                    7584.87000
3127                    7588.70000
3128                    7592.54000
3129                    7596.38000
3130                    7600.22000
3131                    7604.06000
3132                    7607.90000
3133                    7611.74000
3134                    7615.58000
3135                    7619.43000
3136                    7623.27000
3137                    7627.12000
3138                    7630.96000
3139                    7634.81000
3140                    7638.66000
3141                    7642.51000
3142                    7646.36000
3143                    7650.21000
3144                    7654.07000
3145                    7657.92000
3146                    7661.78000
3147                    7665.63000
3148                    7669.49000
3149                    7673.35000
3150                    7677.20000
3151                    7681.06000
3152                    7684.93000
3153                    7688.79000
3154                    7692.65000
3155                    7696.51000
3156                    7700.38000
3157                    7704.25000
3158                    7708.11000
3159                    7711.98000
3160                    7715.85000
3161                    7719.72000
3162                    7723.59000
3163                    7727.46000
3164                    7731.34000
3165                    7735.21000
3166                    7739.09000
3167                    7742.96000
3168                    7746.84000
3169                    7750.72000
3170                    7754.60000
3171                    7758.48000
3172                    7762.36000
3173                    7766.24000
3174                    7770.12000
3175                    7774.01000
3176                    7777.89000
3177                    7781.78000
3178                    7785.67000
3179                    7789.55000
3180                    7793.44000
3181                    7797.33000
3182                    7801.23000
3183                    7805.12000
3184                    7809.01000
3185                    7812.91000
3186                    7816.80000
3187                    7820.70000
3188                    7824.59000
3189                    7828.49000
3190                    7832.39000
3191                    7836.29000
3192                    7840.19000
3193                    7844.10000
3194                    7848.00000
3195                    7851.90000
3196                    7855.81000
3197                    7859.72000
3198                    7863.62000
3199                    7867.53000
3200                    7871.44000
3201                    7875.35000
3202                    7879.26000
3203                    7883.18000
3204                    7887.09000
3205                    7891.00000
3206                    7894.92000
3207                    7898.84000
3208                    7902.75000
3209                    7906.67000
3210                    7910.59000
3211                    7914.51000
3212                    7918.44000
3213                    7922.36000
3214                    7926.28000
3215                    7930.21000
3216                    7934.13000
3217                    7938.06000
3218                    7941.99000
3219                    7945.92000
3220                    7949.85000
3221                    7953.78000
3222                    7957.71000
3223                    7961.64000
3224                    7965.57000
3225                    7969.51000
3226                    7973.45000
3227                    7977.38000
3228                    7981.32000
3229                    7985.26000
3230                    7989.20000
3231                    7993.14000
3232                    7997.08000
3233                    8001.02000
3234                    8004.97000
3235                    8008.91000
3236                    8012.86000
3237                    8016.81000
3238                    8020.75000
3239                    8024.70000
3240                    8028.65000
3241                    8032.60000
3242                    8036.56000
3243                    8040.51000
3244                    8044.46000
3245                    8048.42000
3246                    8052.38000
3247                    8056.33000
3248                    8060.29000
3249                    8064.25000
3250                    8068.21000
3251                    8072.17000
3252                    8076.13000
3253                    8080.10000
3254                    8084.06000
3255                    8088.03000
3256                    8091.99000
3257                    8095.96000
3258                    8099.93000
3259                    8103.90000
3260                    8107.87000
3261                    8111.84000
3262                    8115.81000
3263                    8119.78000
3264                    8123.76000
3265                    8127.73000
3266                    8131.71000
3267                    8135.69000
3268                    8139.67000
3269                    8143.65000
3270                    8147.63000
3271                    8151.61000
3272                    8155.59000
3273                    8159.57000
3274                    8163.56000
3275                    8167.54000
3276                    8171.53000
3277                    8175.52000
3278                    8179.51000
3279                    8183.50000
3280                    8187.49000
3281                    8191.48000
3282                    8195.47000
3283                    8199.47000
3284                    8203.46000
3285                    8207.46000
3286                    8211.45000
3287                    8215.45000
3288                    8219.45000
3289                    8223.45000
3290                    8227.45000
3291                    8231.45000
3292                    8235.45000
3293                    8239.46000
3294                    8243.46000
3295                    8247.47000
3296                    8251.48000
3297                    8255.48000
3298                    8259.49000
3299                    8263.50000
3300                    8267.51000
3301                    8271.52000
3302                    8275.54000
3303                    8279.55000
3304                    8283.57000
3305                    8287.58000
3306                    8291.60000
3307                    8295.62000
3308                    8299.64000
3309                    8303.66000
3310                    8307.68000
3311                    8311.70000
3312                    8315.72000
3313                    8319.75000
3314                    8323.77000
3315                    8327.80000
3316                    8331.83000
3317                    8335.85000
3318                    8339.88000
3319                    8343.91000
3320                    8347.95000
3321                    8351.98000
3322                    8356.01000
3323                    8360.05000
3324                    8364.08000
3325                    8368.12000
3326                    8372.15000
3327                    8376.19000
3328                    8380.23000
3329                    8384.27000
3330                    8388.31000
3331                    8392.36000
3332                    8396.40000
3333                    8400.44000
3334                    8404.49000
3335                    8408.54000
3336                    8412.58000
3337                    8416.63000
3338                    8420.68000
3339                    8424.73000
3340                    8428.78000
3341                    8432.84000
3342                    8436.89000
3343                    8440.94000
3344                    8445.00000
3345                    8449.06000
3346                    8453.11000
3347                    8457.17000
3348                    8461.23000
3349                    8465.29000
3350                    8469.36000
3351                    8473.42000
3352                    8477.48000
3353                    8481.55000
3354                    8485.61000
3355                    8489.68000
3356                    8493.75000
3357                    8497.82000
3358                    8501.89000
3359                    8505.96000
3360                    8510.03000
3361                    8514.10000
3362                    8518.18000
3363                    8522.25000
3364                    8526.33000
3365                    8530.40000
3366                    8534.48000
3367                    8538.56000
3368                    8542.64000
3369                    8546.72000
3370                    8550.80000
3371                    8554.89000
3372                    8558.97000
3373                    8563.06000
3374                    8567.14000
3375                    8571.23000
3376                    8575.32000
3377                    8579.41000
3378                    8583.50000
3379                    8587.59000
3380                    8591.68000
3381                    8595.77000
3382                    8599.87000
3383                    8603.96000
3384                    8608.06000
3385                    8612.16000
3386                    8616.26000
3387                    8620.36000
3388                    8624.46000
3389                    8628.56000
3390                    8632.66000
3391                    8636.76000
3392                    8640.87000
3393                    8644.97000
3394                    8649.08000
3395                    8653.19000
3396                    8657.30000
3397                    8661.41000
3398                    8665.52000
3399                    8669.63000
3400                    8673.74000
3401                    8677.86000
3402                    8681.97000
3403                    8686.09000
3404                    8690.20000
3405                    8694.32000
3406                    8698.44000
3407                    8702.56000
3408                    8706.68000
3409                    8710.80000
3410                    8714.92000
3411                    8719.05000
3412                    8723.17000
3413                    8727.30000
3414                    8731.43000
3415                    8735.55000
3416                    8739.68000
3417                    8743.81000
3418                    8747.94000
3419                    8752.08000
3420                    8756.21000
3421                    8760.34000
3422                    8764.48000
3423                    8768.61000
3424                    8772.75000
3425                    8776.89000
3426                    8781.03000
3427                    8785.17000
3428                    8789.31000
3429                    8793.45000
3430                    8797.60000
3431                    8801.74000
3432                    8805.89000
3433                    8810.03000
3434                    8814.18000
3435                    8818.33000
3436                    8822.48000
3437                    8826.63000
3438                    8830.78000
3439                    8834.93000
3440                    8839.08000
3441                    8843.24000
3442                    8847.39000
3443                    8851.55000
3444                    8855.71000
3445                    8859.87000
3446                    8864.03000
3447                    8868.19000
3448                    8872.35000
3449                    8876.51000
3450                    8880.67000
3451                    8884.84000
3452                    8889.01000
3453                    8893.17000
3454                    8897.34000
3455                    8901.51000
3456                    8905.68000
3457                    8909.85000
3458                    8914.02000
3459                    8918.19000
3460                    8922.37000
3461                    8926.54000
3462                    8930.72000
3463                    8934.90000
3464                    8939.07000
3465                    8943.25000
3466                    8947.43000
3467                    8951.61000
3468                    8955.80000
3469                    8959.98000
3470                    8964.16000
3471                    8968.35000
3472                    8972.53000
3473                    8976.72000
3474                    8980.91000
3475                    8985.10000
3476                    8989.29000
3477                    8993.48000
3478                    8997.67000
3479                    9001.87000
3480                    9006.06000
3481                    9010.25000
3482                    9014.45000
3483                    9018.65000
3484                    9022.85000
3485                    9027.05000
3486                    9031.25000
3487                    9035.45000
3488                    9039.65000
3489                    9043.85000
3490                    9048.06000
3491                    9052.26000
3492                    9056.47000
3493                    9060.68000
3494                    9064.89000
3495                    9069.10000
3496                    9073.31000
3497                    9077.52000
3498                    9081.73000
3499                    9085.95000
3500                    9090.16000
3501                    9094.38000
3502                    9098.59000
3503                    9102.81000
3504                    9107.03000
3505                    9111.25000
3506                    9115.47000
3507                    9119.69000
3508                    9123.91000
3509                    9128.14000
3510                    9132.36000
3511                    9136.59000
3512                    9140.82000
3513                    9145.04000
3514                    9149.27000
3515                    9153.50000
3516                    9157.73000
3517                    9161.97000
3518                    9166.20000
3519                    9170.43000
3520                    9174.67000
3521                    9178.91000
3522                    9183.14000
3523                    9187.38000
3524                    9191.62000
3525                    9195.86000
3526                    9200.10000
3527                    9204.34000
3528                    9208.59000
3529                    9212.83000
3530                    9217.08000
3531                    9221.32000
3532                    9225.57000
3533                    9229.82000
3534                    9234.07000
3535                    9238.32000
3536                    9242.57000
3537                    9246.82000
3538                    9251.08000
3539                    9255.33000
3540                    9259.59000
3541                    9263.84000
3542                    9268.10000
3543                    9272.36000
3544                    9276.62000
3545                    9280.88000
3546                    9285.14000
3547                    9289.41000
3548                    9293.67000
3549                    9297.93000
3550                    9302.20000
3551                    9306.47000
3552                    9310.74000
3553                    9315.00000
3554                    9319.27000
3555                    9323.55000
3556                    9327.82000
3557                    9332.09000
3558                    9336.36000
3559                    9340.64000
3560                    9344.92000
3561                    9349.19000
3562                    9353.47000
3563                    9357.75000
3564                    9362.03000
3565                    9366.31000
3566                    9370.59000
3567                    9374.88000
3568                    9379.16000
3569                    9383.45000
3570                    9387.73000
3571                    9392.02000
3572                    9396.31000
3573                    9400.60000
3574                    9404.89000
3575                    9409.18000
3576                    9413.47000
3577                    9417.77000
3578                    9422.06000
3579                    9426.36000
3580                    9430.65000
3581                    9434.95000
3582                    9439.25000
3583                    9443.55000
3584                    9447.85000
3585                    9452.15000
3586                    9456.45000
3587                    9460.76000
3588                    9465.06000
3589                    9469.37000
3590                    9473.68000
3591                    9477.98000
3592                    9482.29000
3593                    9486.60000
3594                    9490.91000
3595                    9495.23000
3596                    9499.54000
3597                    9503.85000
3598                    9508.17000
3599                    9512.48000
3600                    9516.80000
3601                    9521.12000
3602                    9525.44000
3603                    9529.76000
3604                    9534.08000
3605                    9538.40000
3606                    9542.72000
3607                    9547.05000
3608                    9551.37000
3609                    9555.70000
3610                    9560.03000
3611                    9564.36000
3612                    9568.69000
3613                    9573.02000
3614                    9577.35000
3615                    9581.68000
3616                    9586.01000
3617                    9590.35000
3618                    9594.68000
3619                    9599.02000
3620                    9603.36000
3621                    9607.70000
3622                    9612.04000
3623                    9616.38000
3624                    9620.72000
3625                    9625.06000
3626                    9629.41000
3627                    9633.75000
3628                    9638.10000
3629                    9642.44000
3630                    9646.79000
3631                    9651.14000
3632                    9655.49000
3633                    9659.84000
3634                    9664.19000
3635                    9668.55000
3636                    9672.90000
3637                    9677.26000
3638                    9681.61000
3639                    9685.97000
3640                    9690.33000
3641                    9694.69000
3642                    9699.05000
3643                    9703.41000
3644                    9707.77000
3645                    9712.13000
3646                    9716.50000
3647                    9720.86000
3648                    9725.23000
3649                    9729.60000
3650                    9733.96000
3651                    9738.33000
3652                    9742.70000
3653                    9747.08000
3654                    9751.45000
3655                    9755.82000
3656                    9760.20000
3657                    9764.57000
3658                    9768.95000
3659                    9773.33000
3660                    9777.71000
3661                    9782.08000
3662                    9786.47000
3663                    9790.85000
3664                    9795.23000
3665                    9799.61000
3666                    9804.00000
3667                    9808.39000
3668                    9812.77000
3669                    9817.16000
3670                    9821.55000
3671                    9825.94000
3672                    9830.33000
3673                    9834.72000
3674                    9839.11000
3675                    9843.51000
3676                    9847.90000
3677                    9852.30000
3678                    9856.70000
3679                    9861.10000
3680                    9865.50000
3681                    9869.90000
3682                    9874.30000
3683                    9878.70000
3684                    9883.10000
3685                    9887.51000
3686                    9891.91000
3687                    9896.32000
3688                    9900.73000
3689                    9905.13000
3690                    9909.54000
3691                    9913.95000
3692                    9918.37000
3693                    9922.78000
3694                    9927.19000
3695                    9931.61000
3696                    9936.02000
3697                    9940.44000
3698                    9944.86000
3699                    9949.28000
3700                    9953.70000
3701                    9958.12000
3702                    9962.54000
3703                    9966.96000
3704                    9971.39000
3705                    9975.81000
3706                    9980.24000
3707                    9984.66000
3708                    9989.09000
3709                    9993.52000
3710                    9997.95000
3711                   10002.40000
3712                   10006.80000
3713                   10011.20000
3714                   10015.70000
3715                   10020.10000
3716                   10024.60000
3717                   10029.00000
3718                   10033.40000
3719                   10037.90000
3720                   10042.30000
3721                   10046.80000
3722                   10051.20000
3723                   10055.60000
3724                   10060.10000
3725                   10064.50000
3726                   10069.00000
3727                   10073.40000
3728                   10077.90000
3729                   10082.30000
3730                   10086.80000
3731                   10091.20000
3732                   10095.70000
3733                   10100.10000
3734                   10104.60000
3735                   10109.00000
3736                   10113.50000
3737                   10118.00000
3738                   10122.40000
3739                   10126.90000
3740                   10131.30000
3741                   10135.80000
3742                   10140.30000
3743                   10144.70000
3744                   10149.20000
3745                   10153.70000
3746                   10158.10000
3747                   10162.60000
3748                   10167.10000
3749                   10171.50000
3750                   10176.00000
3751                   10180.50000
3752                   10184.90000
3753                   10189.40000
3754                   10193.90000
3755                   10198.40000
3756                   10202.80000
3757                   10207.30000
3758                   10211.80000
3759                   10216.30000
3760                   10220.80000
3761                   10225.30000
3762                   10229.70000
3763                   10234.20000
3764                   10238.70000
3765                   10243.20000
3766                   10247.70000
3767                   10252.20000
3768                   10256.70000
3769                   10261.10000
3770                   10265.60000
3771                   10270.10000
3772                   10274.60000
3773                   10279.10000
3774                   10283.60000
3775                   10288.10000
3776                   10292.60000
3777                   10297.10000
3778                   10301.60000
3779                   10306.10000
3780                   10310.60000
3781                   10315.10000
3782                   10319.60000
3783                   10324.10000
3784                   10328.60000
3785                   10333.10000
3786                   10337.70000
3787                   10342.20000
3788                   10346.70000
3789                   10351.20000
3790                   10355.70000
3791                   10360.20000
3792                   10364.70000
3793                   10369.20000
3794                   10373.80000
3795                   10378.30000
3796                   10382.80000
3797                   10387.30000
3798                   10391.80000
3799                   10396.40000
3800                   10400.90000
3801                   10405.40000
3802                   10409.90000
3803                   10414.50000
3804                   10419.00000
3805                   10423.50000
3806                   10428.00000
3807                   10432.60000
3808                   10437.10000
3809                   10441.60000
3810                   10446.20000
3811                   10450.70000
3812                   10455.20000
3813                   10459.80000
3814                   10464.30000
3815                   10468.80000
3816                   10473.40000
3817                   10477.90000
3818                   10482.50000
3819                   10487.00000
3820                   10491.60000
3821                   10496.10000
3822                   10500.60000
3823                   10505.20000
3824                   10509.70000
3825                   10514.30000
3826                   10518.80000
3827                   10523.40000
3828                   10527.90000
3829                   10532.50000
3830                   10537.00000
3831                   10541.60000
3832                   10546.20000
3833                   10550.70000
3834                   10555.30000
3835                   10559.80000
3836                   10564.40000
3837                   10568.90000
3838                   10573.50000
3839                   10578.10000
3840                   10582.60000
3841                   10587.20000
3842                   10591.80000
3843                   10596.30000
3844                   10600.90000
3845                   10605.50000
3846                   10610.00000
3847                   10614.60000
3848                   10619.20000
3849                   10623.80000
3850                   10628.30000
3851                   10632.90000
3852                   10637.50000
3853                   10642.10000
3854                   10646.60000
3855                   10651.20000
3856                   10655.80000
3857                   10660.40000
3858                   10665.00000
3859                   10669.60000
3860                   10674.10000
3861                   10678.70000
3862                   10683.30000
3863                   10687.90000
3864                   10692.50000
3865                   10697.10000
3866                   10701.70000
3867                   10706.30000
3868                   10710.90000
3869                   10715.40000
3870                   10720.00000
3871                   10724.60000
3872                   10729.20000
3873                   10733.80000
3874                   10738.40000
3875                   10743.00000
3876                   10747.60000
3877                   10752.20000
3878                   10756.80000
3879                   10761.40000
3880                   10766.10000
3881                   10770.70000
3882                   10775.30000
3883                   10779.90000
3884                   10784.50000
3885                   10789.10000
3886                   10793.70000
3887                   10798.30000
3888                   10802.90000
3889                   10807.50000
3890                   10812.20000
3891                   10816.80000
3892                   10821.40000
3893                   10826.00000
3894                   10830.60000
3895                   10835.30000
3896                   10839.90000
3897                   10844.50000
3898                   10849.10000
3899                   10853.80000
3900                   10858.40000
3901                   10863.00000
3902                   10867.60000
3903                   10872.30000
3904                   10876.90000
3905                   10881.50000
3906                   10886.20000
3907                   10890.80000
3908                   10895.40000
3909                   10900.10000
3910                   10904.70000
3911                   10909.30000
3912                   10914.00000
3913                   10918.60000
3914                   10923.30000
3915                   10927.90000
3916                   10932.50000
3917                   10937.20000
3918                   10941.80000
3919                   10946.50000
3920                   10951.10000
3921                   10955.80000
3922                   10960.40000
3923                   10965.10000
3924                   10969.70000
3925                   10974.40000
3926                   10979.00000
3927                   10983.70000
3928                   10988.30000
3929                   10993.00000
3930                   10997.60000
3931                   11002.30000
3932                   11007.00000
3933                   11011.60000
3934                   11016.30000
3935                   11020.90000
3936                   11025.60000
3937                   11030.30000
3938                   11034.90000
3939                   11039.60000
3940                   11044.30000
3941                   11048.90000
3942                   11053.60000
3943                   11058.30000
3944                   11063.00000
3945                   11067.60000
3946                   11072.30000
3947                   11077.00000
3948                   11081.70000
3949                   11086.30000
3950                   11091.00000
3951                   11095.70000
3952                   11100.40000
3953                   11105.00000
3954                   11109.70000
3955                   11114.40000
3956                   11119.10000
3957                   11123.80000
3958                   11128.50000
3959                   11133.20000
3960                   11137.80000
3961                   11142.50000
3962                   11147.20000
3963                   11151.90000
3964                   11156.60000
3965                   11161.30000
3966                   11166.00000
3967                   11170.70000
3968                   11175.40000
3969                   11180.10000
3970                   11184.80000
3971                   11189.50000
3972                   11194.20000
3973                   11198.90000
3974                   11203.60000
3975                   11208.30000
3976                   11213.00000
3977                   11217.70000
3978                   11222.40000
3979                   11227.10000
3980                   11231.80000
3981                   11236.50000
3982                   11241.20000
3983                   11246.00000
3984                   11250.70000
3985                   11255.40000
3986                   11260.10000
3987                   11264.80000
3988                   11269.50000
3989                   11274.30000
3990                   11279.00000
3991                   11283.70000
3992                   11288.40000
3993                   11293.10000
3994                   11297.90000
3995                   11302.60000
3996                   11307.30000
3997                   11312.00000
3998                   11316.80000
3999                   11321.50000
4000                   11326.20000
4001                   11331.00000
4002                   11335.70000
4003                   11340.40000
4004                   11345.20000
4005                   11349.90000
4006                   11354.60000
4007                   11359.40000
4008                   11364.10000
4009                   11368.80000
4010                   11373.60000
4011                   11378.30000
4012                   11383.10000
4013                   11387.80000
4014                   11392.60000
4015                   11397.30000
4016                   11402.00000
4017                   11406.80000
4018                   11411.50000
4019                   11416.30000
4020                   11421.00000
4021                   11425.80000
4022                   11430.50000
4023                   11435.30000
4024                   11440.10000
4025                   11444.80000
4026                   11449.60000
4027                   11454.30000
4028                   11459.10000
4029                   11463.80000
4030                   11468.60000
4031                   11473.40000
4032                   11478.10000
4033                   11482.90000
4034                   11487.70000
4035                   11492.40000
4036                   11497.20000
4037                   11502.00000
4038                   11506.70000
4039                   11511.50000
4040                   11516.30000
4041                   11521.00000
4042                   11525.80000
4043                   11530.60000
4044                   11535.40000
4045                   11540.10000
4046                   11544.90000
4047                   11549.70000
4048                   11554.50000
4049                   11559.30000
4050                   11564.00000
4051                   11568.80000
4052                   11573.60000
4053                   11578.40000
4054                   11583.20000
4055                   11588.00000
4056                   11592.80000
4057                   11597.50000
4058                   11602.30000
4059                   11607.10000
4060                   11611.90000
4061                   11616.70000
4062                   11621.50000
4063                   11626.30000
4064                   11631.10000
4065                   11635.90000
4066                   11640.70000
4067                   11645.50000
4068                   11650.30000
4069                   11655.10000
4070                   11659.90000
4071                   11664.70000
4072                   11669.50000
4073                   11674.30000
4074                   11679.10000
4075                   11683.90000
4076                   11688.70000
4077                   11693.50000
4078                   11698.40000
4079                   11703.20000
4080                   11708.00000
4081                   11712.80000
4082                   11717.60000
4083                   11722.40000
4084                   11727.20000
4085                   11732.10000
4086                   11736.90000
4087                   11741.70000
4088                   11746.50000
4089                   11751.30000
4090                   11756.20000
4091                   11761.00000
4092                   11765.80000
4093                   11770.60000
4094                   11775.50000
4095                   11780.30000
4096                   11785.10000
4097                   11790.00000
4098                   11794.80000
4099                   11799.60000
4100                   11804.50000
4101                   11809.30000
4102                   11814.10000
4103                   11819.00000
4104                   11823.80000
4105                   11828.60000
4106                   11833.50000
4107                   11838.30000
4108                   11843.20000
4109                   11848.00000
4110                   11852.90000
4111                   11857.70000
4112                   11862.50000
4113                   11867.40000
4114                   11872.20000
4115                   11877.10000
4116                   11881.90000
4117                   11886.80000
4118                   11891.60000
4119                   11896.50000
4120                   11901.40000
4121                   11906.20000
4122                   11911.10000
4123                   11915.90000
4124                   11920.80000
4125                   11925.60000
4126                   11930.50000
4127                   11935.40000
4128                   11940.20000
4129                   11945.10000
4130                   11950.00000
4131                   11954.80000
4132                   11959.70000
4133                   11964.60000
4134                   11969.40000
4135                   11974.30000
4136                   11979.20000
4137                   11984.00000
4138                   11988.90000
4139                   11993.80000
4140                   11998.70000
4141                   12003.50000
4142                   12008.40000
4143                   12013.30000
4144                   12018.20000
4145                   12023.10000
4146                   12027.90000
4147                   12032.80000
4148                   12037.70000
4149                   12042.60000
4150                   12047.50000
4151                   12052.40000
4152                   12057.30000
4153                   12062.10000
4154                   12067.00000
4155                   12071.90000
4156                   12076.80000
4157                   12081.70000
4158                   12086.60000
4159                   12091.50000
4160                   12096.40000
4161                   12101.30000
4162                   12106.20000
4163                   12111.10000
4164                   12116.00000
4165                   12120.90000
4166                   12125.80000
4167                   12130.70000
4168                   12135.60000
4169                   12140.50000
4170                   12145.40000
4171                   12150.30000
4172                   12155.20000
4173                   12160.10000
4174                   12165.10000
4175                   12170.00000
4176                   12174.90000
4177                   12179.80000
4178                   12184.70000
4179                   12189.60000
4180                   12194.50000
4181                   12199.50000
4182                   12204.40000
4183                   12209.30000
4184                   12214.20000
4185                   12219.10000
4186                   12224.10000
4187                   12229.00000
4188                   12233.90000
4189                   12238.80000
4190                   12243.80000
4191                   12248.70000
4192                   12253.60000
4193                   12258.60000
4194                   12263.50000
4195                   12268.40000
4196                   12273.40000
4197                   12278.30000
4198                   12283.20000
4199                   12288.20000
4200                   12293.10000
4201                   12298.00000
4202                   12303.00000
4203                   12307.90000
4204                   12312.90000
4205                   12317.80000
4206                   12322.80000
4207                   12327.70000
4208                   12332.60000
4209                   12337.60000
4210                   12342.50000
4211                   12347.50000
4212                   12352.40000
4213                   12357.40000
4214                   12362.40000
4215                   12367.30000
4216                   12372.30000
4217                   12377.20000
4218                   12382.20000
4219                   12387.10000
4220                   12392.10000
4221                   12397.00000
4222                   12402.00000
4223                   12407.00000
4224                   12411.90000
4225                   12416.90000
4226                   12421.90000
4227                   12426.80000
4228                   12431.80000
4229                   12436.80000
4230                   12441.70000
4231                   12446.70000
4232                   12451.70000
4233                   12456.70000
4234                   12461.60000
4235                   12466.60000
4236                   12471.60000
4237                   12476.60000
4238                   12481.50000
4239                   12486.50000
4240                   12491.50000
4241                   12496.50000
4242                   12501.50000
4243                   12506.40000
4244                   12511.40000
4245                   12516.40000
4246                   12521.40000
4247                   12526.40000
4248                   12531.40000
4249                   12536.40000
4250                   12541.30000
4251                   12546.30000
4252                   12551.30000
4253                   12556.30000
4254                   12561.30000
4255                   12566.30000
4256                   12571.30000
4257                   12576.30000
4258                   12581.30000
4259                   12586.30000
4260                   12591.30000
4261                   12596.30000
4262                   12601.30000
4263                   12606.30000
4264                   12611.30000
4265                   12616.30000
4266                   12621.30000
4267                   12626.30000
4268                   12631.40000
4269                   12636.40000
4270                   12641.40000
4271                   12646.40000
4272                   12651.40000
4273                   12656.40000
4274                   12661.40000
4275                   12666.40000
4276                   12671.50000
4277                   12676.50000
4278                   12681.50000
4279                   12686.50000
4280                   12691.50000
4281                   12696.60000
4282                   12701.60000
4283                   12706.60000
4284                   12711.60000
4285                   12716.70000
4286                   12721.70000
4287                   12726.70000
4288                   12731.80000
4289                   12736.80000
4290                   12741.80000
4291                   12746.90000
4292                   12751.90000
4293                   12756.90000
4294                   12762.00000
4295                   12767.00000
4296                   12772.00000
4297                   12777.10000
4298                   12782.10000
4299                   12787.20000
4300                   12792.20000
4301                   12797.20000
4302                   12802.30000
4303                   12807.30000
4304                   12812.40000
4305                   12817.40000
4306                   12822.50000
4307                   12827.50000
4308                   12832.60000
4309                   12837.60000
4310                   12842.70000
4311                   12847.70000
4312                   12852.80000
4313                   12857.80000
4314                   12862.90000
4315                   12868.00000
4316                   12873.00000
4317                   12878.10000
4318                   12883.10000
4319                   12888.20000
4320                   12893.30000
4321                   12898.30000
4322                   12903.40000
4323                   12908.50000
4324                   12913.50000
4325                   12918.60000
4326                   12923.70000
4327                   12928.70000
4328                   12933.80000
4329                   12938.90000
4330                   12944.00000
4331                   12949.00000
4332                   12954.10000
4333                   12959.20000
4334                   12964.30000
4335                   12969.40000
4336                   12974.40000
4337                   12979.50000
4338                   12984.60000
4339                   12989.70000
4340                   12994.80000
4341                   12999.90000
4342                   13004.90000
4343                   13010.00000
4344                   13015.10000
4345                   13020.20000
4346                   13025.30000
4347                   13030.40000
4348                   13035.50000
4349                   13040.60000
4350                   13045.70000
4351                   13050.80000
4352                   13055.90000
4353                   13061.00000
4354                   13066.10000
4355                   13071.20000
4356                   13076.30000
4357                   13081.40000
4358                   13086.50000
4359                   13091.60000
4360                   13096.70000
4361                   13101.80000
4362                   13106.90000
4363                   13112.00000
4364                   13117.10000
4365                   13122.20000
4366                   13127.30000
4367                   13132.50000
4368                   13137.60000
4369                   13142.70000
4370                   13147.80000
4371                   13152.90000
4372                   13158.00000
4373                   13163.10000
4374                   13168.30000
4375                   13173.40000
4376                   13178.50000
4377                   13183.60000
4378                   13188.80000
4379                   13193.90000
4380                   13199.00000
4381                   13204.10000
4382                   13209.30000
4383                   13214.40000
4384                   13219.50000
4385                   13224.70000
4386                   13229.80000
4387                   13234.90000
4388                   13240.10000
4389                   13245.20000
4390                   13250.30000
4391                   13255.50000
4392                   13260.60000
4393                   13265.80000
4394                   13270.90000
4395                   13276.00000
4396                   13281.20000
4397                   13286.30000
4398                   13291.50000
4399                   13296.60000
4400                   13301.80000
4401                   13306.90000
4402                   13312.10000
4403                   13317.20000
4404                   13322.40000
4405                   13327.50000
4406                   13332.70000
4407                   13337.80000
4408                   13343.00000
4409                   13348.10000
4410                   13353.30000
4411                   13358.50000
4412                   13363.60000
4413                   13368.80000
4414                   13373.90000
4415                   13379.10000
4416                   13384.30000
4417                   13389.40000
4418                   13394.60000
4419                   13399.80000
4420                   13404.90000
4421                   13410.10000
4422                   13415.30000
4423                   13420.50000
4424                   13425.60000
4425                   13430.80000
4426                   13436.00000
4427                   13441.20000
4428                   13446.30000
4429                   13451.50000
4430                   13456.70000
4431                   13461.90000
4432                   13467.00000
4433                   13472.20000
4434                   13477.40000
4435                   13482.60000
4436                   13487.80000
4437                   13493.00000
4438                   13498.20000
4439                   13503.30000
4440                   13508.50000
4441                   13513.70000
4442                   13518.90000
4443                   13524.10000
4444                   13529.30000
4445                   13534.50000
4446                   13539.70000
4447                   13544.90000
4448                   13550.10000
4449                   13555.30000
4450                   13560.50000
4451                   13565.70000
4452                   13570.90000
4453                   13576.10000
4454                   13581.30000
4455                   13586.50000
4456                   13591.70000
4457                   13596.90000
4458                   13602.10000
4459                   13607.30000
4460                   13612.60000
4461                   13617.80000
4462                   13623.00000
4463                   13628.20000
4464                   13633.40000
4465                   13638.60000
4466                   13643.80000
4467                   13649.10000
4468                   13654.30000
4469                   13659.50000
4470                   13664.70000
4471                   13669.90000
4472                   13675.20000
4473                   13680.40000
4474                   13685.60000
4475                   13690.80000
4476                   13696.10000
4477                   13701.30000
4478                   13706.50000
4479                   13711.80000
4480                   13717.00000
4481                   13722.20000
4482                   13727.50000
4483                   13732.70000
4484                   13737.90000
4485                   13743.20000
4486                   13748.40000
4487                   13753.60000
4488                   13758.90000
4489                   13764.10000
4490                   13769.40000
4491                   13774.60000
4492                   13779.90000
4493                   13785.10000
4494                   13790.30000
4495                   13795.60000
4496                   13800.80000
4497                   13806.10000
4498                   13811.30000
4499                   13816.60000
4500                   13821.80000
4501                   13827.10000
4502                   13832.40000
4503                   13837.60000
4504                   13842.90000
4505                   13848.10000
4506                   13853.40000
4507                   13858.60000
4508                   13863.90000
4509                   13869.20000
4510                   13874.40000
4511                   13879.70000
4512                   13885.00000
4513                   13890.20000
4514                   13895.50000
4515                   13900.80000
4516                   13906.00000
4517                   13911.30000
4518                   13916.60000
4519                   13921.90000
4520                   13927.10000
4521                   13932.40000
4522                   13937.70000
4523                   13943.00000
4524                   13948.20000
4525                   13953.50000
4526                   13958.80000
4527                   13964.10000
4528                   13969.40000
4529                   13974.60000
4530                   13979.90000
4531                   13985.20000
4532                   13990.50000
4533                   13995.80000
4534                   14001.10000
4535                   14006.40000
4536                   14011.70000
4537                   14016.90000
4538                   14022.20000
4539                   14027.50000
4540                   14032.80000
4541                   14038.10000
4542                   14043.40000
4543                   14048.70000
4544                   14054.00000
4545                   14059.30000
4546                   14064.60000
4547                   14069.90000
4548                   14075.20000
4549                   14080.50000
4550                   14085.80000
4551                   14091.10000
4552                   14096.50000
4553                   14101.80000
4554                   14107.10000
4555                   14112.40000
4556                   14117.70000
4557                   14123.00000
4558                   14128.30000
4559                   14133.60000
4560                   14139.00000
4561                   14144.30000
4562                   14149.60000
4563                   14154.90000
4564                   14160.20000
4565                   14165.50000
4566                   14170.90000
4567                   14176.20000
4568                   14181.50000
4569                   14186.80000
4570                   14192.20000
4571                   14197.50000
4572                   14202.80000
4573                   14208.20000
4574                   14213.50000
4575                   14218.80000
4576                   14224.20000
4577                   14229.50000
4578                   14234.80000
4579                   14240.20000
4580                   14245.50000
4581                   14250.80000
4582                   14256.20000
4583                   14261.50000
4584                   14266.90000
4585                   14272.20000
4586                   14277.50000
4587                   14282.90000
4588                   14288.20000
4589                   14293.60000
4590                   14298.90000
4591                   14304.30000
4592                   14309.60000
4593                   14315.00000
4594                   14320.30000
4595                   14325.70000
4596                   14331.00000
4597                   14336.40000
4598                   14341.80000
4599                   14347.10000
4600                   14352.50000
4601                   14357.80000
4602                   14363.20000
4603                   14368.50000
4604                   14373.90000
4605                   14379.30000
4606                   14384.60000
4607                   14390.00000
4608                   14395.40000
4609                   14400.70000
4610                   14406.10000
4611                   14411.50000
4612                   14416.90000
4613                   14422.20000
4614                   14427.60000
4615                   14433.00000
4616                   14438.30000
4617                   14443.70000
4618                   14449.10000
4619                   14454.50000
4620                   14459.90000
4621                   14465.20000
4622                   14470.60000
4623                   14476.00000
4624                   14481.40000
4625                   14486.80000
4626                   14492.20000
4627                   14497.50000
4628                   14502.90000
4629                   14508.30000
4630                   14513.70000
4631                   14519.10000
4632                   14524.50000
4633                   14529.90000
4634                   14535.30000
4635                   14540.70000
4636                   14546.10000
4637                   14551.50000
4638                   14556.90000
4639                   14562.30000
4640                   14567.70000
4641                   14573.10000
4642                   14578.50000
4643                   14583.90000
4644                   14589.30000
4645                   14594.70000
4646                   14600.10000
4647                   14605.50000
4648                   14610.90000
4649                   14616.30000
4650                   14621.70000
4651                   14627.20000
4652                   14632.60000
4653                   14638.00000
4654                   14643.40000
4655                   14648.80000
4656                   14654.20000
4657                   14659.70000
4658                   14665.10000
4659                   14670.50000
4660                   14675.90000
4661                   14681.30000
4662                   14686.80000
4663                   14692.20000
4664                   14697.60000
4665                   14703.00000
4666                   14708.50000
4667                   14713.90000
4668                   14719.30000
4669                   14724.80000
4670                   14730.20000
4671                   14735.60000
4672                   14741.10000
4673                   14746.50000
4674                   14751.90000
4675                   14757.40000
4676                   14762.80000
4677                   14768.30000
4678                   14773.70000
4679                   14779.10000
4680                   14784.60000
4681                   14790.00000
4682                   14795.50000
4683                   14800.90000
4684                   14806.40000
4685                   14811.80000
4686                   14817.30000
4687                   14822.70000
4688                   14828.20000
4689                   14833.60000
4690                   14839.10000
4691                   14844.50000
4692                   14850.00000
4693                   14855.40000
4694                   14860.90000
4695                   14866.40000
4696                   14871.80000
4697                   14877.30000
4698                   14882.70000
4699                   14888.20000
4700                   14893.70000
4701                   14899.10000
4702                   14904.60000
4703                   14910.10000
4704                   14915.50000
4705                   14921.00000
4706                   14926.50000
4707                   14931.90000
4708                   14937.40000
4709                   14942.90000
4710                   14948.40000
4711                   14953.80000
4712                   14959.30000
4713                   14964.80000
4714                   14970.30000
4715                   14975.80000
4716                   14981.20000
4717                   14986.70000
4718                   14992.20000
4719                   14997.70000
4720                   15003.20000
4721                   15008.70000
4722                   15014.10000
4723                   15019.60000
4724                   15025.10000
4725                   15030.60000
4726                   15036.10000
4727                   15041.60000
4728                   15047.10000
4729                   15052.60000
4730                   15058.10000
4731                   15063.60000
4732                   15069.10000
4733                   15074.60000
4734                   15080.10000
4735                   15085.60000
4736                   15091.10000
4737                   15096.60000
4738                   15102.10000
4739                   15107.60000
4740                   15113.10000
4741                   15118.60000
4742                   15124.10000
4743                   15129.60000
4744                   15135.10000
4745                   15140.70000
4746                   15146.20000
4747                   15151.70000
4748                   15157.20000
4749                   15162.70000
4750                   15168.20000
4751                   15173.80000
4752                   15179.30000
4753                   15184.80000
4754                   15190.30000
4755                   15195.80000
4756                   15201.40000
4757                   15206.90000
4758                   15212.40000
4759                   15217.90000
4760                   15223.50000
4761                   15229.00000
4762                   15234.50000
4763                   15240.10000
4764                   15245.60000
4765                   15251.10000
4766                   15256.70000
4767                   15262.20000
4768                   15267.70000
4769                   15273.30000
4770                   15278.80000
4771                   15284.40000
4772                   15289.90000
4773                   15295.40000
4774                   15301.00000
4775                   15306.50000
4776                   15312.10000
4777                   15317.60000
4778                   15323.20000
4779                   15328.70000
4780                   15334.30000
4781                   15339.80000
4782                   15345.40000
4783                   15350.90000
4784                   15356.50000
4785                   15362.00000
4786                   15367.60000
4787                   15373.10000
4788                   15378.70000
4789                   15384.20000
4790                   15389.80000
4791                   15395.40000
4792                   15400.90000
4793                   15406.50000
4794                   15412.10000
4795                   15417.60000
4796                   15423.20000
4797                   15428.80000
4798                   15434.30000
4799                   15439.90000
4800                   15445.50000
4801                   15451.00000
4802                   15456.60000
4803                   15462.20000
4804                   15467.80000
4805                   15473.30000
4806                   15478.90000
4807                   15484.50000
4808                   15490.10000
4809                   15495.70000
4810                   15501.20000
4811                   15506.80000
4812                   15512.40000
4813                   15518.00000
4814                   15523.60000
4815                   15529.20000
4816                   15534.70000
4817                   15540.30000
4818                   15545.90000
4819                   15551.50000
4820                   15557.10000
4821                   15562.70000
4822                   15568.30000
4823                   15573.90000
4824                   15579.50000
4825                   15585.10000
4826                   15590.70000
4827                   15596.30000
4828                   15601.90000
4829                   15607.50000
4830                   15613.10000
4831                   15618.70000
4832                   15624.30000
4833                   15629.90000
4834                   15635.50000
4835                   15641.10000
4836                   15646.70000
4837                   15652.30000
4838                   15657.90000
4839                   15663.60000
4840                   15669.20000
4841                   15674.80000
4842                   15680.40000
4843                   15686.00000
4844                   15691.60000
4845                   15697.20000
4846                   15702.90000
4847                   15708.50000
4848                   15714.10000
4849                   15719.70000
4850                   15725.40000
4851                   15731.00000
4852                   15736.60000
4853                   15742.20000
4854                   15747.90000
4855                   15753.50000
4856                   15759.10000
4857                   15764.80000
4858                   15770.40000
4859                   15776.00000
4860                   15781.70000
4861                   15787.30000
4862                   15792.90000
4863                   15798.60000
4864                   15804.20000
4865                   15809.80000
4866                   15815.50000
4867                   15821.10000
4868                   15826.80000
4869                   15832.40000
4870                   15838.10000
4871                   15843.70000
4872                   15849.40000
4873                   15855.00000
4874                   15860.70000
4875                   15866.30000
4876                   15872.00000
4877                   15877.60000
4878                   15883.30000
4879                   15888.90000
4880                   15894.60000
4881                   15900.20000
4882                   15905.90000
4883                   15911.50000
4884                   15917.20000
4885                   15922.90000
4886                   15928.50000
4887                   15934.20000
4888                   15939.90000
4889                   15945.50000
4890                   15951.20000
4891                   15956.90000
4892                   15962.50000
4893                   15968.20000
4894                   15973.90000
4895                   15979.50000
4896                   15985.20000
4897                   15990.90000
4898                   15996.60000
4899                   16002.20000
4900                   16007.90000
4901                   16013.60000
4902                   16019.30000
4903                   16025.00000
4904                   16030.60000
4905                   16036.30000
4906                   16042.00000
4907                   16047.70000
4908                   16053.40000
4909                   16059.10000
4910                   16064.70000
4911                   16070.40000
4912                   16076.10000
4913                   16081.80000
4914                   16087.50000
4915                   16093.20000
4916                   16098.90000
4917                   16104.60000
4918                   16110.30000
4919                   16116.00000
4920                   16121.70000
4921                   16127.40000
4922                   16133.10000
4923                   16138.80000
4924                   16144.50000
4925                   16150.20000
4926                   16155.90000
4927                   16161.60000
4928                   16167.30000
4929                   16173.00000
4930                   16178.70000
4931                   16184.40000
4932                   16190.10000
4933                   16195.90000
4934                   16201.60000
4935                   16207.30000
4936                   16213.00000
4937                   16218.70000
4938                   16224.40000
4939                   16230.20000
4940                   16235.90000
4941                   16241.60000
4942                   16247.30000
4943                   16253.00000
4944                   16258.80000
4945                   16264.50000
4946                   16270.20000
4947                   16275.90000
4948                   16281.70000
4949                   16287.40000
4950                   16293.10000
4951                   16298.90000
4952                   16304.60000
4953                   16310.30000
4954                   16316.10000
4955                   16321.80000
4956                   16327.50000
4957                   16333.30000
4958                   16339.00000
4959                   16344.80000
4960                   16350.50000
4961                   16356.20000
4962                   16362.00000
4963                   16367.70000
4964                   16373.50000
4965                   16379.20000
4966                   16385.00000
4967                   16390.70000
4968                   16396.50000
4969                   16402.20000
4970                   16408.00000
4971                   16413.70000
4972                   16419.50000
4973                   16425.20000
4974                   16431.00000
4975                   16436.80000
4976                   16442.50000
4977                   16448.30000
4978                   16454.00000
4979                   16459.80000
4980                   16465.60000
4981                   16471.30000
4982                   16477.10000
4983                   16482.80000
4984                   16488.60000
4985                   16494.40000
4986                   16500.20000
4987                   16505.90000
4988                   16511.70000
4989                   16517.50000
4990                   16523.20000
4991                   16529.00000
4992                   16534.80000
4993                   16540.60000
4994                   16546.30000
4995                   16552.10000
4996                   16557.90000
4997                   16563.70000
4998                   16569.50000
4999                   16575.20000
5000                   16581.00000
5001                   16586.80000
5002                   16592.60000
5003                   16598.40000
5004                   16604.20000
5005                   16610.00000
5006                   16615.80000
5007                   16621.60000
5008                   16627.30000
5009                   16633.10000
5010                   16638.90000
5011                   16644.70000
5012                   16650.50000
5013                   16656.30000
5014                   16662.10000
5015                   16667.90000
5016                   16673.70000
5017                   16679.50000
5018                   16685.30000
5019                   16691.10000
5020                   16696.90000
5021                   16702.70000
5022                   16708.60000
5023                   16714.40000
5024                   16720.20000
5025                   16726.00000
5026                   16731.80000
5027                   16737.60000
5028                   16743.40000
5029                   16749.20000
5030                   16755.10000
5031                   16760.90000
5032                   16766.70000
5033                   16772.50000
5034                   16778.30000
5035                   16784.20000
5036                   16790.00000
5037                   16795.80000
5038                   16801.60000
5039                   16807.50000
5040                   16813.30000
5041                   16819.10000
5042                   16824.90000
5043                   16830.80000
5044                   16836.60000
5045                   16842.40000
5046                   16848.30000
5047                   16854.10000
5048                   16859.90000
5049                   16865.80000
5050                   16871.60000
5051                   16877.40000
5052                   16883.30000
5053                   16889.10000
5054                   16895.00000
5055                   16900.80000
5056                   16906.70000
5057                   16912.50000
5058                   16918.30000
5059                   16924.20000
5060                   16930.00000
5061                   16935.90000
5062                   16941.70000
5063                   16947.60000
5064                   16953.40000
5065                   16959.30000
5066                   16965.20000
5067                   16971.00000
5068                   16976.90000
5069                   16982.70000
5070                   16988.60000
5071                   16994.40000
5072                   17000.30000
5073                   17006.20000
5074                   17012.00000
5075                   17017.90000
5076                   17023.80000
5077                   17029.60000
5078                   17035.50000
5079                   17041.40000
5080                   17047.20000
5081                   17053.10000
5082                   17059.00000
5083                   17064.90000
5084                   17070.70000
5085                   17076.60000
5086                   17082.50000
5087                   17088.40000
5088                   17094.20000
5089                   17100.10000
5090                   17106.00000
5091                   17111.90000
5092                   17117.80000
5093                   17123.60000
5094                   17129.50000
5095                   17135.40000
5096                   17141.30000
5097                   17147.20000
5098                   17153.10000
5099                   17159.00000
5100                   17164.90000
5101                   17170.80000
5102                   17176.60000
5103                   17182.50000
5104                   17188.40000
5105                   17194.30000
5106                   17200.20000
5107                   17206.10000
5108                   17212.00000
5109                   17217.90000
5110                   17223.80000
5111                   17229.70000
5112                   17235.60000
5113                   17241.50000
5114                   17247.50000
5115                   17253.40000
5116                   17259.30000
5117                   17265.20000
5118                   17271.10000
5119                   17277.00000
5120                   17282.90000
5121                   17288.80000
5122                   17294.70000
5123                   17300.70000
5124                   17306.60000
5125                   17312.50000
5126                   17318.40000
5127                   17324.30000
5128                   17330.30000
5129                   17336.20000
5130                   17342.10000
5131                   17348.00000
5132                   17354.00000
5133                   17359.90000
5134                   17365.80000
5135                   17371.70000
5136                   17377.70000
5137                   17383.60000
5138                   17389.50000
5139                   17395.50000
5140                   17401.40000
5141                   17407.30000
5142                   17413.30000
5143                   17419.20000
5144                   17425.10000
5145                   17431.10000
5146                   17437.00000
5147                   17443.00000
5148                   17448.90000
5149                   17454.90000
5150                   17460.80000
5151                   17466.80000
5152                   17472.70000
5153                   17478.60000
5154                   17484.60000
5155                   17490.50000
5156                   17496.50000
5157                   17502.50000
5158                   17508.40000
5159                   17514.40000
5160                   17520.30000
5161                   17526.30000
5162                   17532.20000
5163                   17538.20000
5164                   17544.20000
5165                   17550.10000
5166                   17556.10000
5167                   17562.00000
5168                   17568.00000
5169                   17574.00000
5170                   17579.90000
5171                   17585.90000
5172                   17591.90000
5173                   17597.80000
5174                   17603.80000
5175                   17609.80000
5176                   17615.80000
5177                   17621.70000
5178                   17627.70000
5179                   17633.70000
5180                   17639.70000
5181                   17645.60000
5182                   17651.60000
5183                   17657.60000
5184                   17663.60000
5185                   17669.60000
5186                   17675.50000
5187                   17681.50000
5188                   17687.50000
5189                   17693.50000
5190                   17699.50000
5191                   17705.50000
5192                   17711.50000
5193                   17717.50000
5194                   17723.50000
5195                   17729.50000
5196                   17735.40000
5197                   17741.40000
5198                   17747.40000
5199                   17753.40000
5200                   17759.40000
5201                   17765.40000
5202                   17771.40000
5203                   17777.40000
5204                   17783.40000
5205                   17789.40000
5206                   17795.50000
5207                   17801.50000
5208                   17807.50000
5209                   17813.50000
5210                   17819.50000
5211                   17825.50000
5212                   17831.50000
5213                   17837.50000
5214                   17843.50000
5215                   17849.50000
5216                   17855.60000
5217                   17861.60000
5218                   17867.60000
5219                   17873.60000
5220                   17879.60000
5221                   17885.70000
5222                   17891.70000
5223                   17897.70000
5224                   17903.70000
5225                   17909.80000
5226                   17915.80000
5227                   17921.80000
5228                   17927.80000
5229                   17933.90000
5230                   17939.90000
5231                   17945.90000
5232                   17952.00000
5233                   17958.00000
5234                   17964.00000
5235                   17970.10000
5236                   17976.10000
5237                   17982.20000
5238                   17988.20000
5239                   17994.20000
5240                   18000.30000
5241                   18006.30000
5242                   18012.40000
5243                   18018.40000
5244                   18024.50000
5245                   18030.50000
5246                   18036.60000
5247                   18042.60000
5248                   18048.70000
5249                   18054.70000
5250                   18060.80000
5251                   18066.80000
5252                   18072.90000
5253                   18078.90000
5254                   18085.00000
5255                   18091.00000
5256                   18097.10000
5257                   18103.20000
5258                   18109.20000
5259                   18115.30000
5260                   18121.40000
5261                   18127.40000
5262                   18133.50000
5263                   18139.50000
5264                   18145.60000
5265                   18151.70000
5266                   18157.80000
5267                   18163.80000
5268                   18169.90000
5269                   18176.00000
5270                   18182.00000
5271                   18188.10000
5272                   18194.20000
5273                   18200.30000
5274                   18206.40000
5275                   18212.40000
5276                   18218.50000
5277                   18224.60000
5278                   18230.70000
5279                   18236.80000
5280                   18242.90000
5281                   18248.90000
5282                   18255.00000
5283                   18261.10000
5284                   18267.20000
5285                   18273.30000
5286                   18279.40000
5287                   18285.50000
5288                   18291.60000
5289                   18297.70000
5290                   18303.80000
5291                   18309.90000
5292                   18316.00000
5293                   18322.10000
5294                   18328.20000
5295                   18334.30000
5296                   18340.40000
5297                   18346.50000
5298                   18352.60000
5299                   18358.70000
5300                   18364.80000
5301                   18370.90000
5302                   18377.00000
5303                   18383.10000
5304                   18389.20000
5305                   18395.30000
5306                   18401.50000
5307                   18407.60000
5308                   18413.70000
5309                   18419.80000
5310                   18425.90000
5311                   18432.00000
5312                   18438.20000
5313                   18444.30000
5314                   18450.40000
5315                   18456.50000
5316                   18462.60000
5317                   18468.80000
5318                   18474.90000
5319                   18481.00000
5320                   18487.20000
5321                   18493.30000
5322                   18499.40000
5323                   18505.50000
5324                   18511.70000
5325                   18517.80000
5326                   18523.90000
5327                   18530.10000
5328                   18536.20000
5329                   18542.40000
5330                   18548.50000
5331                   18554.60000
5332                   18560.80000
5333                   18566.90000
5334                   18573.10000
5335                   18579.20000
5336                   18585.40000
5337                   18591.50000
5338                   18597.70000
5339                   18603.80000
5340                   18610.00000
5341                   18616.10000
5342                   18622.30000
5343                   18628.40000
5344                   18634.60000
5345                   18640.70000
5346                   18646.90000
5347                   18653.00000
5348                   18659.20000
5349                   18665.40000
5350                   18671.50000
5351                   18677.70000
5352                   18683.80000
5353                   18690.00000
5354                   18696.20000
5355                   18702.30000
5356                   18708.50000
5357                   18714.70000
5358                   18720.80000
5359                   18727.00000
5360                   18733.20000
5361                   18739.40000
5362                   18745.50000
5363                   18751.70000
5364                   18757.90000
5365                   18764.10000
5366                   18770.20000
5367                   18776.40000
5368                   18782.60000
5369                   18788.80000
5370                   18795.00000
5371                   18801.10000
5372                   18807.30000
5373                   18813.50000
5374                   18819.70000
5375                   18825.90000
5376                   18832.10000
5377                   18838.30000
5378                   18844.50000
5379                   18850.70000
5380                   18856.90000
5381                   18863.00000
5382                   18869.20000
5383                   18875.40000
5384                   18881.60000
5385                   18887.80000
5386                   18894.00000
5387                   18900.20000
5388                   18906.40000
5389                   18912.60000
5390                   18918.80000
5391                   18925.10000
5392                   18931.30000
5393                   18937.50000
5394                   18943.70000
5395                   18949.90000
5396                   18956.10000
5397                   18962.30000
5398                   18968.50000
5399                   18974.70000
5400                   18981.00000
5401                   18987.20000
5402                   18993.40000
5403                   18999.60000
5404                   19005.80000
5405                   19012.00000
5406                   19018.30000
5407                   19024.50000
5408                   19030.70000
5409                   19036.90000
5410                   19043.20000
5411                   19049.40000
5412                   19055.60000
5413                   19061.80000
5414                   19068.10000
5415                   19074.30000
5416                   19080.50000
5417                   19086.80000
5418                   19093.00000
5419                   19099.20000
5420                   19105.50000
5421                   19111.70000
5422                   19118.00000
5423                   19124.20000
5424                   19130.40000
5425                   19136.70000
5426                   19142.90000
5427                   19149.20000
5428                   19155.40000
5429                   19161.70000
5430                   19167.90000
5431                   19174.20000
5432                   19180.40000
5433                   19186.70000
5434                   19192.90000
5435                   19199.20000
5436                   19205.40000
5437                   19211.70000
5438                   19217.90000
5439                   19224.20000
5440                   19230.50000
5441                   19236.70000
5442                   19243.00000
5443                   19249.20000
5444                   19255.50000
5445                   19261.80000
5446                   19268.00000
5447                   19274.30000
5448                   19280.60000
5449                   19286.80000
5450                   19293.10000
5451                   19299.40000
5452                   19305.60000
5453                   19311.90000
5454                   19318.20000
5455                   19324.50000
5456                   19330.70000
5457                   19337.00000
5458                   19343.30000
5459                   19349.60000
5460                   19355.90000
5461                   19362.10000
5462                   19368.40000
5463                   19374.70000
5464                   19381.00000
5465                   19387.30000
5466                   19393.60000
5467                   19399.90000
5468                   19406.10000
5469                   19412.40000
5470                   19418.70000
5471                   19425.00000
5472                   19431.30000
5473                   19437.60000
5474                   19443.90000
5475                   19450.20000
5476                   19456.50000
5477                   19462.80000
5478                   19469.10000
5479                   19475.40000
5480                   19481.70000
5481                   19488.00000
5482                   19494.30000
5483                   19500.60000
5484                   19506.90000
5485                   19513.20000
5486                   19519.50000
5487                   19525.80000
5488                   19532.20000
5489                   19538.50000
5490                   19544.80000
5491                   19551.10000
5492                   19557.40000
5493                   19563.70000
5494                   19570.00000
5495                   19576.40000
5496                   19582.70000
5497                   19589.00000
5498                   19595.30000
5499                   19601.60000
5500                   19608.00000
5501                   19614.30000
5502                   19620.60000
5503                   19626.90000
5504                   19633.30000
5505                   19639.60000
5506                   19645.90000
5507                   19652.30000
5508                   19658.60000
5509                   19664.90000
5510                   19671.30000
5511                   19677.60000
5512                   19683.90000
5513                   19690.30000
5514                   19696.60000
5515                   19703.00000
5516                   19709.30000
5517                   19715.60000
5518                   19722.00000
5519                   19728.30000
5520                   19734.70000
5521                   19741.00000
5522                   19747.40000
5523                   19753.70000
5524                   19760.10000
5525                   19766.40000
5526                   19772.80000
5527                   19779.10000
5528                   19785.50000
5529                   19791.80000
5530                   19798.20000
5531                   19804.60000
5532                   19810.90000
5533                   19817.30000
5534                   19823.60000
5535                   19830.00000
5536                   19836.40000
5537                   19842.70000
5538                   19849.10000
5539                   19855.50000
5540                   19861.80000
5541                   19868.20000
5542                   19874.60000
5543                   19880.90000
5544                   19887.30000
5545                   19893.70000
5546                   19900.10000
5547                   19906.40000
5548                   19912.80000
5549                   19919.20000
5550                   19925.60000
5551                   19931.90000
5552                   19938.30000
5553                   19944.70000
5554                   19951.10000
5555                   19957.50000
5556                   19963.90000
5557                   19970.20000
5558                   19976.60000
5559                   19983.00000
5560                   19989.40000
5561                   19995.80000
5562                   20002.20000
5563                   20008.60000
5564                   20015.00000
5565                   20021.40000
5566                   20027.80000
5567                   20034.20000
5568                   20040.60000
5569                   20047.00000
5570                   20053.40000
5571                   20059.80000
5572                   20066.20000
5573                   20072.60000
5574                   20079.00000
5575                   20085.40000
5576                   20091.80000
5577                   20098.20000
5578                   20104.60000
5579                   20111.00000
5580                   20117.40000
5581                   20123.80000
5582                   20130.20000
5583                   20136.70000
5584                   20143.10000
5585                   20149.50000
5586                   20155.90000
5587                   20162.30000
5588                   20168.80000
5589                   20175.20000
5590                   20181.60000
5591                   20188.00000
5592                   20194.40000
5593                   20200.90000
5594                   20207.30000
5595                   20213.70000
5596                   20220.10000
5597                   20226.60000
5598                   20233.00000
5599                   20239.40000
5600                   20245.90000
5601                   20252.30000
5602                   20258.70000
5603                   20265.20000
5604                   20271.60000
5605                   20278.10000
5606                   20284.50000
5607                   20290.90000
5608                   20297.40000
5609                   20303.80000
5610                   20310.30000
5611                   20316.70000
5612                   20323.20000
5613                   20329.60000
5614                   20336.10000
5615                   20342.50000
5616                   20349.00000
5617                   20355.40000
5618                   20361.90000
5619                   20368.30000
5620                   20374.80000
5621                   20381.20000
5622                   20387.70000
5623                   20394.10000
5624                   20400.60000
5625                   20407.10000
5626                   20413.50000
5627                   20420.00000
5628                   20426.40000
5629                   20432.90000
5630                   20439.40000
5631                   20445.80000
5632                   20452.30000
5633                   20458.80000
5634                   20465.20000
5635                   20471.70000
5636                   20478.20000
5637                   20484.70000
5638                   20491.10000
5639                   20497.60000
5640                   20504.10000
5641                   20510.60000
5642                   20517.10000
5643                   20523.50000
5644                   20530.00000
5645                   20536.50000
5646                   20543.00000
5647                   20549.50000
5648                   20555.90000
5649                   20562.40000
5650                   20568.90000
5651                   20575.40000
5652                   20581.90000
5653                   20588.40000
5654                   20594.90000
5655                   20601.40000
5656                   20607.90000
5657                   20614.40000
5658                   20620.90000
5659                   20627.40000
5660                   20633.90000
5661                   20640.40000
5662                   20646.90000
5663                   20653.40000
5664                   20659.90000
5665                   20666.40000
5666                   20672.90000
5667                   20679.40000
5668                   20685.90000
5669                   20692.40000
5670                   20698.90000
5671                   20705.40000
5672                   20711.90000
5673                   20718.40000
5674                   20725.00000
5675                   20731.50000
5676                   20738.00000
5677                   20744.50000
5678                   20751.00000
5679                   20757.50000
5680                   20764.10000
5681                   20770.60000
5682                   20777.10000
5683                   20783.60000
5684                   20790.20000
5685                   20796.70000
5686                   20803.20000
5687                   20809.70000
5688                   20816.30000
5689                   20822.80000
5690                   20829.30000
5691                   20835.90000
5692                   20842.40000
5693                   20848.90000
5694                   20855.50000
5695                   20862.00000
5696                   20868.50000
5697                   20875.10000
5698                   20881.60000
5699                   20888.20000
5700                   20894.70000
5701                   20901.30000
5702                   20907.80000
5703                   20914.30000
5704                   20920.90000
5705                   20927.40000
5706                   20934.00000
5707                   20940.50000
5708                   20947.10000
5709                   20953.60000
5710                   20960.20000
5711                   20966.70000
5712                   20973.30000
5713                   20979.90000
5714                   20986.40000
5715                   20993.00000
5716                   20999.50000
5717                   21006.10000
5718                   21012.70000
5719                   21019.20000
5720                   21025.80000
5721                   21032.40000
5722                   21038.90000
5723                   21045.50000
5724                   21052.10000
5725                   21058.60000
5726                   21065.20000
5727                   21071.80000
5728                   21078.30000
5729                   21084.90000
5730                   21091.50000
5731                   21098.10000
5732                   21104.60000
5733                   21111.20000
5734                   21117.80000
5735                   21124.40000
5736                   21131.00000
5737                   21137.60000
5738                   21144.10000
5739                   21150.70000
5740                   21157.30000
5741                   21163.90000
5742                   21170.50000
5743                   21177.10000
5744                   21183.70000
5745                   21190.30000
5746                   21196.90000
5747                   21203.40000
5748                   21210.00000
5749                   21216.60000
5750                   21223.20000
5751                   21229.80000
5752                   21236.40000
5753                   21243.00000
5754                   21249.60000
5755                   21256.20000
5756                   21262.80000
5757                   21269.40000
5758                   21276.10000
5759                   21282.70000
5760                   21289.30000
5761                   21295.90000
5762                   21302.50000
5763                   21309.10000
5764                   21315.70000
5765                   21322.30000
5766                   21328.90000
5767                   21335.60000
5768                   21342.20000
5769                   21348.80000
5770                   21355.40000
5771                   21362.00000
5772                   21368.70000
5773                   21375.30000
5774                   21381.90000
5775                   21388.50000
5776                   21395.20000
5777                   21401.80000
5778                   21408.40000
5779                   21415.00000
5780                   21421.70000
5781                   21428.30000
5782                   21434.90000
5783                   21441.60000
5784                   21448.20000
5785                   21454.80000
5786                   21461.50000
5787                   21468.10000
5788                   21474.80000
5789                   21481.40000
5790                   21488.00000
5791                   21494.70000
5792                   21501.30000
5793                   21508.00000
5794                   21514.60000
5795                   21521.30000
5796                   21527.90000
5797                   21534.60000
5798                   21541.20000
5799                   21547.90000
5800                   21554.50000
5801                   21561.20000
5802                   21567.80000
5803                   21574.50000
5804                   21581.10000
5805                   21587.80000
5806                   21594.40000
5807                   21601.10000
5808                   21607.80000
5809                   21614.40000
5810                   21621.10000
5811                   21627.80000
5812                   21634.40000
5813                   21641.10000
5814                   21647.80000
5815                   21654.40000
5816                   21661.10000
5817                   21667.80000
5818                   21674.40000
5819                   21681.10000
5820                   21687.80000
5821                   21694.50000
5822                   21701.10000
5823                   21707.80000
5824                   21714.50000
5825                   21721.20000
5826                   21727.90000
5827                   21734.50000
5828                   21741.20000
5829                   21747.90000
5830                   21754.60000
5831                   21761.30000
5832                   21768.00000
5833                   21774.70000
5834                   21781.30000
5835                   21788.00000
5836                   21794.70000
5837                   21801.40000
5838                   21808.10000
5839                   21814.80000
5840                   21821.50000
5841                   21828.20000
5842                   21834.90000
5843                   21841.60000
5844                   21848.30000
5845                   21855.00000
5846                   21861.70000
5847                   21868.40000
5848                   21875.10000
5849                   21881.80000
5850                   21888.50000
5851                   21895.20000
5852                   21901.90000
5853                   21908.70000
5854                   21915.40000
5855                   21922.10000
5856                   21928.80000
5857                   21935.50000
5858                   21942.20000
5859                   21948.90000
5860                   21955.70000
5861                   21962.40000
5862                   21969.10000
5863                   21975.80000
5864                   21982.60000
5865                   21989.30000
5866                   21996.00000
5867                   22002.70000
5868                   22009.50000
5869                   22016.20000
5870                   22022.90000
5871                   22029.60000
5872                   22036.40000
5873                   22043.10000
5874                   22049.80000
5875                   22056.60000
5876                   22063.30000
5877                   22070.00000
5878                   22076.80000
5879                   22083.50000
5880                   22090.30000
5881                   22097.00000
5882                   22103.80000
5883                   22110.50000
5884                   22117.20000
5885                   22124.00000
5886                   22130.70000
5887                   22137.50000
5888                   22144.20000
5889                   22151.00000
5890                   22157.70000
5891                   22164.50000
5892                   22171.20000
5893                   22178.00000
5894                   22184.80000
5895                   22191.50000
5896                   22198.30000
5897                   22205.00000
5898                   22211.80000
5899                   22218.50000
5900                   22225.30000
5901                   22232.10000
5902                   22238.80000
5903                   22245.60000
5904                   22252.40000
5905                   22259.10000
5906                   22265.90000
5907                   22272.70000
5908                   22279.50000
5909                   22286.20000
5910                   22293.00000
5911                   22299.80000
5912                   22306.50000
5913                   22313.30000
5914                   22320.10000
5915                   22326.90000
5916                   22333.70000
5917                   22340.40000
5918                   22347.20000
5919                   22354.00000
5920                   22360.80000
5921                   22367.60000
5922                   22374.40000
5923                   22381.20000
5924                   22387.90000
5925                   22394.70000
5926                   22401.50000
5927                   22408.30000
5928                   22415.10000
5929                   22421.90000
5930                   22428.70000
5931                   22435.50000
5932                   22442.30000
5933                   22449.10000
5934                   22455.90000
5935                   22462.70000
5936                   22469.50000
5937                   22476.30000
5938                   22483.10000
5939                   22489.90000
5940                   22496.70000
5941                   22503.50000
5942                   22510.30000
5943                   22517.20000
5944                   22524.00000
5945                   22530.80000
5946                   22537.60000
5947                   22544.40000
5948                   22551.20000
5949                   22558.00000
5950                   22564.90000
5951                   22571.70000
5952                   22578.50000
5953                   22585.30000
5954                   22592.10000
5955                   22599.00000
5956                   22605.80000
5957                   22612.60000
5958                   22619.40000
5959                   22626.30000
5960                   22633.10000
5961                   22639.90000
5962                   22646.80000
5963                   22653.60000
5964                   22660.40000
5965                   22667.30000
5966                   22674.10000
5967                   22680.90000
5968                   22687.80000
5969                   22694.60000
5970                   22701.40000
5971                   22708.30000
5972                   22715.10000
5973                   22722.00000
5974                   22728.80000
5975                   22735.70000
5976                   22742.50000
5977                   22749.40000
5978                   22756.20000
5979                   22763.10000
5980                   22769.90000
5981                   22776.80000
5982                   22783.60000
5983                   22790.50000
5984                   22797.30000
5985                   22804.20000
5986                   22811.00000
5987                   22817.90000
5988                   22824.80000
5989                   22831.60000
5990                   22838.50000
5991                   22845.30000
5992                   22852.20000
5993                   22859.10000
5994                   22865.90000
5995                   22872.80000
5996                   22879.70000
5997                   22886.50000
5998                   22893.40000
5999                   22900.30000
6000                   22907.20000
6001                   22914.00000
6002                   22920.90000
6003                   22927.80000
6004                   22934.70000
6005                   22941.50000
6006                   22948.40000
6007                   22955.30000
6008                   22962.20000
6009                   22969.10000
6010                   22976.00000
6011                   22982.80000
6012                   22989.70000
6013                   22996.60000
6014                   23003.50000
6015                   23010.40000
6016                   23017.30000
6017                   23024.20000
6018                   23031.10000
6019                   23038.00000
6020                   23044.90000
6021                   23051.80000
6022                   23058.70000
6023                   23065.60000
6024                   23072.50000
6025                   23079.40000
6026                   23086.30000
6027                   23093.20000
6028                   23100.10000
6029                   23107.00000
6030                   23113.90000
6031                   23120.80000
6032                   23127.70000
6033                   23134.60000
6034                   23141.50000
6035                   23148.40000
6036                   23155.30000
6037                   23162.30000
6038                   23169.20000
6039                   23176.10000
6040                   23183.00000
6041                   23189.90000
6042                   23196.80000
6043                   23203.80000
6044                   23210.70000
6045                   23217.60000
6046                   23224.50000
6047                   23231.50000
6048                   23238.40000
6049                   23245.30000
6050                   23252.20000
6051                   23259.20000
6052                   23266.10000
6053                   23273.00000
6054                   23280.00000
6055                   23286.90000
6056                   23293.80000
6057                   23300.80000
6058                   23307.70000
6059                   23314.70000
6060                   23321.60000
6061                   23328.50000
6062                   23335.50000
6063                   23342.40000
6064                   23349.40000
6065                   23356.30000
6066                   23363.30000
6067                   23370.20000
6068                   23377.20000
6069                   23384.10000
6070                   23391.10000
6071                   23398.00000
6072                   23405.00000
6073                   23411.90000
6074                   23418.90000
6075                   23425.80000
6076                   23432.80000
6077                   23439.70000
6078                   23446.70000
6079                   23453.70000
6080                   23460.60000
6081                   23467.60000
6082                   23474.60000
6083                   23481.50000
6084                   23488.50000
6085                   23495.50000
6086                   23502.40000
6087                   23509.40000
6088                   23516.40000
6089                   23523.30000
6090                   23530.30000
6091                   23537.30000
6092                   23544.30000
6093                   23551.20000
6094                   23558.20000
6095                   23565.20000
6096                   23572.20000
6097                   23579.20000
6098                   23586.10000
6099                   23593.10000
6100                   23600.10000
6101                   23607.10000
6102                   23614.10000
6103                   23621.10000
6104                   23628.10000
6105                   23635.00000
6106                   23642.00000
6107                   23649.00000
6108                   23656.00000
6109                   23663.00000
6110                   23670.00000
6111                   23677.00000
6112                   23684.00000
6113                   23691.00000
6114                   23698.00000
6115                   23705.00000
6116                   23712.00000
6117                   23719.00000
6118                   23726.00000
6119                   23733.00000
6120                   23740.00000
6121                   23747.00000
6122                   23754.00000
6123                   23761.10000
6124                   23768.10000
6125                   23775.10000
6126                   23782.10000
6127                   23789.10000
6128                   23796.10000
6129                   23803.10000
6130                   23810.20000
6131                   23817.20000
6132                   23824.20000
6133                   23831.20000
6134                   23838.20000
6135                   23845.30000
6136                   23852.30000
6137                   23859.30000
6138                   23866.30000
6139                   23873.40000
6140                   23880.40000
6141                   23887.40000
6142                   23894.50000
6143                   23901.50000
6144                   23908.50000
6145                   23915.60000
6146                   23922.60000
6147                   23929.60000
6148                   23936.70000
6149                   23943.70000
6150                   23950.80000
6151                   23957.80000
6152                   23964.80000
6153                   23971.90000
6154                   23978.90000
6155                   23986.00000
6156                   23993.00000
6157                   24000.10000
6158                   24007.10000
6159                   24014.20000
6160                   24021.20000
6161                   24028.30000
6162                   24035.30000
6163                   24042.40000
6164                   24049.40000
6165                   24056.50000
6166                   24063.50000
6167                   24070.60000
6168                   24077.70000
6169                   24084.70000
6170                   24091.80000
6171                   24098.90000
6172                   24105.90000
6173                   24113.00000
6174                   24120.10000
6175                   24127.10000
6176                   24134.20000
6177                   24141.30000
6178                   24148.30000
6179                   24155.40000
6180                   24162.50000
6181                   24169.60000
6182                   24176.60000
6183                   24183.70000
6184                   24190.80000
6185                   24197.90000
6186                   24204.90000
6187                   24212.00000
6188                   24219.10000
6189                   24226.20000
6190                   24233.30000
6191                   24240.40000
6192                   24247.50000
6193                   24254.50000
6194                   24261.60000
6195                   24268.70000
6196                   24275.80000
6197                   24282.90000
6198                   24290.00000
6199                   24297.10000
6200                   24304.20000
6201                   24311.30000
6202                   24318.40000
6203                   24325.50000
6204                   24332.60000
6205                   24339.70000
6206                   24346.80000
6207                   24353.90000
6208                   24361.00000
6209                   24368.10000
6210                   24375.20000
6211                   24382.30000
6212                   24389.40000
6213                   24396.50000
6214                   24403.70000
6215                   24410.80000
6216                   24417.90000
6217                   24425.00000
6218                   24432.10000
6219                   24439.20000
6220                   24446.30000
6221                   24453.50000
6222                   24460.60000
6223                   24467.70000
6224                   24474.80000
6225                   24482.00000
6226                   24489.10000
6227                   24496.20000
6228                   24503.30000
6229                   24510.50000
6230                   24517.60000
6231                   24524.70000
6232                   24531.90000
6233                   24539.00000
6234                   24546.10000
6235                   24553.30000
6236                   24560.40000
6237                   24567.50000
6238                   24574.70000
6239                   24581.80000
6240                   24589.00000
6241                   24596.10000
6242                   24603.20000
6243                   24610.40000
6244                   24617.50000
6245                   24624.70000
6246                   24631.80000
6247                   24639.00000
6248                   24646.10000
6249                   24653.30000
6250                   24660.40000
6251                   24667.60000
6252                   24674.70000
6253                   24681.90000
6254                   24689.00000
6255                   24696.20000
6256                   24703.40000
6257                   24710.50000
6258                   24717.70000
6259                   24724.80000
6260                   24732.00000
6261                   24739.20000
6262                   24746.30000
6263                   24753.50000
6264                   24760.70000
6265                   24767.80000
6266                   24775.00000
6267                   24782.20000
6268                   24789.30000
6269                   24796.50000
6270                   24803.70000
6271                   24810.90000
6272                   24818.00000
6273                   24825.20000
6274                   24832.40000
6275                   24839.60000
6276                   24846.80000
6277                   24853.90000
6278                   24861.10000
6279                   24868.30000
6280                   24875.50000
6281                   24882.70000
6282                   24889.90000
6283                   24897.10000
6284                   24904.30000
6285                   24911.40000
6286                   24918.60000
6287                   24925.80000
6288                   24933.00000
6289                   24940.20000
6290                   24947.40000
6291                   24954.60000
6292                   24961.80000
6293                   24969.00000
6294                   24976.20000
6295                   24983.40000
6296                   24990.60000
6297                   24997.80000
6298                   25005.00000
6299                   25012.20000
6300                   25019.50000
6301                   25026.70000
6302                   25033.90000
6303                   25041.10000
6304                   25048.30000
6305                   25055.50000
6306                   25062.70000
6307                   25069.90000
6308                   25077.20000
6309                   25084.40000
6310                   25091.60000
6311                   25098.80000
6312                   25106.00000
6313                   25113.30000
6314                   25120.50000
6315                   25127.70000
6316                   25134.90000
6317                   25142.20000
6318                   25149.40000
6319                   25156.60000
6320                   25163.80000
6321                   25171.10000
6322                   25178.30000
6323                   25185.50000
6324                   25192.80000
6325                   25200.00000
6326                   25207.30000
6327                   25214.50000
6328                   25221.70000
6329                   25229.00000
6330                   25236.20000
6331                   25243.50000
6332                   25250.70000
6333                   25258.00000
6334                   25265.20000
6335                   25272.40000
6336                   25279.70000
6337                   25286.90000
6338                   25294.20000
6339                   25301.40000
6340                   25308.70000
6341                   25316.00000
6342                   25323.20000
6343                   25330.50000
6344                   25337.70000
6345                   25345.00000
6346                   25352.20000
6347                   25359.50000
6348                   25366.80000
6349                   25374.00000
6350                   25381.30000
6351                   25388.60000
6352                   25395.80000
6353                   25403.10000
6354                   25410.40000
6355                   25417.60000
6356                   25424.90000
6357                   25432.20000
6358                   25439.40000
6359                   25446.70000
6360                   25454.00000
6361                   25461.30000
6362                   25468.60000
6363                   25475.80000
6364                   25483.10000
6365                   25490.40000
6366                   25497.70000
6367                   25505.00000
6368                   25512.20000
6369                   25519.50000
6370                   25526.80000
6371                   25534.10000
6372                   25541.40000
6373                   25548.70000
6374                   25556.00000
6375                   25563.30000
6376                   25570.60000
6377                   25577.90000
6378                   25585.10000
6379                   25592.40000
6380                   25599.70000
6381                   25607.00000
6382                   25614.30000
6383                   25621.60000
6384                   25628.90000
6385                   25636.30000
6386                   25643.60000
6387                   25650.90000
6388                   25658.20000
6389                   25665.50000
6390                   25672.80000
6391                   25680.10000
6392                   25687.40000
6393                   25694.70000
6394                   25702.00000
6395                   25709.40000
6396                   25716.70000
6397                   25724.00000
6398                   25731.30000
6399                   25738.60000
6400                   25745.90000
6401                   25753.30000
6402                   25760.60000
6403                   25767.90000
6404                   25775.20000
6405                   25782.60000
6406                   25789.90000
6407                   25797.20000
6408                   25804.50000
6409                   25811.90000
6410                   25819.20000
6411                   25826.50000
6412                   25833.90000
6413                   25841.20000
6414                   25848.60000
6415                   25855.90000
6416                   25863.20000
6417                   25870.60000
6418                   25877.90000
6419                   25885.20000
6420                   25892.60000
6421                   25899.90000
6422                   25907.30000
6423                   25914.60000
6424                   25922.00000
6425                   25929.30000
6426                   25936.70000
6427                   25944.00000
6428                   25951.40000
6429                   25958.70000
6430                   25966.10000
6431                   25973.40000
6432                   25980.80000
6433                   25988.20000
6434                   25995.50000
6435                   26002.90000
6436                   26010.20000
6437                   26017.60000
6438                   26025.00000
6439                   26032.30000
6440                   26039.70000
6441                   26047.10000
6442                   26054.40000
6443                   26061.80000
6444                   26069.20000
6445                   26076.50000
6446                   26083.90000
6447                   26091.30000
6448                   26098.70000
6449                   26106.00000
6450                   26113.40000
6451                   26120.80000
6452                   26128.20000
6453                   26135.60000
6454                   26142.90000
6455                   26150.30000
6456                   26157.70000
6457                   26165.10000
6458                   26172.50000
6459                   26179.90000
6460                   26187.20000
6461                   26194.60000
6462                   26202.00000
6463                   26209.40000
6464                   26216.80000
6465                   26224.20000
6466                   26231.60000
6467                   26239.00000
6468                   26246.40000
6469                   26253.80000
6470                   26261.20000
6471                   26268.60000
6472                   26276.00000
6473                   26283.40000
6474                   26290.80000
6475                   26298.20000
6476                   26305.60000
6477                   26313.00000
6478                   26320.40000
6479                   26327.80000
6480                   26335.30000
6481                   26342.70000
6482                   26350.10000
6483                   26357.50000
6484                   26364.90000
6485                   26372.30000
6486                   26379.70000
6487                   26387.20000
6488                   26394.60000
6489                   26402.00000
6490                   26409.40000
6491                   26416.90000
6492                   26424.30000
6493                   26431.70000
6494                   26439.10000
6495                   26446.60000
6496                   26454.00000
6497                   26461.40000
6498                   26468.80000
6499                   26476.30000
6500                   26483.70000
6501                   26491.10000
6502                   26498.60000
6503                   26506.00000
6504                   26513.50000
6505                   26520.90000
6506                   26528.30000
6507                   26535.80000
6508                   26543.20000
6509                   26550.70000
6510                   26558.10000
6511                   26565.60000
6512                   26573.00000
6513                   26580.50000
6514                   26587.90000
6515                   26595.40000
6516                   26602.80000
6517                   26610.30000
6518                   26617.70000
6519                   26625.20000
6520                   26632.60000
6521                   26640.10000
6522                   26647.50000
6523                   26655.00000
6524                   26662.50000
6525                   26669.90000
6526                   26677.40000
6527                   26684.90000
6528                   26692.30000
6529                   26699.80000
6530                   26707.30000
6531                   26714.70000
6532                   26722.20000
6533                   26729.70000
6534                   26737.10000
6535                   26744.60000
6536                   26752.10000
6537                   26759.60000
6538                   26767.00000
6539                   26774.50000
6540                   26782.00000
6541                   26789.50000
6542                   26797.00000
6543                   26804.40000
6544                   26811.90000
6545                   26819.40000
6546                   26826.90000
6547                   26834.40000
6548                   26841.90000
6549                   26849.40000
6550                   26856.80000
6551                   26864.30000
6552                   26871.80000
6553                   26879.30000
6554                   26886.80000
6555                   26894.30000
6556                   26901.80000
6557                   26909.30000
6558                   26916.80000
6559                   26924.30000
6560                   26931.80000
6561                   26939.30000
6562                   26946.80000
6563                   26954.30000
6564                   26961.80000
6565                   26969.30000
6566                   26976.80000
6567                   26984.40000
6568                   26991.90000
6569                   26999.40000
6570                   27006.90000
6571                   27014.40000
6572                   27021.90000
6573                   27029.40000
6574                   27037.00000
6575                   27044.50000
6576                   27052.00000
6577                   27059.50000
6578                   27067.00000
6579                   27074.60000
6580                   27082.10000
6581                   27089.60000
6582                   27097.10000
6583                   27104.70000
6584                   27112.20000
6585                   27119.70000
6586                   27127.30000
6587                   27134.80000
6588                   27142.30000
6589                   27149.90000
6590                   27157.40000
6591                   27164.90000
6592                   27172.50000
6593                   27180.00000
6594                   27187.50000
6595                   27195.10000
6596                   27202.60000
6597                   27210.20000
6598                   27217.70000
6599                   27225.30000
6600                   27232.80000
6601                   27240.40000
6602                   27247.90000
6603                   27255.50000
6604                   27263.00000
6605                   27270.60000
6606                   27278.10000
6607                   27285.70000
6608                   27293.20000
6609                   27300.80000
6610                   27308.40000
6611                   27315.90000
6612                   27323.50000
6613                   27331.00000
6614                   27338.60000
6615                   27346.20000
6616                   27353.70000
6617                   27361.30000
6618                   27368.90000
6619                   27376.40000
6620                   27384.00000
6621                   27391.60000
6622                   27399.10000
6623                   27406.70000
6624                   27414.30000
6625                   27421.90000
6626                   27429.40000
6627                   27437.00000
6628                   27444.60000
6629                   27452.20000
6630                   27459.80000
6631                   27467.30000
6632                   27474.90000
6633                   27482.50000
6634                   27490.10000
6635                   27497.70000
6636                   27505.30000
6637                   27512.90000
6638                   27520.50000
6639                   27528.00000
6640                   27535.60000
6641                   27543.20000
6642                   27550.80000
6643                   27558.40000
6644                   27566.00000
6645                   27573.60000
6646                   27581.20000
6647                   27588.80000
6648                   27596.40000
6649                   27604.00000
6650                   27611.60000
6651                   27619.20000
6652                   27626.80000
6653                   27634.50000
6654                   27642.10000
6655                   27649.70000
6656                   27657.30000
6657                   27664.90000
6658                   27672.50000
6659                   27680.10000
6660                   27687.70000
6661                   27695.40000
6662                   27703.00000
6663                   27710.60000
6664                   27718.20000
6665                   27725.80000
6666                   27733.50000
6667                   27741.10000
6668                   27748.70000
6669                   27756.30000
6670                   27764.00000
6671                   27771.60000
6672                   27779.20000
6673                   27786.80000
6674                   27794.50000
6675                   27802.10000
6676                   27809.70000
6677                   27817.40000
6678                   27825.00000
6679                   27832.70000
6680                   27840.30000
6681                   27847.90000
6682                   27855.60000
6683                   27863.20000
6684                   27870.90000
6685                   27878.50000
6686                   27886.10000
6687                   27893.80000
6688                   27901.40000
6689                   27909.10000
6690                   27916.70000
6691                   27924.40000
6692                   27932.00000
6693                   27939.70000
6694                   27947.30000
6695                   27955.00000
6696                   27962.70000
6697                   27970.30000
6698                   27978.00000
6699                   27985.60000
6700                   27993.30000
6701                   28001.00000
6702                   28008.60000
6703                   28016.30000
6704                   28024.00000
6705                   28031.60000
6706                   28039.30000
6707                   28047.00000
6708                   28054.60000
6709                   28062.30000
6710                   28070.00000
6711                   28077.70000
6712                   28085.30000
6713                   28093.00000
6714                   28100.70000
6715                   28108.40000
6716                   28116.00000
6717                   28123.70000
6718                   28131.40000
6719                   28139.10000
6720                   28146.80000
6721                   28154.50000
6722                   28162.10000
6723                   28169.80000
6724                   28177.50000
6725                   28185.20000
6726                   28192.90000
6727                   28200.60000
6728                   28208.30000
6729                   28216.00000
6730                   28223.70000
6731                   28231.40000
6732                   28239.10000
6733                   28246.80000
6734                   28254.50000
6735                   28262.20000
6736                   28269.90000
6737                   28277.60000
6738                   28285.30000
6739                   28293.00000
6740                   28300.70000
6741                   28308.40000
6742                   28316.10000
6743                   28323.80000
6744                   28331.50000
6745                   28339.20000
6746                   28347.00000
6747                   28354.70000
6748                   28362.40000
6749                   28370.10000
6750                   28377.80000
6751                   28385.60000
6752                   28393.30000
6753                   28401.00000
6754                   28408.70000
6755                   28416.40000
6756                   28424.20000
6757                   28431.90000
6758                   28439.60000
6759                   28447.40000
6760                   28455.10000
6761                   28462.80000
6762                   28470.50000
6763                   28478.30000
6764                   28486.00000
6765                   28493.70000
6766                   28501.50000
6767                   28509.20000
6768                   28517.00000
6769                   28524.70000
6770                   28532.40000
6771                   28540.20000
6772                   28547.90000
6773                   28555.70000
6774                   28563.40000
6775                   28571.20000
6776                   28578.90000
6777                   28586.70000
6778                   28594.40000
6779                   28602.20000
6780                   28609.90000
6781                   28617.70000
6782                   28625.40000
6783                   28633.20000
6784                   28640.90000
6785                   28648.70000
6786                   28656.50000
6787                   28664.20000
6788                   28672.00000
6789                   28679.80000
6790                   28687.50000
6791                   28695.30000
6792                   28703.10000
6793                   28710.80000
6794                   28718.60000
6795                   28726.40000
6796                   28734.10000
6797                   28741.90000
6798                   28749.70000
6799                   28757.50000
6800                   28765.20000
6801                   28773.00000
6802                   28780.80000
6803                   28788.60000
6804                   28796.30000
6805                   28804.10000
6806                   28811.90000
6807                   28819.70000
6808                   28827.50000
6809                   28835.30000
6810                   28843.10000
6811                   28850.80000
6812                   28858.60000
6813                   28866.40000
6814                   28874.20000
6815                   28882.00000
6816                   28889.80000
6817                   28897.60000
6818                   28905.40000
6819                   28913.20000
6820                   28921.00000
6821                   28928.80000
6822                   28936.60000
6823                   28944.40000
6824                   28952.20000
6825                   28960.00000
6826                   28967.80000
6827                   28975.60000
6828                   28983.40000
6829                   28991.20000
6830                   28999.00000
6831                   29006.90000
6832                   29014.70000
6833                   29022.50000
6834                   29030.30000
6835                   29038.10000
6836                   29045.90000
6837                   29053.80000
6838                   29061.60000
6839                   29069.40000
6840                   29077.20000
6841                   29085.00000
6842                   29092.90000
6843                   29100.70000
6844                   29108.50000
6845                   29116.30000
6846                   29124.20000
6847                   29132.00000
6848                   29139.80000
6849                   29147.70000
6850                   29155.50000
6851                   29163.30000
6852                   29171.20000
6853                   29179.00000
6854                   29186.80000
6855                   29194.70000
6856                   29202.50000
6857                   29210.40000
6858                   29218.20000
6859                   29226.10000
6860                   29233.90000
6861                   29241.70000
6862                   29249.60000
6863                   29257.40000
6864                   29265.30000
6865                   29273.10000
6866                   29281.00000
6867                   29288.80000
6868                   29296.70000
6869                   29304.60000
6870                   29312.40000
6871                   29320.30000
6872                   29328.10000
6873                   29336.00000
6874                   29343.90000
6875                   29351.70000
6876                   29359.60000
6877                   29367.40000
6878                   29375.30000
6879                   29383.20000
6880                   29391.00000
6881                   29398.90000
6882                   29406.80000
6883                   29414.70000
6884                   29422.50000
6885                   29430.40000
6886                   29438.30000
6887                   29446.20000
6888                   29454.00000
6889                   29461.90000
6890                   29469.80000
6891                   29477.70000
6892                   29485.60000
6893                   29493.40000
6894                   29501.30000
6895                   29509.20000
6896                   29517.10000
6897                   29525.00000
6898                   29532.90000
6899                   29540.80000
6900                   29548.70000
6901                   29556.50000
6902                   29564.40000
6903                   29572.30000
6904                   29580.20000
6905                   29588.10000
6906                   29596.00000
6907                   29603.90000
6908                   29611.80000
6909                   29619.70000
6910                   29627.60000
6911                   29635.50000
6912                   29643.40000
6913                   29651.30000
6914                   29659.30000
6915                   29667.20000
6916                   29675.10000
6917                   29683.00000
6918                   29690.90000
6919                   29698.80000
6920                   29706.70000
6921                   29714.60000
6922                   29722.60000
6923                   29730.50000
6924                   29738.40000
6925                   29746.30000
6926                   29754.20000
6927                   29762.20000
6928                   29770.10000
6929                   29778.00000
6930                   29785.90000
6931                   29793.90000
6932                   29801.80000
6933                   29809.70000
6934                   29817.70000
6935                   29825.60000
6936                   29833.50000
6937                   29841.50000
6938                   29849.40000
6939                   29857.30000
6940                   29865.30000
6941                   29873.20000
6942                   29881.10000
6943                   29889.10000
6944                   29897.00000
6945                   29905.00000
6946                   29912.90000
6947                   29920.90000
6948                   29928.80000
6949                   29936.80000
6950                   29944.70000
6951                   29952.70000
6952                   29960.60000
6953                   29968.60000
6954                   29976.50000
6955                   29984.50000
6956                   29992.40000
6957                   30000.40000
6958                   30008.30000
6959                   30016.30000
6960                   30024.30000
6961                   30032.20000
6962                   30040.20000
6963                   30048.10000
6964                   30056.10000
6965                   30064.10000
6966                   30072.00000
6967                   30080.00000
6968                   30088.00000
6969                   30096.00000
6970                   30103.90000
6971                   30111.90000
6972                   30119.90000
6973                   30127.90000
6974                   30135.80000
6975                   30143.80000
6976                   30151.80000
6977                   30159.80000
6978                   30167.80000
6979                   30175.70000
6980                   30183.70000
6981                   30191.70000
6982                   30199.70000
6983                   30207.70000
6984                   30215.70000
6985                   30223.70000
6986                   30231.60000
6987                   30239.60000
6988                   30247.60000
6989                   30255.60000
6990                   30263.60000
6991                   30271.60000
6992                   30279.60000
6993                   30287.60000
6994                   30295.60000
6995                   30303.60000
6996                   30311.60000
6997                   30319.60000
6998                   30327.60000
6999                   30335.60000
7000                   30343.60000
7001                   30351.70000
7002                   30359.70000
7003                   30367.70000
7004                   30375.70000
7005                   30383.70000
7006                   30391.70000
7007                   30399.70000
7008                   30407.70000
7009                   30415.80000
7010                   30423.80000
7011                   30431.80000
7012                   30439.80000
7013                   30447.80000
7014                   30455.90000
7015                   30463.90000
7016                   30471.90000
7017                   30479.90000
7018                   30488.00000
7019                   30496.00000
7020                   30504.00000
7021                   30512.10000
7022                   30520.10000
7023                   30528.10000
7024                   30536.20000
7025                   30544.20000
7026                   30552.20000
7027                   30560.30000
7028                   30568.30000
7029                   30576.40000
7030                   30584.40000
7031                   30592.40000
7032                   30600.50000
7033                   30608.50000
7034                   30616.60000
7035                   30624.60000
7036                   30632.70000
7037                   30640.70000
7038                   30648.80000
7039                   30656.80000
7040                   30664.90000
7041                   30672.90000
7042                   30681.00000
7043                   30689.10000
7044                   30697.10000
7045                   30705.20000
7046                   30713.20000
7047                   30721.30000
7048                   30729.40000
7049                   30737.40000
7050                   30745.50000
7051                   30753.60000
7052                   30761.60000
7053                   30769.70000
7054                   30777.80000
7055                   30785.80000
7056                   30793.90000
7057                   30802.00000
7058                   30810.10000
7059                   30818.10000
7060                   30826.20000
7061                   30834.30000
7062                   30842.40000
7063                   30850.50000
7064                   30858.50000
7065                   30866.60000
7066                   30874.70000
7067                   30882.80000
7068                   30890.90000
7069                   30899.00000
7070                   30907.00000
7071                   30915.10000
7072                   30923.20000
7073                   30931.30000
7074                   30939.40000
7075                   30947.50000
7076                   30955.60000
7077                   30963.70000
7078                   30971.80000
7079                   30979.90000
7080                   30988.00000
7081                   30996.10000
7082                   31004.20000
7083                   31012.30000
7084                   31020.40000
7085                   31028.50000
7086                   31036.60000
7087                   31044.70000
7088                   31052.80000
7089                   31061.00000
7090                   31069.10000
7091                   31077.20000
7092                   31085.30000
7093                   31093.40000
7094                   31101.50000
7095                   31109.70000
7096                   31117.80000
7097                   31125.90000
7098                   31134.00000
7099                   31142.10000
7100                   31150.30000
7101                   31158.40000
7102                   31166.50000
7103                   31174.60000
7104                   31182.80000
7105                   31190.90000
7106                   31199.00000
7107                   31207.20000
7108                   31215.30000
7109                   31223.40000
7110                   31231.60000
7111                   31239.70000
7112                   31247.80000
7113                   31256.00000
7114                   31264.10000
7115                   31272.30000
7116                   31280.40000
7117                   31288.50000
7118                   31296.70000
7119                   31304.80000
7120                   31313.00000
7121                   31321.10000
7122                   31329.30000
7123                   31337.40000
7124                   31345.60000
7125                   31353.70000
7126                   31361.90000
7127                   31370.00000
7128                   31378.20000
7129                   31386.40000
7130                   31394.50000
7131                   31402.70000
7132                   31410.80000
7133                   31419.00000
7134                   31427.20000
7135                   31435.30000
7136                   31443.50000
7137                   31451.70000
7138                   31459.80000
7139                   31468.00000
7140                   31476.20000
7141                   31484.30000
7142                   31492.50000
7143                   31500.70000
7144                   31508.90000
7145                   31517.00000
7146                   31525.20000
7147                   31533.40000
7148                   31541.60000
7149                   31549.80000
7150                   31557.90000
7151                   31566.10000
7152                   31574.30000
7153                   31582.50000
7154                   31590.70000
7155                   31598.90000
7156                   31607.10000
7157                   31615.30000
7158                   31623.40000
7159                   31631.60000
7160                   31639.80000
7161                   31648.00000
7162                   31656.20000
7163                   31664.40000
7164                   31672.60000
7165                   31680.80000
7166                   31689.00000
7167                   31697.20000
7168                   31705.40000
7169                   31713.60000
7170                   31721.80000
7171                   31730.00000
7172                   31738.30000
7173                   31746.50000
7174                   31754.70000
7175                   31762.90000
7176                   31771.10000
7177                   31779.30000
7178                   31787.50000
7179                   31795.70000
7180                   31804.00000
7181                   31812.20000
7182                   31820.40000
7183                   31828.60000
7184                   31836.80000
7185                   31845.10000
7186                   31853.30000
7187                   31861.50000
7188                   31869.80000
7189                   31878.00000
7190                   31886.20000
7191                   31894.40000
7192                   31902.70000
7193                   31910.90000
7194                   31919.10000
7195                   31927.40000
7196                   31935.60000
7197                   31943.80000
7198                   31952.10000
7199                   31960.30000
7200                   31968.60000
7201                   31976.80000
7202                   31985.10000
7203                   31993.30000
7204                   32001.50000
7205                   32009.80000
7206                   32018.00000
7207                   32026.30000
7208                   32034.50000
7209                   32042.80000
7210                   32051.00000
7211                   32059.30000
7212                   32067.60000
7213                   32075.80000
7214                   32084.10000
7215                   32092.30000
7216                   32100.60000
7217                   32108.80000
7218                   32117.10000
7219                   32125.40000
7220                   32133.60000
7221                   32141.90000
7222                   32150.20000
7223                   32158.40000
7224                   32166.70000
7225                   32175.00000
7226                   32183.30000
7227                   32191.50000
7228                   32199.80000
7229                   32208.10000
7230                   32216.30000
7231                   32224.60000
7232                   32232.90000
7233                   32241.20000
7234                   32249.50000
7235                   32257.80000
7236                   32266.00000
7237                   32274.30000
7238                   32282.60000
7239                   32290.90000
7240                   32299.20000
7241                   32307.50000
7242                   32315.80000
7243                   32324.10000
7244                   32332.30000
7245                   32340.60000
7246                   32348.90000
7247                   32357.20000
7248                   32365.50000
7249                   32373.80000
7250                   32382.10000
7251                   32390.40000
7252                   32398.70000
7253                   32407.00000
7254                   32415.30000
7255                   32423.60000
7256                   32432.00000
7257                   32440.30000
7258                   32448.60000
7259                   32456.90000
7260                   32465.20000
7261                   32473.50000
7262                   32481.80000
7263                   32490.10000
7264                   32498.50000
7265                   32506.80000
7266                   32515.10000
7267                   32523.40000
7268                   32531.70000
7269                   32540.10000
7270                   32548.40000
7271                   32556.70000
7272                   32565.00000
7273                   32573.40000
7274                   32581.70000
7275                   32590.00000
7276                   32598.30000
7277                   32606.70000
7278                   32615.00000
7279                   32623.30000
7280                   32631.70000
7281                   32640.00000
7282                   32648.40000
7283                   32656.70000
7284                   32665.00000
7285                   32673.40000
7286                   32681.70000
7287                   32690.10000
7288                   32698.40000
7289                   32706.80000
7290                   32715.10000
7291                   32723.40000
7292                   32731.80000
7293                   32740.20000
7294                   32748.50000
7295                   32756.90000
7296                   32765.20000
7297                   32773.60000
7298                   32781.90000
7299                   32790.30000
7300                   32798.60000
7301                   32807.00000
7302                   32815.40000
7303                   32823.70000
7304                   32832.10000
7305                   32840.50000
7306                   32848.80000
7307                   32857.20000
7308                   32865.60000
7309                   32873.90000
7310                   32882.30000
7311                   32890.70000
7312                   32899.00000
7313                   32907.40000
7314                   32915.80000
7315                   32924.20000
7316                   32932.50000
7317                   32940.90000
7318                   32949.30000
7319                   32957.70000
7320                   32966.10000
7321                   32974.50000
7322                   32982.80000
7323                   32991.20000
7324                   32999.60000
7325                   33008.00000
7326                   33016.40000
7327                   33024.80000
7328                   33033.20000
7329                   33041.60000
7330                   33050.00000
7331                   33058.40000
7332                   33066.80000
7333                   33075.20000
7334                   33083.60000
7335                   33092.00000
7336                   33100.40000
7337                   33108.80000
7338                   33117.20000
7339                   33125.60000
7340                   33134.00000
7341                   33142.40000
7342                   33150.80000
7343                   33159.20000
7344                   33167.60000
7345                   33176.00000
7346                   33184.40000
7347                   33192.90000
7348                   33201.30000
7349                   33209.70000
7350                   33218.10000
7351                   33226.50000
7352                   33235.00000
7353                   33243.40000
7354                   33251.80000
7355                   33260.20000
7356                   33268.60000
7357                   33277.10000
7358                   33285.50000
7359                   33293.90000
7360                   33302.40000
7361                   33310.80000
7362                   33319.20000
7363                   33327.70000
7364                   33336.10000
7365                   33344.50000
7366                   33353.00000
7367                   33361.40000
7368                   33369.80000
7369                   33378.30000
7370                   33386.70000
7371                   33395.20000
7372                   33403.60000
7373                   33412.10000
7374                   33420.50000
7375                   33429.00000
7376                   33437.40000
7377                   33445.90000
7378                   33454.30000
7379                   33462.80000
7380                   33471.20000
7381                   33479.70000
7382                   33488.10000
7383                   33496.60000
7384                   33505.00000
7385                   33513.50000
7386                   33522.00000
7387                   33530.40000
7388                   33538.90000
7389                   33547.40000
7390                   33555.80000
7391                   33564.30000
7392                   33572.80000
7393                   33581.20000
7394                   33589.70000
7395                   33598.20000
7396                   33606.60000
7397                   33615.10000
7398                   33623.60000
7399                   33632.10000
7400                   33640.60000
7401                   33649.00000
7402                   33657.50000
7403                   33666.00000
7404                   33674.50000
7405                   33683.00000
7406                   33691.40000
7407                   33699.90000
7408                   33708.40000
7409                   33716.90000
7410                   33725.40000
7411                   33733.90000
7412                   33742.40000
7413                   33750.90000
7414                   33759.40000
7415                   33767.90000
7416                   33776.40000
7417                   33784.90000
7418                   33793.40000
7419                   33801.90000
7420                   33810.40000
7421                   33818.90000
7422                   33827.40000
7423                   33835.90000
7424                   33844.40000
7425                   33852.90000
7426                   33861.40000
7427                   33869.90000
7428                   33878.40000
7429                   33886.90000
7430                   33895.40000
7431                   33904.00000
7432                   33912.50000
7433                   33921.00000
7434                   33929.50000
7435                   33938.00000
7436                   33946.60000
7437                   33955.10000
7438                   33963.60000
7439                   33972.10000
7440                   33980.60000
7441                   33989.20000
7442                   33997.70000
7443                   34006.20000
7444                   34014.80000
7445                   34023.30000
7446                   34031.80000
7447                   34040.40000
7448                   34048.90000
7449                   34057.40000
7450                   34066.00000
7451                   34074.50000
7452                   34083.10000
7453                   34091.60000
7454                   34100.10000
7455                   34108.70000
7456                   34117.20000
7457                   34125.80000
7458                   34134.30000
7459                   34142.90000
7460                   34151.40000
7461                   34160.00000
7462                   34168.50000
7463                   34177.10000
7464                   34185.60000
7465                   34194.20000
7466                   34202.70000
7467                   34211.30000
7468                   34219.90000
7469                   34228.40000
7470                   34237.00000
7471                   34245.50000
7472                   34254.10000
7473                   34262.70000
7474                   34271.20000
7475                   34279.80000
7476                   34288.40000
7477                   34296.90000
7478                   34305.50000
7479                   34314.10000
7480                   34322.70000
7481                   34331.20000
7482                   34339.80000
7483                   34348.40000
7484                   34357.00000
7485                   34365.50000
7486                   34374.10000
7487                   34382.70000
7488                   34391.30000
7489                   34399.90000
7490                   34408.50000
7491                   34417.00000
7492                   34425.60000
7493                   34434.20000
7494                   34442.80000
7495                   34451.40000
7496                   34460.00000
7497                   34468.60000
7498                   34477.20000
7499                   34485.80000
7500                   34494.40000
7501                   34503.00000
7502                   34511.60000
7503                   34520.20000
7504                   34528.80000
7505                   34537.40000
7506                   34546.00000
7507                   34554.60000
7508                   34563.20000
7509                   34571.80000
7510                   34580.40000
7511                   34589.00000
7512                   34597.60000
7513                   34606.30000
7514                   34614.90000
7515                   34623.50000
7516                   34632.10000
7517                   34640.70000
7518                   34649.30000
7519                   34658.00000
7520                   34666.60000
7521                   34675.20000
7522                   34683.80000
7523                   34692.50000
7524                   34701.10000
7525                   34709.70000
7526                   34718.30000
7527                   34727.00000
7528                   34735.60000
7529                   34744.20000
7530                   34752.90000
7531                   34761.50000
7532                   34770.10000
7533                   34778.80000
7534                   34787.40000
7535                   34796.10000
7536                   34804.70000
7537                   34813.30000
7538                   34822.00000
7539                   34830.60000
7540                   34839.30000
7541                   34847.90000
7542                   34856.60000
7543                   34865.20000
7544                   34873.90000
7545                   34882.50000
7546                   34891.20000
7547                   34899.80000
7548                   34908.50000
7549                   34917.10000
7550                   34925.80000
7551                   34934.40000
7552                   34943.10000
7553                   34951.80000
7554                   34960.40000
7555                   34969.10000
7556                   34977.80000
7557                   34986.40000
7558                   34995.10000
7559                   35003.80000
7560                   35012.40000
7561                   35021.10000
7562                   35029.80000
7563                   35038.40000
7564                   35047.10000
7565                   35055.80000
7566                   35064.50000
7567                   35073.20000
7568                   35081.80000
7569                   35090.50000
7570                   35099.20000
7571                   35107.90000
7572                   35116.60000
7573                   35125.20000
7574                   35133.90000
7575                   35142.60000
7576                   35151.30000
7577                   35160.00000
7578                   35168.70000
7579                   35177.40000
7580                   35186.10000
7581                   35194.80000
7582                   35203.50000
7583                   35212.20000
7584                   35220.90000
7585                   35229.60000
7586                   35238.30000
7587                   35247.00000
7588                   35255.70000
7589                   35264.40000
7590                   35273.10000
7591                   35281.80000
7592                   35290.50000
7593                   35299.20000
7594                   35307.90000
7595                   35316.60000
7596                   35325.30000
7597                   35334.10000
7598                   35342.80000
7599                   35351.50000
7600                   35360.20000
7601                   35368.90000
7602                   35377.60000
7603                   35386.40000
7604                   35395.10000
7605                   35403.80000
7606                   35412.50000
7607                   35421.30000
7608                   35430.00000
7609                   35438.70000
7610                   35447.50000
7611                   35456.20000
7612                   35464.90000
7613                   35473.70000
7614                   35482.40000
7615                   35491.10000
7616                   35499.90000
7617                   35508.60000
7618                   35517.30000
7619                   35526.10000
7620                   35534.80000
7621                   35543.60000
7622                   35552.30000
7623                   35561.10000
7624                   35569.80000
7625                   35578.50000
7626                   35587.30000
7627                   35596.00000
7628                   35604.80000
7629                   35613.60000
7630                   35622.30000
7631                   35631.10000
7632                   35639.80000
7633                   35648.60000
7634                   35657.30000
7635                   35666.10000
7636                   35674.90000
7637                   35683.60000
7638                   35692.40000
7639                   35701.20000
7640                   35709.90000
7641                   35718.70000
7642                   35727.50000
7643                   35736.20000
7644                   35745.00000
7645                   35753.80000
7646                   35762.50000
7647                   35771.30000
7648                   35780.10000
7649                   35788.90000
7650                   35797.60000
7651                   35806.40000
7652                   35815.20000
7653                   35824.00000
7654                   35832.80000
7655                   35841.60000
7656                   35850.30000
7657                   35859.10000
7658                   35867.90000
7659                   35876.70000
7660                   35885.50000
7661                   35894.30000
7662                   35903.10000
7663                   35911.90000
7664                   35920.70000
7665                   35929.50000
7666                   35938.30000
7667                   35947.10000
7668                   35955.90000
7669                   35964.70000
7670                   35973.50000
7671                   35982.30000
7672                   35991.10000
7673                   35999.90000
7674                   36008.70000
7675                   36017.50000
7676                   36026.30000
7677                   36035.10000
7678                   36043.90000
7679                   36052.80000
7680                   36061.60000
7681                   36070.40000
7682                   36079.20000
7683                   36088.00000
7684                   36096.80000
7685                   36105.70000
7686                   36114.50000
7687                   36123.30000
7688                   36132.10000
7689                   36141.00000
7690                   36149.80000
7691                   36158.60000
7692                   36167.40000
7693                   36176.30000
7694                   36185.10000
7695                   36193.90000
7696                   36202.80000
7697                   36211.60000
7698                   36220.40000
7699                   36229.30000
7700                   36238.10000
7701                   36247.00000
7702                   36255.80000
7703                   36264.60000
7704                   36273.50000
7705                   36282.30000
7706                   36291.20000
7707                   36300.00000
7708                   36308.90000
7709                   36317.70000
7710                   36326.60000
7711                   36335.40000
7712                   36344.30000
7713                   36353.10000
7714                   36362.00000
7715                   36370.90000
7716                   36379.70000
7717                   36388.60000
7718                   36397.40000
7719                   36406.30000
7720                   36415.20000
7721                   36424.00000
7722                   36432.90000
7723                   36441.80000
7724                   36450.60000
7725                   36459.50000
7726                   36468.40000
7727                   36477.20000
7728                   36486.10000
7729                   36495.00000
7730                   36503.90000
7731                   36512.70000
7732                   36521.60000
7733                   36530.50000
7734                   36539.40000
7735                   36548.30000
7736                   36557.10000
7737                   36566.00000
7738                   36574.90000
7739                   36583.80000
7740                   36592.70000
7741                   36601.60000
7742                   36610.50000
7743                   36619.40000
7744                   36628.30000
7745                   36637.10000
7746                   36646.00000
7747                   36654.90000
7748                   36663.80000
7749                   36672.70000
7750                   36681.60000
7751                   36690.50000
7752                   36699.40000
7753                   36708.30000
7754                   36717.20000
7755                   36726.20000
7756                   36735.10000
7757                   36744.00000
7758                   36752.90000
7759                   36761.80000
7760                   36770.70000
7761                   36779.60000
7762                   36788.50000
7763                   36797.40000
7764                   36806.40000
7765                   36815.30000
7766                   36824.20000
7767                   36833.10000
7768                   36842.00000
7769                   36851.00000
7770                   36859.90000
7771                   36868.80000
7772                   36877.80000
7773                   36886.70000
7774                   36895.60000
7775                   36904.50000
7776                   36913.50000
7777                   36922.40000
7778                   36931.30000
7779                   36940.30000
7780                   36949.20000
7781                   36958.10000
7782                   36967.10000
7783                   36976.00000
7784                   36985.00000
7785                   36993.90000
7786                   37002.90000
7787                   37011.80000
7788                   37020.80000
7789                   37029.70000
7790                   37038.60000
7791                   37047.60000
7792                   37056.60000
7793                   37065.50000
7794                   37074.50000
7795                   37083.40000
7796                   37092.40000
7797                   37101.30000
7798                   37110.30000
7799                   37119.20000
7800                   37128.20000
7801                   37137.20000
7802                   37146.10000
7803                   37155.10000
7804                   37164.10000
7805                   37173.00000
7806                   37182.00000
7807                   37191.00000
7808                   37199.90000
7809                   37208.90000
7810                   37217.90000
7811                   37226.90000
7812                   37235.80000
7813                   37244.80000
7814                   37253.80000
7815                   37262.80000
7816                   37271.80000
7817                   37280.70000
7818                   37289.70000
7819                   37298.70000
7820                   37307.70000
7821                   37316.70000
7822                   37325.70000
7823                   37334.70000
7824                   37343.70000
7825                   37352.60000
7826                   37361.60000
7827                   37370.60000
7828                   37379.60000
7829                   37388.60000
7830                   37397.60000
7831                   37406.60000
7832                   37415.60000
7833                   37424.60000
7834                   37433.60000
7835                   37442.60000
7836                   37451.60000
7837                   37460.60000
7838                   37469.70000
7839                   37478.70000
7840                   37487.70000
7841                   37496.70000
7842                   37505.70000
7843                   37514.70000
7844                   37523.70000
7845                   37532.70000
7846                   37541.80000
7847                   37550.80000
7848                   37559.80000
7849                   37568.80000
7850                   37577.80000
7851                   37586.90000
7852                   37595.90000
7853                   37604.90000
7854                   37613.90000
7855                   37623.00000
7856                   37632.00000
7857                   37641.00000
7858                   37650.10000
7859                   37659.10000
7860                   37668.10000
7861                   37677.20000
7862                   37686.20000
7863                   37695.30000
7864                   37704.30000
7865                   37713.30000
7866                   37722.40000
7867                   37731.40000
7868                   37740.50000
7869                   37749.50000
7870                   37758.60000
7871                   37767.60000
7872                   37776.70000
7873                   37785.70000
7874                   37794.80000
7875                   37803.80000
7876                   37812.90000
7877                   37821.90000
7878                   37831.00000
7879                   37840.00000
7880                   37849.10000
7881                   37858.20000
7882                   37867.20000
7883                   37876.30000
7884                   37885.40000
7885                   37894.40000
7886                   37903.50000
7887                   37912.60000
7888                   37921.60000
7889                   37930.70000
7890                   37939.80000
7891                   37948.80000
7892                   37957.90000
7893                   37967.00000
7894                   37976.10000
7895                   37985.20000
7896                   37994.20000
7897                   38003.30000
7898                   38012.40000
7899                   38021.50000
7900                   38030.60000
7901                   38039.70000
7902                   38048.70000
7903                   38057.80000
7904                   38066.90000
7905                   38076.00000
7906                   38085.10000
7907                   38094.20000
7908                   38103.30000
7909                   38112.40000
7910                   38121.50000
7911                   38130.60000
7912                   38139.70000
7913                   38148.80000
7914                   38157.90000
7915                   38167.00000
7916                   38176.10000
7917                   38185.20000
7918                   38194.30000
7919                   38203.40000
7920                   38212.50000
7921                   38221.60000
7922                   38230.70000
7923                   38239.90000
7924                   38249.00000
7925                   38258.10000
7926                   38267.20000
7927                   38276.30000
7928                   38285.40000
7929                   38294.60000
7930                   38303.70000
7931                   38312.80000
7932                   38321.90000
7933                   38331.10000
7934                   38340.20000
7935                   38349.30000
7936                   38358.40000
7937                   38367.60000
7938                   38376.70000
7939                   38385.80000
7940                   38395.00000
7941                   38404.10000
7942                   38413.20000
7943                   38422.40000
7944                   38431.50000
7945                   38440.70000
7946                   38449.80000
7947                   38458.90000
7948                   38468.10000
7949                   38477.20000
7950                   38486.40000
7951                   38495.50000
7952                   38504.70000
7953                   38513.80000
7954                   38523.00000
7955                   38532.10000
7956                   38541.30000
7957                   38550.40000
7958                   38559.60000
7959                   38568.80000
7960                   38577.90000
7961                   38587.10000
7962                   38596.20000
7963                   38605.40000
7964                   38614.60000
7965                   38623.70000
7966                   38632.90000
7967                   38642.10000
7968                   38651.20000
7969                   38660.40000
7970                   38669.60000
7971                   38678.70000
7972                   38687.90000
7973                   38697.10000
7974                   38706.30000
7975                   38715.40000
7976                   38724.60000
7977                   38733.80000
7978                   38743.00000
7979                   38752.20000
7980                   38761.40000
7981                   38770.50000
7982                   38779.70000
7983                   38788.90000
7984                   38798.10000
7985                   38807.30000
7986                   38816.50000
7987                   38825.70000
7988                   38834.90000
7989                   38844.10000
7990                   38853.30000
7991                   38862.50000
7992                   38871.70000
7993                   38880.90000
7994                   38890.10000
7995                   38899.30000
7996                   38908.50000
7997                   38917.70000
7998                   38926.90000
7999                   38936.10000
8000                   38945.30000
8001                   38954.50000
8002                   38963.70000
8003                   38972.90000
8004                   38982.10000
8005                   38991.40000
8006                   39000.60000
8007                   39009.80000
8008                   39019.00000
8009                   39028.20000
8010                   39037.40000
8011                   39046.70000
8012                   39055.90000
8013                   39065.10000
8014                   39074.30000
8015                   39083.60000
8016                   39092.80000
8017                   39102.00000
8018                   39111.30000
8019                   39120.50000
8020                   39129.70000
8021                   39139.00000
8022                   39148.20000
8023                   39157.40000
8024                   39166.70000
8025                   39175.90000
8026                   39185.20000
8027                   39194.40000
8028                   39203.60000
8029                   39212.90000
8030                   39222.10000
8031                   39231.40000
8032                   39240.60000
8033                   39249.90000
8034                   39259.10000
8035                   39268.40000
8036                   39277.60000
8037                   39286.90000
8038                   39296.20000
8039                   39305.40000
8040                   39314.70000
8041                   39323.90000
8042                   39333.20000
8043                   39342.50000
8044                   39351.70000
8045                   39361.00000
8046                   39370.20000
8047                   39379.50000
8048                   39388.80000
8049                   39398.10000
8050                   39407.30000
8051                   39416.60000
8052                   39425.90000
8053                   39435.20000
8054                   39444.40000
8055                   39453.70000
8056                   39463.00000
8057                   39472.30000
8058                   39481.50000
8059                   39490.80000
8060                   39500.10000
8061                   39509.40000
8062                   39518.70000
8063                   39528.00000
8064                   39537.30000
8065                   39546.50000
8066                   39555.80000
8067                   39565.10000
8068                   39574.40000
8069                   39583.70000
8070                   39593.00000
8071                   39602.30000
8072                   39611.60000
8073                   39620.90000
8074                   39630.20000
8075                   39639.50000
8076                   39648.80000
8077                   39658.10000
8078                   39667.40000
8079                   39676.70000
8080                   39686.10000
8081                   39695.40000
8082                   39704.70000
8083                   39714.00000
8084                   39723.30000
8085                   39732.60000
8086                   39741.90000
8087                   39751.20000
8088                   39760.60000
8089                   39769.90000
8090                   39779.20000
8091                   39788.50000
8092                   39797.90000
8093                   39807.20000
8094                   39816.50000
8095                   39825.80000
8096                   39835.20000
8097                   39844.50000
8098                   39853.80000
8099                   39863.20000
8100                   39872.50000
8101                   39881.80000
8102                   39891.20000
8103                   39900.50000
8104                   39909.80000
8105                   39919.20000
8106                   39928.50000
8107                   39937.90000
8108                   39947.20000
8109                   39956.60000
8110                   39965.90000
8111                   39975.30000
8112                   39984.60000
8113                   39994.00000
8114                   40003.30000
8115                   40012.70000
8116                   40022.00000
8117                   40031.40000
8118                   40040.70000
8119                   40050.10000
8120                   40059.40000
8121                   40068.80000
8122                   40078.20000
8123                   40087.50000
8124                   40096.90000
8125                   40106.30000
8126                   40115.60000
8127                   40125.00000
8128                   40134.40000
8129                   40143.70000
8130                   40153.10000
8131                   40162.50000
8132                   40171.90000
8133                   40181.20000
8134                   40190.60000
8135                   40200.00000
8136                   40209.40000
8137                   40218.70000
8138                   40228.10000
8139                   40237.50000
8140                   40246.90000
8141                   40256.30000
8142                   40265.70000
8143                   40275.10000
8144                   40284.40000
8145                   40293.80000
8146                   40303.20000
8147                   40312.60000
8148                   40322.00000
8149                   40331.40000
8150                   40340.80000
8151                   40350.20000
8152                   40359.60000
8153                   40369.00000
8154                   40378.40000
8155                   40387.80000
8156                   40397.20000
8157                   40406.60000
8158                   40416.00000
8159                   40425.40000
8160                   40434.80000
8161                   40444.30000
8162                   40453.70000
8163                   40463.10000
8164                   40472.50000
8165                   40481.90000
8166                   40491.30000
8167                   40500.80000
8168                   40510.20000
8169                   40519.60000
8170                   40529.00000
8171                   40538.40000
8172                   40547.90000
8173                   40557.30000
8174                   40566.70000
8175                   40576.10000
8176                   40585.60000
8177                   40595.00000
8178                   40604.40000
8179                   40613.90000
8180                   40623.30000
8181                   40632.70000
8182                   40642.20000
8183                   40651.60000
8184                   40661.10000
8185                   40670.50000
8186                   40679.90000
8187                   40689.40000
8188                   40698.80000
8189                   40708.30000
8190                   40717.70000
8191                   40727.20000
8192                   40736.60000
8193                   40746.10000
8194                   40755.50000
8195                   40765.00000
8196                   40774.40000
8197                   40783.90000
8198                   40793.40000
8199                   40802.80000
8200                   40812.30000
8201                   40821.70000
8202                   40831.20000
8203                   40840.70000
8204                   40850.10000
8205                   40859.60000
8206                   40869.10000
8207                   40878.50000
8208                   40888.00000
8209                   40897.50000
8210                   40907.00000
8211                   40916.40000
8212                   40925.90000
8213                   40935.40000
8214                   40944.90000
8215                   40954.30000
8216                   40963.80000
8217                   40973.30000
8218                   40982.80000
8219                   40992.30000
8220                   41001.80000
8221                   41011.20000
8222                   41020.70000
8223                   41030.20000
8224                   41039.70000
8225                   41049.20000
8226                   41058.70000
8227                   41068.20000
8228                   41077.70000
8229                   41087.20000
8230                   41096.70000
8231                   41106.20000
8232                   41115.70000
8233                   41125.20000
8234                   41134.70000
8235                   41144.20000
8236                   41153.70000
8237                   41163.20000
8238                   41172.70000
8239                   41182.20000
8240                   41191.70000
8241                   41201.30000
8242                   41210.80000
8243                   41220.30000
8244                   41229.80000
8245                   41239.30000
8246                   41248.80000
8247                   41258.40000
8248                   41267.90000
8249                   41277.40000
8250                   41286.90000
8251                   41296.50000
8252                   41306.00000
8253                   41315.50000
8254                   41325.00000
8255                   41334.60000
8256                   41344.10000
8257                   41353.60000
8258                   41363.20000
8259                   41372.70000
8260                   41382.20000
8261                   41391.80000
8262                   41401.30000
8263                   41410.90000
8264                   41420.40000
8265                   41429.90000
8266                   41439.50000
8267                   41449.00000
8268                   41458.60000
8269                   41468.10000
8270                   41477.70000
8271                   41487.20000
8272                   41496.80000
8273                   41506.30000
8274                   41515.90000
8275                   41525.40000
8276                   41535.00000
8277                   41544.60000
8278                   41554.10000
8279                   41563.70000
8280                   41573.20000
8281                   41582.80000
8282                   41592.40000
8283                   41601.90000
8284                   41611.50000
8285                   41621.10000
8286                   41630.70000
8287                   41640.20000
8288                   41649.80000
8289                   41659.40000
8290                   41668.90000
8291                   41678.50000
8292                   41688.10000
8293                   41697.70000
8294                   41707.30000
8295                   41716.80000
8296                   41726.40000
8297                   41736.00000
8298                   41745.60000
8299                   41755.20000
8300                   41764.80000
8301                   41774.40000
8302                   41783.90000
8303                   41793.50000
8304                   41803.10000
8305                   41812.70000
8306                   41822.30000
8307                   41831.90000
8308                   41841.50000
8309                   41851.10000
8310                   41860.70000
8311                   41870.30000
8312                   41879.90000
8313                   41889.50000
8314                   41899.10000
8315                   41908.70000
8316                   41918.40000
8317                   41928.00000
8318                   41937.60000
8319                   41947.20000
8320                   41956.80000
8321                   41966.40000
8322                   41976.00000
8323                   41985.60000
8324                   41995.30000
8325                   42004.90000
8326                   42014.50000
8327                   42024.10000
8328                   42033.80000
8329                   42043.40000
8330                   42053.00000
8331                   42062.60000
8332                   42072.30000
8333                   42081.90000
8334                   42091.50000
8335                   42101.20000
8336                   42110.80000
8337                   42120.40000
8338                   42130.10000
8339                   42139.70000
8340                   42149.30000
8341                   42159.00000
8342                   42168.60000
8343                   42178.30000
8344                   42187.90000
8345                   42197.60000
8346                   42207.20000
8347                   42216.90000
8348                   42226.50000
8349                   42236.20000
8350                   42245.80000
8351                   42255.50000
8352                   42265.10000
8353                   42274.80000
8354                   42284.40000
8355                   42294.10000
8356                   42303.80000
8357                   42313.40000
8358                   42323.10000
8359                   42332.70000
8360                   42342.40000
8361                   42352.10000
8362                   42361.70000
8363                   42371.40000
8364                   42381.10000
8365                   42390.70000
8366                   42400.40000
8367                   42410.10000
8368                   42419.80000
8369                   42429.40000
8370                   42439.10000
8371                   42448.80000
8372                   42458.50000
8373                   42468.20000
8374                   42477.90000
8375                   42487.50000
8376                   42497.20000
8377                   42506.90000
8378                   42516.60000
8379                   42526.30000
8380                   42536.00000
8381                   42545.70000
8382                   42555.40000
8383                   42565.10000
8384                   42574.80000
8385                   42584.50000
8386                   42594.20000
8387                   42603.90000
8388                   42613.60000
8389                   42623.30000
8390                   42633.00000
8391                   42642.70000
8392                   42652.40000
8393                   42662.10000
8394                   42671.80000
8395                   42681.50000
8396                   42691.20000
8397                   42700.90000
8398                   42710.60000
8399                   42720.40000
8400                   42730.10000
8401                   42739.80000
8402                   42749.50000
8403                   42759.20000
8404                   42769.00000
8405                   42778.70000
8406                   42788.40000
8407                   42798.10000
8408                   42807.90000
8409                   42817.60000
8410                   42827.30000
8411                   42837.00000
8412                   42846.80000
8413                   42856.50000
8414                   42866.20000
8415                   42876.00000
8416                   42885.70000
8417                   42895.50000
8418                   42905.20000
8419                   42914.90000
8420                   42924.70000
8421                   42934.40000
8422                   42944.20000
8423                   42953.90000
8424                   42963.70000
8425                   42973.40000
8426                   42983.20000
8427                   42992.90000
8428                   43002.70000
8429                   43012.40000
8430                   43022.20000
8431                   43031.90000
8432                   43041.70000
8433                   43051.50000
8434                   43061.20000
8435                   43071.00000
8436                   43080.70000
8437                   43090.50000
8438                   43100.30000
8439                   43110.00000
8440                   43119.80000
8441                   43129.60000
8442                   43139.40000
8443                   43149.10000
8444                   43158.90000
8445                   43168.70000
8446                   43178.50000
8447                   43188.20000
8448                   43198.00000
8449                   43207.80000
8450                   43217.60000
8451                   43227.40000
8452                   43237.10000
8453                   43246.90000
8454                   43256.70000
8455                   43266.50000
8456                   43276.30000
8457                   43286.10000
8458                   43295.90000
8459                   43305.70000
8460                   43315.50000
8461                   43325.30000
8462                   43335.10000
8463                   43344.90000
8464                   43354.70000
8465                   43364.50000
8466                   43374.30000
8467                   43384.10000
8468                   43393.90000
8469                   43403.70000
8470                   43413.50000
8471                   43423.30000
8472                   43433.10000
8473                   43442.90000
8474                   43452.70000
8475                   43462.50000
8476                   43472.40000
8477                   43482.20000
8478                   43492.00000
8479                   43501.80000
8480                   43511.60000
8481                   43521.50000
8482                   43531.30000
8483                   43541.10000
8484                   43550.90000
8485                   43560.80000
8486                   43570.60000
8487                   43580.40000
8488                   43590.20000
8489                   43600.10000
8490                   43609.90000
8491                   43619.70000
8492                   43629.60000
8493                   43639.40000
8494                   43649.30000
8495                   43659.10000
8496                   43668.90000
8497                   43678.80000
8498                   43688.60000
8499                   43698.50000
8500                   43708.30000
8501                   43718.20000
8502                   43728.00000
8503                   43737.90000
8504                   43747.70000
8505                   43757.60000
8506                   43767.40000
8507                   43777.30000
8508                   43787.10000
8509                   43797.00000
8510                   43806.90000
8511                   43816.70000
8512                   43826.60000
8513                   43836.50000
8514                   43846.30000
8515                   43856.20000
8516                   43866.10000
8517                   43875.90000
8518                   43885.80000
8519                   43895.70000
8520                   43905.50000
8521                   43915.40000
8522                   43925.30000
8523                   43935.20000
8524                   43945.00000
8525                   43954.90000
8526                   43964.80000
8527                   43974.70000
8528                   43984.60000
8529                   43994.50000
8530                   44004.30000
8531                   44014.20000
8532                   44024.10000
8533                   44034.00000
8534                   44043.90000
8535                   44053.80000
8536                   44063.70000
8537                   44073.60000
8538                   44083.50000
8539                   44093.40000
8540                   44103.30000
8541                   44113.20000
8542                   44123.10000
8543                   44133.00000
8544                   44142.90000
8545                   44152.80000
8546                   44162.70000
8547                   44172.60000
8548                   44182.50000
8549                   44192.40000
8550                   44202.30000
8551                   44212.30000
8552                   44222.20000
8553                   44232.10000
8554                   44242.00000
8555                   44251.90000
8556                   44261.80000
8557                   44271.80000
8558                   44281.70000
8559                   44291.60000
8560                   44301.50000
8561                   44311.50000
8562                   44321.40000
8563                   44331.30000
8564                   44341.30000
8565                   44351.20000
8566                   44361.10000
8567                   44371.10000
8568                   44381.00000
8569                   44390.90000
8570                   44400.90000
8571                   44410.80000
8572                   44420.80000
8573                   44430.70000
8574                   44440.60000
8575                   44450.60000
8576                   44460.50000
8577                   44470.50000
8578                   44480.40000
8579                   44490.40000
8580                   44500.30000
8581                   44510.30000
8582                   44520.20000
8583                   44530.20000
8584                   44540.20000
8585                   44550.10000
8586                   44560.10000
8587                   44570.00000
8588                   44580.00000
8589                   44590.00000
8590                   44599.90000
8591                   44609.90000
8592                   44619.90000
8593                   44629.80000
8594                   44639.80000
8595                   44649.80000
8596                   44659.70000
8597                   44669.70000
8598                   44679.70000
8599                   44689.70000
8600                   44699.70000
8601                   44709.60000
8602                   44719.60000
8603                   44729.60000
8604                   44739.60000
8605                   44749.60000
8606                   44759.50000
8607                   44769.50000
8608                   44779.50000
8609                   44789.50000
8610                   44799.50000
8611                   44809.50000
8612                   44819.50000
8613                   44829.50000
8614                   44839.50000
8615                   44849.50000
8616                   44859.50000
8617                   44869.50000
8618                   44879.50000
8619                   44889.50000
8620                   44899.50000
8621                   44909.50000
8622                   44919.50000
8623                   44929.50000
8624                   44939.50000
8625                   44949.50000
8626                   44959.60000
8627                   44969.60000
8628                   44979.60000
8629                   44989.60000
8630                   44999.60000
8631                   45009.60000
8632                   45019.70000
8633                   45029.70000
8634                   45039.70000
8635                   45049.70000
8636                   45059.80000
8637                   45069.80000
8638                   45079.80000
8639                   45089.80000
8640                   45099.90000
8641                   45109.90000
8642                   45119.90000
8643                   45130.00000
8644                   45140.00000
8645                   45150.10000
8646                   45160.10000
8647                   45170.10000
8648                   45180.20000
8649                   45190.20000
8650                   45200.30000
8651                   45210.30000
8652                   45220.40000
8653                   45230.40000
8654                   45240.50000
8655                   45250.50000
8656                   45260.60000
8657                   45270.60000
8658                   45280.70000
8659                   45290.70000
8660                   45300.80000
8661                   45310.80000
8662                   45320.90000
8663                   45331.00000
8664                   45341.00000
8665                   45351.10000
8666                   45361.20000
8667                   45371.20000
8668                   45381.30000
8669                   45391.40000
8670                   45401.40000
8671                   45411.50000
8672                   45421.60000
8673                   45431.70000
8674                   45441.70000
8675                   45451.80000
8676                   45461.90000
8677                   45472.00000
8678                   45482.10000
8679                   45492.10000
8680                   45502.20000
8681                   45512.30000
8682                   45522.40000
8683                   45532.50000
8684                   45542.60000
8685                   45552.70000
8686                   45562.80000
8687                   45572.90000
8688                   45582.90000
8689                   45593.00000
8690                   45603.10000
8691                   45613.20000
8692                   45623.30000
8693                   45633.40000
8694                   45643.50000
8695                   45653.70000
8696                   45663.80000
8697                   45673.90000
8698                   45684.00000
8699                   45694.10000
8700                   45704.20000
8701                   45714.30000
8702                   45724.40000
8703                   45734.50000
8704                   45744.70000
8705                   45754.80000
8706                   45764.90000
8707                   45775.00000
8708                   45785.10000
8709                   45795.30000
8710                   45805.40000
8711                   45815.50000
8712                   45825.60000
8713                   45835.80000
8714                   45845.90000
8715                   45856.00000
8716                   45866.20000
8717                   45876.30000
8718                   45886.40000
8719                   45896.60000
8720                   45906.70000
8721                   45916.80000
8722                   45927.00000
8723                   45937.10000
8724                   45947.30000
8725                   45957.40000
8726                   45967.60000
8727                   45977.70000
8728                   45987.90000
8729                   45998.00000
8730                   46008.20000
8731                   46018.30000
8732                   46028.50000
8733                   46038.60000
8734                   46048.80000
8735                   46058.90000
8736                   46069.10000
8737                   46079.30000
8738                   46089.40000
8739                   46099.60000
8740                   46109.70000
8741                   46119.90000
8742                   46130.10000
8743                   46140.20000
8744                   46150.40000
8745                   46160.60000
8746                   46170.80000
8747                   46180.90000
8748                   46191.10000
8749                   46201.30000
8750                   46211.50000
8751                   46221.60000
8752                   46231.80000
8753                   46242.00000
8754                   46252.20000
8755                   46262.40000
8756                   46272.60000
8757                   46282.80000
8758                   46292.90000
8759                   46303.10000
8760                   46313.30000
8761                   46323.50000
8762                   46333.70000
8763                   46343.90000
8764                   46354.10000
8765                   46364.30000
8766                   46374.50000
8767                   46384.70000
8768                   46394.90000
8769                   46405.10000
8770                   46415.30000
8771                   46425.50000
8772                   46435.70000
8773                   46445.90000
8774                   46456.20000
8775                   46466.40000
8776                   46476.60000
8777                   46486.80000
8778                   46497.00000
8779                   46507.20000
8780                   46517.40000
8781                   46527.70000
8782                   46537.90000
8783                   46548.10000
8784                   46558.30000
8785                   46568.60000
8786                   46578.80000
8787                   46589.00000
8788                   46599.20000
8789                   46609.50000
8790                   46619.70000
8791                   46629.90000
8792                   46640.20000
8793                   46650.40000
8794                   46660.60000
8795                   46670.90000
8796                   46681.10000
8797                   46691.40000
8798                   46701.60000
8799                   46711.90000
8800                   46722.10000
8801                   46732.30000
8802                   46742.60000
8803                   46752.80000
8804                   46763.10000
8805                   46773.30000
8806                   46783.60000
8807                   46793.90000
8808                   46804.10000
8809                   46814.40000
8810                   46824.60000
8811                   46834.90000
8812                   46845.20000
8813                   46855.40000
8814                   46865.70000
8815                   46875.90000
8816                   46886.20000
8817                   46896.50000
8818                   46906.80000
8819                   46917.00000
8820                   46927.30000
8821                   46937.60000
8822                   46947.80000
8823                   46958.10000
8824                   46968.40000
8825                   46978.70000
8826                   46989.00000
8827                   46999.20000
8828                   47009.50000
8829                   47019.80000
8830                   47030.10000
8831                   47040.40000
8832                   47050.70000
8833                   47061.00000
8834                   47071.30000
8835                   47081.60000
8836                   47091.80000
8837                   47102.10000
8838                   47112.40000
8839                   47122.70000
8840                   47133.00000
8841                   47143.30000
8842                   47153.60000
8843                   47163.90000
8844                   47174.30000
8845                   47184.60000
8846                   47194.90000
8847                   47205.20000
8848                   47215.50000
8849                   47225.80000
8850                   47236.10000
8851                   47246.40000
8852                   47256.70000
8853                   47267.10000
8854                   47277.40000
8855                   47287.70000
8856                   47298.00000
8857                   47308.30000
8858                   47318.70000
8859                   47329.00000
8860                   47339.30000
8861                   47349.60000
8862                   47360.00000
8863                   47370.30000
8864                   47380.60000
8865                   47391.00000
8866                   47401.30000
8867                   47411.60000
8868                   47422.00000
8869                   47432.30000
8870                   47442.70000
8871                   47453.00000
8872                   47463.40000
8873                   47473.70000
8874                   47484.00000
8875                   47494.40000
8876                   47504.70000
8877                   47515.10000
8878                   47525.40000
8879                   47535.80000
8880                   47546.10000
8881                   47556.50000
8882                   47566.90000
8883                   47577.20000
8884                   47587.60000
8885                   47597.90000
8886                   47608.30000
8887                   47618.70000
8888                   47629.00000
8889                   47639.40000
8890                   47649.80000
8891                   47660.10000
8892                   47670.50000
8893                   47680.90000
8894                   47691.20000
8895                   47701.60000
8896                   47712.00000
8897                   47722.40000
8898                   47732.80000
8899                   47743.10000
8900                   47753.50000
8901                   47763.90000
8902                   47774.30000
8903                   47784.70000
8904                   47795.10000
8905                   47805.40000
8906                   47815.80000
8907                   47826.20000
8908                   47836.60000
8909                   47847.00000
8910                   47857.40000
8911                   47867.80000
8912                   47878.20000
8913                   47888.60000
8914                   47899.00000
8915                   47909.40000
8916                   47919.80000
8917                   47930.20000
8918                   47940.60000
8919                   47951.00000
8920                   47961.40000
8921                   47971.80000
8922                   47982.30000
8923                   47992.70000
8924                   48003.10000
8925                   48013.50000
8926                   48023.90000
8927                   48034.30000
8928                   48044.80000
8929                   48055.20000
8930                   48065.60000
8931                   48076.00000
8932                   48086.50000
8933                   48096.90000
8934                   48107.30000
8935                   48117.70000
8936                   48128.20000
8937                   48138.60000
8938                   48149.00000
8939                   48159.50000
8940                   48169.90000
8941                   48180.30000
8942                   48190.80000
8943                   48201.20000
8944                   48211.70000
8945                   48222.10000
8946                   48232.60000
8947                   48243.00000
8948                   48253.40000
8949                   48263.90000
8950                   48274.30000
8951                   48284.80000
8952                   48295.20000
8953                   48305.70000
8954                   48316.20000
8955                   48326.60000
8956                   48337.10000
8957                   48347.50000
8958                   48358.00000
8959                   48368.50000
8960                   48378.90000
8961                   48389.40000
8962                   48399.90000
8963                   48410.30000
8964                   48420.80000
8965                   48431.30000
8966                   48441.70000
8967                   48452.20000
8968                   48462.70000
8969                   48473.20000
8970                   48483.60000
8971                   48494.10000
8972                   48504.60000
8973                   48515.10000
8974                   48525.60000
8975                   48536.00000
8976                   48546.50000
8977                   48557.00000
8978                   48567.50000
8979                   48578.00000
8980                   48588.50000
8981                   48599.00000
8982                   48609.50000
8983                   48620.00000
8984                   48630.50000
8985                   48641.00000
8986                   48651.50000
8987                   48662.00000
8988                   48672.50000
8989                   48683.00000
8990                   48693.50000
8991                   48704.00000
8992                   48714.50000
8993                   48725.00000
8994                   48735.50000
8995                   48746.00000
8996                   48756.50000
8997                   48767.10000
8998                   48777.60000
8999                   48788.10000
9000                   48798.60000